ISO-10303-21;
HEADER;
FILE_DESCRIPTION(('CATIA V5 STEP Exchange'),'2;1');

FILE_NAME('E:\\office\\CatiaProject\\_tmp_branch\\assy_full.stp','2026-09-23T03:51:51+00:00',('none'),('none'),'CATIA Version 5 Release 20 GA (IN-10)','CATIA V5 STEP AP203','none');

FILE_SCHEMA(('CONFIG_CONTROL_DESIGN'));

ENDSEC;
/* file written by CATIA V5R20 */
DATA;
#5=PRODUCT('cable example','','',(#2)) ;
#56=PRODUCT('Clips ASSY-project cable example','','',(#2)) ;
#64=PRODUCT('clipA','','',(#2)) ;
#325=PRODUCT('Connectors ASSY-project cable example','','',(#2)) ;
#333=PRODUCT('conn1_female','','',(#2)) ;
#508=PRODUCT('conn1_male','','',(#2)) ;
#838=PRODUCT('Grommets ASSY-project cable example','','',(#2)) ;
#859=PRODUCT('Eyelets ASSY-project cable example','','',(#2)) ;
#880=PRODUCT('Harness ASSY-project cable example','','',(#2)) ;
#888=PRODUCT('\X2\51E04F55675F\X0\1','','',(#2)) ;
#896=PRODUCT('\X2\591A5206652F\X0\1','','',(#2)) ;
#1=APPLICATION_CONTEXT('configuration controlled 3D design of mechanical parts and assemblies') ;
#17=PRODUCT_DEFINITION('',' ',#6,#3) ;
#58=PRODUCT_DEFINITION('',' ',#57,#3) ;
#327=PRODUCT_DEFINITION('',' ',#326,#3) ;
#840=PRODUCT_DEFINITION('',' ',#839,#3) ;
#861=PRODUCT_DEFINITION('',' ',#860,#3) ;
#882=PRODUCT_DEFINITION('',' ',#881,#3) ;
#890=PRODUCT_DEFINITION('',' ',#889,#3) ;
#19=SECURITY_CLASSIFICATION(' ',' ',#18) ;
#18=SECURITY_CLASSIFICATION_LEVEL('unclassified') ;
#71=CARTESIAN_POINT('Axis2P3D Location',(0.,0.,-1.5)) ;
#76=CARTESIAN_POINT('Line Origine',(1.67798938511,-3.07153896662,-4.)) ;
#80=CARTESIAN_POINT('Vertex',(1.67798938511,-3.07153896662,-8.)) ;
#82=CARTESIAN_POINT('Vertex',(1.67798938511,-3.07153896662,0.)) ;
#85=CARTESIAN_POINT('Axis2P3D Location',(0.,0.,0.)) ;
#89=CARTESIAN_POINT('Vertex',(-1.67798938511,3.07153896662,0.)) ;
#92=CARTESIAN_POINT('Line Origine',(-1.67798938511,3.07153896662,-4.)) ;
#96=CARTESIAN_POINT('Vertex',(-1.67798938511,3.07153896662,-8.)) ;
#99=CARTESIAN_POINT('Axis2P3D Location',(0.,0.,-8.)) ;
#111=CARTESIAN_POINT('Axis2P3D Location',(0.,0.,0.)) ;
#116=CARTESIAN_POINT('Axis2P3D Location',(0.,0.,-8.)) ;
#128=CARTESIAN_POINT('Axis2P3D Location',(0.,0.,2.)) ;
#133=CARTESIAN_POINT('Line Origine',(2.39712769302,-4.38791280945,1.)) ;
#137=CARTESIAN_POINT('Vertex',(3.35597877023,-6.14307793323,0.)) ;
#139=CARTESIAN_POINT('Vertex',(1.43827661581,-2.63274768567,2.)) ;
#142=CARTESIAN_POINT('Axis2P3D Location',(0.,0.,2.)) ;
#146=CARTESIAN_POINT('Vertex',(-1.43827661581,2.63274768567,2.)) ;
#149=CARTESIAN_POINT('Line Origine',(-2.39712769302,4.38791280945,1.)) ;
#153=CARTESIAN_POINT('Vertex',(-3.35597877023,6.14307793323,0.)) ;
#156=CARTESIAN_POINT('Axis2P3D Location',(0.,0.,0.)) ;
#168=CARTESIAN_POINT('Axis2P3D Location',(0.,0.,2.)) ;
#173=CARTESIAN_POINT('Axis2P3D Location',(0.,0.,0.)) ;
#185=CARTESIAN_POINT('Axis2P3D Location',(0.,0.,-1.5)) ;
#190=CARTESIAN_POINT('Line Origine',(1.43827661581,-2.63274768567,3.5)) ;
#194=CARTESIAN_POINT('Vertex',(1.43827661581,-2.63274768567,5.)) ;
#197=CARTESIAN_POINT('Axis2P3D Location',(0.,0.,5.)) ;
#201=CARTESIAN_POINT('Vertex',(-1.43827661581,2.63274768567,5.)) ;
#204=CARTESIAN_POINT('Line Origine',(-1.43827661581,2.63274768567,3.5)) ;
#216=CARTESIAN_POINT('Axis2P3D Location',(0.,0.,5.)) ;
#228=CARTESIAN_POINT('Axis2P3D Location',(0.,3.5,-8.)) ;
#238=CARTESIAN_POINT('Axis2P3D Location',(0.,7.,1.7763568394E-015)) ;
#252=CARTESIAN_POINT('Axis2P3D Location',(0.,0.,5.)) ;
#272=CARTESIAN_POINT('NONE',(0.,0.,0.)) ;
#273=CARTESIAN_POINT('NONE',(0.,0.,0.)) ;
#287=CARTESIAN_POINT('NONE',(0.,0.,0.)) ;
#288=CARTESIAN_POINT('NONE',(-38.1913493187,230.45117009,60.3541733115)) ;
#302=CARTESIAN_POINT('NONE',(0.,0.,0.)) ;
#303=CARTESIAN_POINT('NONE',(-166.332305334,418.229634957,139.176682558)) ;
#315=CARTESIAN_POINT('NONE',(0.,0.,0.)) ;
#316=CARTESIAN_POINT('NONE',(0.,0.,0.)) ;
#340=CARTESIAN_POINT('Axis2P3D Location',(-20.,20.,0.)) ;
#345=CARTESIAN_POINT('Line Origine',(20.,20.,0.)) ;
#349=CARTESIAN_POINT('Vertex',(20.,20.,-10.)) ;
#351=CARTESIAN_POINT('Vertex',(20.,20.,10.)) ;
#354=CARTESIAN_POINT('Line Origine',(-7.1054273576E-015,20.,-10.)) ;
#358=CARTESIAN_POINT('Vertex',(-20.,20.,-10.)) ;
#361=CARTESIAN_POINT('Line Origine',(-20.,20.,0.)) ;
#365=CARTESIAN_POINT('Vertex',(-20.,20.,10.)) ;
#368=CARTESIAN_POINT('Line Origine',(-7.1054273576E-015,20.,10.)) ;
#380=CARTESIAN_POINT('Axis2P3D Location',(-20.,-20.,0.)) ;
#385=CARTESIAN_POINT('Line Origine',(-20.,0.,-10.)) ;
#389=CARTESIAN_POINT('Vertex',(-20.,-20.,-10.)) ;
#392=CARTESIAN_POINT('Line Origine',(-20.,-20.,0.)) ;
#396=CARTESIAN_POINT('Vertex',(-20.,-20.,10.)) ;
#399=CARTESIAN_POINT('Line Origine',(-20.,0.,10.)) ;
#411=CARTESIAN_POINT('Axis2P3D Location',(20.,-20.,0.)) ;
#416=CARTESIAN_POINT('Line Origine',(0.,-20.,-10.)) ;
#420=CARTESIAN_POINT('Vertex',(20.,-20.,-10.)) ;
#423=CARTESIAN_POINT('Line Origine',(20.,-20.,0.)) ;
#427=CARTESIAN_POINT('Vertex',(20.,-20.,10.)) ;
#430=CARTESIAN_POINT('Line Origine',(0.,-20.,10.)) ;
#442=CARTESIAN_POINT('Axis2P3D Location',(20.,20.,0.)) ;
#447=CARTESIAN_POINT('Line Origine',(20.,7.1054273576E-015,-10.)) ;
#452=CARTESIAN_POINT('Line Origine',(20.,7.1054273576E-015,10.)) ;
#464=CARTESIAN_POINT('Axis2P3D Location',(0.,0.,-10.)) ;
#476=CARTESIAN_POINT('Axis2P3D Location',(0.,0.,10.)) ;
#498=CARTESIAN_POINT('NONE',(0.,0.,0.)) ;
#499=CARTESIAN_POINT('NONE',(6.69299705575,-191.086489998,0.)) ;
#515=CARTESIAN_POINT('Axis2P3D Location',(0.,-16.,0.)) ;
#520=CARTESIAN_POINT('Line Origine',(20.,-16.,0.)) ;
#524=CARTESIAN_POINT('Vertex',(20.,-16.,-10.)) ;
#526=CARTESIAN_POINT('Vertex',(20.,-16.,10.)) ;
#529=CARTESIAN_POINT('Line Origine',(-7.1054273576E-015,-16.,-10.)) ;
#533=CARTESIAN_POINT('Vertex',(-20.,-16.,-10.)) ;
#536=CARTESIAN_POINT('Line Origine',(-20.,-16.,3.5527136788E-015)) ;
#540=CARTESIAN_POINT('Vertex',(-20.,-16.,10.)) ;
#543=CARTESIAN_POINT('Line Origine',(1.42108547152E-014,-16.,10.)) ;
#555=CARTESIAN_POINT('Axis2P3D Location',(-20.,0.,10.)) ;
#560=CARTESIAN_POINT('Line Origine',(-20.,2.5,-10.)) ;
#564=CARTESIAN_POINT('Vertex',(-20.,21.,-10.)) ;
#567=CARTESIAN_POINT('Line Origine',(-20.,21.,3.5527136788E-015)) ;
#571=CARTESIAN_POINT('Vertex',(-20.,21.,10.)) ;
#574=CARTESIAN_POINT('Line Origine',(-20.,2.5,10.)) ;
#586=CARTESIAN_POINT('Axis2P3D Location',(-20.,0.,-10.)) ;
#591=CARTESIAN_POINT('Line Origine',(20.,2.5,-10.)) ;
#595=CARTESIAN_POINT('Vertex',(20.,21.,-10.)) ;
#598=CARTESIAN_POINT('Line Origine',(-7.1054273576E-015,21.,-10.)) ;
#610=CARTESIAN_POINT('Axis2P3D Location',(20.,0.,-10.)) ;
#615=CARTESIAN_POINT('Line Origine',(20.,2.5,10.)) ;
#619=CARTESIAN_POINT('Vertex',(20.,21.,10.)) ;
#622=CARTESIAN_POINT('Line Origine',(20.,21.,0.)) ;
#634=CARTESIAN_POINT('Axis2P3D Location',(20.,0.,10.)) ;
#639=CARTESIAN_POINT('Line Origine',(1.42108547152E-014,21.,10.)) ;
#651=CARTESIAN_POINT('Axis2P3D Location',(0.,-21.,0.)) ;
#656=CARTESIAN_POINT('Line Origine',(0.,-21.,12.)) ;
#660=CARTESIAN_POINT('Vertex',(22.,-21.,12.)) ;
#662=CARTESIAN_POINT('Vertex',(-22.,-21.,12.)) ;
#665=CARTESIAN_POINT('Line Origine',(-22.,-21.,1.7763568394E-015)) ;
#669=CARTESIAN_POINT('Vertex',(-22.,-21.,-12.)) ;
#672=CARTESIAN_POINT('Line Origine',(0.,-21.,-12.)) ;
#676=CARTESIAN_POINT('Vertex',(22.,-21.,-12.)) ;
#679=CARTESIAN_POINT('Line Origine',(22.,-21.,-3.5527136788E-015)) ;
#691=CARTESIAN_POINT('Axis2P3D Location',(22.,0.,-12.)) ;
#696=CARTESIAN_POINT('Line Origine',(22.,21.,-5.3290705182E-015)) ;
#700=CARTESIAN_POINT('Vertex',(22.,21.,12.)) ;
#702=CARTESIAN_POINT('Vertex',(22.,21.,-12.)) ;
#705=CARTESIAN_POINT('Line Origine',(22.,0.,12.)) ;
#710=CARTESIAN_POINT('Line Origine',(22.,0.,-12.)) ;
#722=CARTESIAN_POINT('Axis2P3D Location',(-22.,0.,-12.)) ;
#727=CARTESIAN_POINT('Line Origine',(3.5527136788E-015,21.,-12.)) ;
#731=CARTESIAN_POINT('Vertex',(-22.,21.,-12.)) ;
#734=CARTESIAN_POINT('Line Origine',(-22.,0.,-12.)) ;
#746=CARTESIAN_POINT('Axis2P3D Location',(-22.,0.,12.)) ;
#751=CARTESIAN_POINT('Line Origine',(-22.,21.,0.)) ;
#755=CARTESIAN_POINT('Vertex',(-22.,21.,12.)) ;
#758=CARTESIAN_POINT('Line Origine',(-22.,0.,12.)) ;
#770=CARTESIAN_POINT('Axis2P3D Location',(22.,0.,12.)) ;
#775=CARTESIAN_POINT('Line Origine',(0.,21.,12.)) ;
#787=CARTESIAN_POINT('Axis2P3D Location',(0.,21.,0.)) ;
#815=CARTESIAN_POINT('NONE',(0.,0.,0.)) ;
#816=CARTESIAN_POINT('NONE',(-255.734913653,685.476802317,217.080146529)) ;
#828=CARTESIAN_POINT('NONE',(0.,0.,0.)) ;
#829=CARTESIAN_POINT('NONE',(0.,0.,0.)) ;
#849=CARTESIAN_POINT('NONE',(0.,0.,0.)) ;
#850=CARTESIAN_POINT('NONE',(0.,0.,0.)) ;
#870=CARTESIAN_POINT('NONE',(0.,0.,0.)) ;
#871=CARTESIAN_POINT('NONE',(0.,0.,0.)) ;
#903=CARTESIAN_POINT('Control Point',(0.,0.,11.5)) ;
#904=CARTESIAN_POINT('Control Point',(1.6439150918E-015,-0.333333333333,11.5)) ;
#905=CARTESIAN_POINT('Control Point',(1.35397800307E-015,-0.666666666667,11.5)) ;
#906=CARTESIAN_POINT('Control Point',(6.86559745592E-015,-1.,11.5)) ;
#907=CARTESIAN_POINT('Control Point',(2.70795600614E-015,-1.33333333333,11.5)) ;
#908=CARTESIAN_POINT('Control Point',(8.21957545899E-015,-1.66666666667,11.5)) ;
#909=CARTESIAN_POINT('Control Point',(7.92963837026E-015,-2.,11.5)) ;
#910=CARTESIAN_POINT('Limit',(0.,2.22044604925E-016,11.5)) ;
#911=CARTESIAN_POINT('Limit',(7.92963837026E-015,-2.,11.5)) ;
#915=CARTESIAN_POINT('Control Point',(7.92963837026E-015,-2.,11.5)) ;
#916=CARTESIAN_POINT('Control Point',(-1.71501695309E-014,-30.8336204368,11.5)) ;
#917=CARTESIAN_POINT('Control Point',(-3.72458605692,-61.7298602109,17.5484339818)) ;
#918=CARTESIAN_POINT('Control Point',(-34.0964176395,-87.5292871018,6.84690133406)) ;
#919=CARTESIAN_POINT('Control Point',(3.78994220629,-110.258665762,-9.70051624777)) ;
#920=CARTESIAN_POINT('Control Point',(5.07137971981,-142.2798015,7.82354484521E-015)) ;
#921=CARTESIAN_POINT('Control Point',(6.02885734158,-171.097520079,-2.27373675443E-013)) ;
#922=CARTESIAN_POINT('Limit',(7.92963837026E-015,-2.,11.5)) ;
#923=CARTESIAN_POINT('Limit',(6.02885734158,-171.097520079,-2.30926389122E-013)) ;
#930=CARTESIAN_POINT('\X2\70B9\X0\.2',(0.,0.,11.5)) ;
#931=CARTESIAN_POINT('\X2\987976EE\X0\.2',(0.,-2.,11.5)) ;
#932=CARTESIAN_POINT('\X2\70B9\X0\.6',(-38.0927678501,227.484110648,71.4643866291)) ;
#933=CARTESIAN_POINT('\X2\987976EE\X0\.4',(-38.0950176766,225.551824885,70.9483762913)) ;
#934=CARTESIAN_POINT('\X2\70B9\X0\.9',(0.,2.,11.5)) ;
#935=CARTESIAN_POINT('\X2\987976EE\X0\.6',(0.,-2.,11.5)) ;
#936=CARTESIAN_POINT('\X2\70B9\X0\.11',(-166.536674771,415.285985266,150.291679617)) ;
#937=CARTESIAN_POINT('\X2\987976EE\X0\.8',(-166.342255039,413.360911727,149.785425891)) ;
#938=CARTESIAN_POINT('\X2\70B9\X0\.14',(-38.0905180236,229.416396411,71.9803969668)) ;
#939=CARTESIAN_POINT('\X2\987976EE\X0\.10',(-38.0950176766,225.551824885,70.9483762913)) ;
#940=CARTESIAN_POINT('\X2\70B9\X0\.16',(-166.731094503,417.211058806,150.797933343)) ;
#941=CARTESIAN_POINT('\X2\987976EE\X0\.12',(-166.342255039,413.360911727,149.785425891)) ;
#943=CARTESIAN_POINT('Control Point',(-38.0927678501,227.484110648,71.4643866291)) ;
#944=CARTESIAN_POINT('Control Point',(-38.093140676,227.162050567,71.3784825436)) ;
#945=CARTESIAN_POINT('Control Point',(-38.0935276674,226.84007272,71.2919337273)) ;
#946=CARTESIAN_POINT('Control Point',(-38.093875566,226.517867934,71.2071641774)) ;
#947=CARTESIAN_POINT('Control Point',(-38.0942806769,226.195995271,71.1197906776)) ;
#948=CARTESIAN_POINT('Control Point',(-38.1377025883,187.320887427,60.8244218395)) ;
#949=CARTESIAN_POINT('Control Point',(-38.40344101,149.736351981,40.4105660633)) ;
#950=CARTESIAN_POINT('Control Point',(-17.6862543006,118.168851675,10.1282000899)) ;
#951=CARTESIAN_POINT('Control Point',(-4.8006401937,81.1112136015,9.02478850906)) ;
#952=CARTESIAN_POINT('Control Point',(-2.1158550912E-006,41.8931185845,11.4999036992)) ;
#953=CARTESIAN_POINT('Control Point',(-5.87648874532E-009,2.00000003411,11.4999997325)) ;
#954=CARTESIAN_POINT('Limit',(-38.0927678501,227.484110648,71.4643866291)) ;
#955=CARTESIAN_POINT('Limit',(-5.87648329997E-009,2.00000003411,11.4999997325)) ;
#959=CARTESIAN_POINT('Control Point',(-5.87648874532E-009,2.00000003411,11.4999997325)) ;
#960=CARTESIAN_POINT('Control Point',(2.9384049529E-008,1.33333316276,11.5000013374)) ;
#961=CARTESIAN_POINT('Control Point',(-5.87680678038E-008,0.666667007819,11.4999973253)) ;
#962=CARTESIAN_POINT('Control Point',(5.87680834309E-008,-3.41152521857E-007,11.5000026747)) ;
#963=CARTESIAN_POINT('Control Point',(-2.93840339019E-008,-0.66666649609,11.4999986626)) ;
#964=CARTESIAN_POINT('Control Point',(5.8768099058E-009,-1.33333336745,11.5000002675)) ;
#965=CARTESIAN_POINT('Control Point',(0.,-2.,11.5)) ;
#966=CARTESIAN_POINT('Limit',(-5.87648329997E-009,2.00000003411,11.4999997325)) ;
#967=CARTESIAN_POINT('Limit',(1.15184900298E-022,-2.,11.5)) ;
#972=CARTESIAN_POINT('Control Point',(-166.536674771,415.285985266,150.291679617)) ;
#973=CARTESIAN_POINT('Control Point',(-166.504271483,414.965139676,150.207303996)) ;
#974=CARTESIAN_POINT('Control Point',(-166.471868194,414.644294086,150.122928375)) ;
#975=CARTESIAN_POINT('Control Point',(-166.439464905,414.323448496,150.038552754)) ;
#976=CARTESIAN_POINT('Control Point',(-166.407061617,414.002602907,149.954177133)) ;
#977=CARTESIAN_POINT('Control Point',(-166.374658328,413.681757317,149.869801512)) ;
#978=CARTESIAN_POINT('Control Point',(-166.342255039,413.360911727,149.785425891)) ;
#979=CARTESIAN_POINT('Limit',(-166.536674771,415.285985266,150.291679617)) ;
#980=CARTESIAN_POINT('Limit',(-166.342255039,413.360911727,149.785425891)) ;
#984=CARTESIAN_POINT('Control Point',(-166.342255039,413.360911727,149.785425891)) ;
#985=CARTESIAN_POINT('Control Point',(-162.383320793,374.160983391,139.47667177)) ;
#986=CARTESIAN_POINT('Control Point',(-136.777727209,344.817928695,126.202181496)) ;
#987=CARTESIAN_POINT('Control Point',(-98.3287338072,321.531225769,111.075504195)) ;
#988=CARTESIAN_POINT('Control Point',(-60.8858894747,298.207610805,95.8991090761)) ;
#989=CARTESIAN_POINT('Control Point',(-38.044705209,268.763185962,82.4878232259)) ;
#990=CARTESIAN_POINT('Control Point',(-38.0905180236,229.416396411,71.9803969668)) ;
#991=CARTESIAN_POINT('Limit',(-166.342255039,413.360911727,149.785425891)) ;
#992=CARTESIAN_POINT('Limit',(-38.0905180236,229.416396411,71.9803969668)) ;
#996=CARTESIAN_POINT('Control Point',(-38.0905180236,229.416396411,71.9803969668)) ;
#997=CARTESIAN_POINT('Control Point',(-38.0912679658,228.772301156,71.8083935209)) ;
#998=CARTESIAN_POINT('Control Point',(-38.092017908,228.128205902,71.636390075)) ;
#999=CARTESIAN_POINT('Control Point',(-38.0927678501,227.484110648,71.4643866291)) ;
#1000=CARTESIAN_POINT('Control Point',(-38.0935177923,226.840015393,71.2923831832)) ;
#1001=CARTESIAN_POINT('Control Point',(-38.0942677345,226.195920139,71.1203797372)) ;
#1002=CARTESIAN_POINT('Control Point',(-38.0950176766,225.551824885,70.9483762913)) ;
#1003=CARTESIAN_POINT('Limit',(-38.0905180236,229.416396411,71.9803969668)) ;
#1004=CARTESIAN_POINT('Limit',(-38.0950176766,225.551824885,70.9483762913)) ;
#1009=CARTESIAN_POINT('Control Point',(-252.264158027,665.613050684,211.216254782)) ;
#1010=CARTESIAN_POINT('Control Point',(-244.686479084,622.244500511,198.413589167)) ;
#1011=CARTESIAN_POINT('Control Point',(-247.571717656,575.717171397,180.145057491)) ;
#1012=CARTESIAN_POINT('Control Point',(-159.550797753,553.830086894,165.072477512)) ;
#1013=CARTESIAN_POINT('Control Point',(-176.4660428,505.195617258,173.092478096)) ;
#1014=CARTESIAN_POINT('Control Point',(-171.111477669,460.705030016,162.248071352)) ;
#1015=CARTESIAN_POINT('Control Point',(-166.601627308,415.927626887,150.460267848)) ;
#1016=CARTESIAN_POINT('Control Point',(-166.53648131,415.286050955,150.29189568)) ;
#1017=CARTESIAN_POINT('Control Point',(-166.471979175,414.644256404,150.122804429)) ;
#1018=CARTESIAN_POINT('Control Point',(-166.40703752,414.002611088,149.954204045)) ;
#1019=CARTESIAN_POINT('Control Point',(-166.342255039,413.360911727,149.785425891)) ;
#1020=CARTESIAN_POINT('Limit',(-252.264158027,665.613050684,211.216254782)) ;
#1021=CARTESIAN_POINT('Limit',(-166.342255039,413.360911727,149.785425891)) ;
#1026=CARTESIAN_POINT('Axis2P3D Location',(8.881784197E-016,-1.,11.5)) ;
#1031=CARTESIAN_POINT('Axis2P3D Location',(5.53577324876E-015,-2.,11.5)) ;
#1035=CARTESIAN_POINT('Vertex',(6.49857139555,-2.,11.6362711154)) ;
#1037=CARTESIAN_POINT('Vertex',(-6.49857139555,-2.,11.3637288846)) ;
#1040=CARTESIAN_POINT('Line Origine',(-6.49857139555,-1.,11.3637288846)) ;
#1044=CARTESIAN_POINT('Vertex',(-6.49857139555,-1.42108547146E-014,11.3637288846)) ;
#1047=CARTESIAN_POINT('Axis2P3D Location',(-3.75941640936E-015,-2.13162820728E-014,11.5)) ;
#1051=CARTESIAN_POINT('Vertex',(6.49857139555,-1.42108547158E-014,11.6362711154)) ;
#1054=CARTESIAN_POINT('Line Origine',(6.49857139555,-1.,11.6362711154)) ;
#1066=CARTESIAN_POINT('Axis2P3D Location',(3.10862446895E-015,-1.,11.5)) ;
#1071=CARTESIAN_POINT('Axis2P3D Location',(8.81901479296E-015,-2.,11.5)) ;
#1076=CARTESIAN_POINT('Axis2P3D Location',(-2.60176585506E-015,-1.42108547152E-014,11.5)) ;
#1088=CARTESIAN_POINT('Axis2P3D Location',(-4.60742555219E-015,-1.5560644477E-014,11.5)) ;
#1099=CARTESIAN_POINT('Control Point',(6.49857139555,-2.,11.6362711154)) ;
#1100=CARTESIAN_POINT('Control Point',(6.63484251091,-2.,5.1376997198)) ;
#1101=CARTESIAN_POINT('Control Point',(0.204406673037,-2.,1.75214290667)) ;
#1102=CARTESIAN_POINT('Control Point',(-6.3623002802,-2.,4.86515748909)) ;
#1103=CARTESIAN_POINT('Control Point',(-6.49857139555,-2.,11.3637288846)) ;
#1104=CARTESIAN_POINT('Control Point',(6.49857142963,-6.42166528568,11.6362711475)) ;
#1105=CARTESIAN_POINT('Control Point',(6.63484254326,-6.59408176364,5.13769975604)) ;
#1106=CARTESIAN_POINT('Control Point',(0.204406702248,-6.57903993013,1.75214294796)) ;
#1107=CARTESIAN_POINT('Control Point',(-6.36230025253,-6.39158161915,4.86515753134)) ;
#1108=CARTESIAN_POINT('Control Point',(-6.49857136614,-6.21916514087,11.3637289228)) ;
#1109=CARTESIAN_POINT('Control Point',(6.4094917996,-10.9221700852,11.7776601361)) ;
#1110=CARTESIAN_POINT('Control Point',(6.53890367139,-11.1828020949,5.28466282928)) ;
#1111=CARTESIAN_POINT('Control Point',(0.107008678431,-11.0317783523,1.90196064475)) ;
#1112=CARTESIAN_POINT('Control Point',(-6.45429821039,-10.6201225656,5.01225576479)) ;
#1113=CARTESIAN_POINT('Control Point',(-6.58371006441,-10.3594904976,11.5052530971)) ;
#1114=CARTESIAN_POINT('Control Point',(6.13829190296,-15.4608686946,11.9748592411)) ;
#1115=CARTESIAN_POINT('Control Point',(6.26023935224,-15.7489991358,5.48255513263)) ;
#1116=CARTESIAN_POINT('Control Point',(-0.163952757407,-15.4077904534,2.09248081505)) ;
#1117=CARTESIAN_POINT('Control Point',(-6.71009231578,-14.7784513277,5.19471060526)) ;
#1118=CARTESIAN_POINT('Control Point',(-6.83203976396,-14.4903208855,11.6870147135)) ;
#1119=CARTESIAN_POINT('Control Point',(5.03218774032,-26.5163174117,12.4405189982)) ;
#1120=CARTESIAN_POINT('Control Point',(5.16202169897,-26.7564575329,5.94531658229)) ;
#1121=CARTESIAN_POINT('Control Point',(-1.20750300885,-25.9031854978,2.52800535105)) ;
#1122=CARTESIAN_POINT('Control Point',(-7.70686167614,-24.8097733447,5.60589653673)) ;
#1123=CARTESIAN_POINT('Control Point',(-7.8366956364,-24.5696332252,12.1010989531)) ;
#1124=CARTESIAN_POINT('Control Point',(3.02875245372,-37.3264449884,12.5994592643)) ;
#1125=CARTESIAN_POINT('Control Point',(3.21905927865,-37.3059582095,6.09911434339)) ;
#1126=CARTESIAN_POINT('Control Point',(-3.05075344333,-35.9708475788,2.65747640183)) ;
#1127=CARTESIAN_POINT('Control Point',(-9.51087298908,-34.6562237224,5.71618337972)) ;
#1128=CARTESIAN_POINT('Control Point',(-9.70117981165,-34.676710499,12.2165283001)) ;
#1129=CARTESIAN_POINT('Control Point',(1.61988860457,-43.6196656985,12.4507166156)) ;
#1130=CARTESIAN_POINT('Control Point',(1.86249247158,-43.4044526825,5.95284230822)) ;
#1131=CARTESIAN_POINT('Control Point',(-4.35139384864,-41.8631928847,2.51322465282)) ;
#1132=CARTESIAN_POINT('Control Point',(-10.8078840371,-40.5371461004,5.57148130515)) ;
#1133=CARTESIAN_POINT('Control Point',(-11.0504879035,-40.7523591093,12.0693556126)) ;
#1134=CARTESIAN_POINT('Control Point',(-0.803470267196,-54.2767639098,11.6812232651)) ;
#1135=CARTESIAN_POINT('Control Point',(-0.500673693412,-53.6697161278,5.20903329099)) ;
#1136=CARTESIAN_POINT('Control Point',(-6.69414113984,-51.9452945412,1.81861103811)) ;
#1137=CARTESIAN_POINT('Control Point',(-13.1904051592,-50.8279207383,4.90037875913)) ;
#1138=CARTESIAN_POINT('Control Point',(-13.4932017334,-51.4349685255,11.3725687333)) ;
#1139=CARTESIAN_POINT('Control Point',(-2.66428511115,-64.5737000644,10.0892190532)) ;
#1140=CARTESIAN_POINT('Control Point',(-2.3981330147,-63.5733415283,3.6688346764)) ;
#1141=CARTESIAN_POINT('Control Point',(-8.6845690537,-62.0354251037,0.361178107796)) ;
#1142=CARTESIAN_POINT('Control Point',(-15.2371571898,-61.4978672139,3.47390591621)) ;
#1143=CARTESIAN_POINT('Control Point',(-15.5033092859,-62.4982257461,9.89429029306)) ;
#1144=CARTESIAN_POINT('Control Point',(-3.28044172065,-68.8910525155,9.27235570193)) ;
#1145=CARTESIAN_POINT('Control Point',(-3.05411314819,-67.735046511,2.87763689966)) ;
#1146=CARTESIAN_POINT('Control Point',(-9.39961217049,-66.35163572,-0.394082733342)) ;
#1147=CARTESIAN_POINT('Control Point',(-15.9714397652,-66.1242309283,2.72891643581)) ;
#1148=CARTESIAN_POINT('Control Point',(-16.1977683387,-67.2802369327,9.12363523802)) ;
#1149=CARTESIAN_POINT('Control Point',(-3.87096419567,-75.5167548584,7.84805439117)) ;
#1150=CARTESIAN_POINT('Control Point',(-3.73517132089,-74.1735303816,1.48869237463)) ;
#1151=CARTESIAN_POINT('Control Point',(-10.169433323,-73.1453708789,-1.74917014859)) ;
#1152=CARTESIAN_POINT('Control Point',(-16.7394882,-73.460435856,1.37232934478)) ;
#1153=CARTESIAN_POINT('Control Point',(-16.8752810742,-74.8036603328,7.73169136136)) ;
#1154=CARTESIAN_POINT('Control Point',(-3.84122632152,-82.0721119627,6.30321806997)) ;
#1155=CARTESIAN_POINT('Control Point',(-3.79897433398,-80.6479314337,-0.038881811911)) ;
#1156=CARTESIAN_POINT('Control Point',(-10.279551406,-80.0850322886,-3.28564041538)) ;
#1157=CARTESIAN_POINT('Control Point',(-16.8023804655,-80.9463136709,-0.190299136997)) ;
#1158=CARTESIAN_POINT('Control Point',(-16.8446324534,-82.3704941998,6.15180074487)) ;
#1159=CARTESIAN_POINT('Control Point',(-3.74799460747,-84.4048445351,5.74533244399)) ;
#1160=CARTESIAN_POINT('Control Point',(-3.73675684688,-82.9668250843,-0.593656205012)) ;
#1161=CARTESIAN_POINT('Control Point',(-10.2259115253,-82.5792372269,-3.84963840315)) ;
#1162=CARTESIAN_POINT('Control Point',(-16.7263039644,-83.6296688202,-0.766631952312)) ;
#1163=CARTESIAN_POINT('Control Point',(-16.7375417248,-85.0676882701,5.57235669664)) ;
#1164=CARTESIAN_POINT('Control Point',(-3.39675264578,-89.0602240792,4.63538334806)) ;
#1165=CARTESIAN_POINT('Control Point',(-3.43700098539,-87.624099327,-1.70398845706)) ;
#1166=CARTESIAN_POINT('Control Point',(-9.92536481307,-87.5924431611,-4.98893841165)) ;
#1167=CARTESIAN_POINT('Control Point',(-16.3734803011,-88.9969117474,-1.93451656111)) ;
#1168=CARTESIAN_POINT('Control Point',(-16.3332319616,-90.4330365004,4.40485524406)) ;
#1169=CARTESIAN_POINT('Control Point',(-2.73140175954,-93.7220909143,3.56484637194)) ;
#1170=CARTESIAN_POINT('Control Point',(-2.79741792986,-92.3417145381,-2.78665975794)) ;
#1171=CARTESIAN_POINT('Control Point',(-9.25331636484,-92.6569824358,-6.11535441582)) ;
#1172=CARTESIAN_POINT('Control Point',(-15.6431986296,-94.3526267097,-3.09254294385)) ;
#1173=CARTESIAN_POINT('Control Point',(-15.5771824591,-95.7330030851,3.25896318598)) ;
#1174=CARTESIAN_POINT('Control Point',(-2.32370129341,-96.0602824305,3.04664006394)) ;
#1175=CARTESIAN_POINT('Control Point',(-2.39491535744,-94.7200091336,-3.31354219598)) ;
#1176=CARTESIAN_POINT('Control Point',(-8.82760203545,-95.2014635725,-6.66628160505)) ;
#1177=CARTESIAN_POINT('Control Point',(-15.1890746493,-97.0231913068,-3.65883875415)) ;
#1178=CARTESIAN_POINT('Control Point',(-15.1178605853,-98.3634646029,2.7013435058)) ;
#1179=CARTESIAN_POINT('Control Point',(-0.753182061671,-103.815817035,1.41377978217)) ;
#1180=CARTESIAN_POINT('Control Point',(-0.817039066863,-102.642249341,-4.98102328651)) ;
#1181=CARTESIAN_POINT('Control Point',(-7.15857341206,-103.636167445,-8.41357789559)) ;
#1182=CARTESIAN_POINT('Control Point',(-13.4362507524,-105.803653248,-5.45132943608)) ;
#1183=CARTESIAN_POINT('Control Point',(-13.3723937471,-106.977220945,0.943473632546)) ;
#1184=CARTESIAN_POINT('Control Point',(1.44842879745,-111.69154189,0.103565347843)) ;
#1185=CARTESIAN_POINT('Control Point',(1.46064684271,-110.781393202,-6.33720879425)) ;
#1186=CARTESIAN_POINT('Control Point',(-4.76925615097,-112.143443081,-9.83458337754)) ;
#1187=CARTESIAN_POINT('Control Point',(-11.0113771891,-114.415641639,-6.89118381848)) ;
#1188=CARTESIAN_POINT('Control Point',(-11.0235952346,-115.325790323,-0.450409676258)) ;
#1189=CARTESIAN_POINT('Control Point',(3.17645530786,-117.292874184,-0.591173709661)) ;
#1190=CARTESIAN_POINT('Control Point',(3.26091754347,-116.595036102,-7.06003671278)) ;
#1191=CARTESIAN_POINT('Control Point',(-2.91319750008,-118.120851127,-10.5764527859)) ;
#1192=CARTESIAN_POINT('Control Point',(-9.1717747795,-120.344504208,-7.62400585388)) ;
#1193=CARTESIAN_POINT('Control Point',(-9.25623701589,-121.042342282,-1.15514285049)) ;
#1194=CARTESIAN_POINT('Control Point',(6.31186142528,-127.642433767,-1.38185091428)) ;
#1195=CARTESIAN_POINT('Control Point',(6.50511754881,-127.365903986,-7.88118227578)) ;
#1196=CARTESIAN_POINT('Control Point',(0.355400639978,-129.02182805,-11.3827780192)) ;
#1197=CARTESIAN_POINT('Control Point',(-5.98757239217,-130.954281916,-8.38504240284)) ;
#1198=CARTESIAN_POINT('Control Point',(-6.18082851507,-131.230811704,-1.88571104155)) ;
#1199=CARTESIAN_POINT('Control Point',(8.99278024655,-138.443974672,-1.38085745742)) ;
#1200=CARTESIAN_POINT('Control Point',(9.22176429443,-138.557077938,-7.87922011212)) ;
#1201=CARTESIAN_POINT('Control Point',(2.99397886018,-140.041155272,-11.319548604)) ;
#1202=CARTESIAN_POINT('Control Point',(-3.46279062211,-141.412129323,-8.26151443975)) ;
#1203=CARTESIAN_POINT('Control Point',(-3.6917746705,-141.299026052,-1.76315178488)) ;
#1204=CARTESIAN_POINT('Control Point',(10.0193429911,-143.346155538,-1.23085321838)) ;
#1205=CARTESIAN_POINT('Control Point',(10.2431725503,-143.61032124,-7.72288690572)) ;
#1206=CARTESIAN_POINT('Control Point',(3.96471924161,-144.958114016,-11.1329733989)) ;
#1207=CARTESIAN_POINT('Control Point',(-2.53756362539,-146.041741085,-8.05102620337)) ;
#1208=CARTESIAN_POINT('Control Point',(-2.7613931839,-145.777575394,-1.55899251467)) ;
#1209=CARTESIAN_POINT('Control Point',(11.3763924744,-151.859068526,-0.769475407723)) ;
#1210=CARTESIAN_POINT('Control Point',(11.5677051154,-152.302297239,-7.25185886577)) ;
#1211=CARTESIAN_POINT('Control Point',(5.20774672996,-153.330437638,-10.6271008779)) ;
#1212=CARTESIAN_POINT('Control Point',(-1.34352429711,-153.915349327,-7.51995943295)) ;
#1213=CARTESIAN_POINT('Control Point',(-1.5348369386,-153.472120606,-1.03757597587)) ;
#1214=CARTESIAN_POINT('Control Point',(12.0943356836,-160.393209664,-0.220997103566)) ;
#1215=CARTESIAN_POINT('Control Point',(12.2505269593,-160.796406429,-6.70653832624)) ;
#1216=CARTESIAN_POINT('Control Point',(5.84238576397,-161.439920377,-10.0791676141)) ;
#1217=CARTESIAN_POINT('Control Point',(-0.721946706522,-161.680237557,-6.96625567851)) ;
#1218=CARTESIAN_POINT('Control Point',(-0.878137981803,-161.277040797,-0.480714455144)) ;
#1219=CARTESIAN_POINT('Control Point',(12.2904419699,-163.950923559,-0.00947886282539)) ;
#1220=CARTESIAN_POINT('Control Point',(12.4348939241,-164.288430329,-6.49914885424)) ;
#1221=CARTESIAN_POINT('Control Point',(6.01530396893,-164.770278978,-9.87655555871)) ;
#1222=CARTESIAN_POINT('Control Point',(-0.548737946992,-164.914620961,-6.76429230007)) ;
#1223=CARTESIAN_POINT('Control Point',(-0.69318989966,-164.577114252,-0.274622315091)) ;
#1224=CARTESIAN_POINT('Control Point',(12.4100077416,-167.45550364,0.136273243797)) ;
#1225=CARTESIAN_POINT('Control Point',(12.5533757789,-167.666775068,-6.36229826325)) ;
#1226=CARTESIAN_POINT('Control Point',(6.13038508026,-167.997623577,-9.74785730619)) ;
#1227=CARTESIAN_POINT('Control Point',(-0.435973655686,-168.117200656,-6.63484484202)) ;
#1228=CARTESIAN_POINT('Control Point',(-0.579341692918,-167.905929228,-0.136273335075)) ;
#1229=CARTESIAN_POINT('Control Point',(12.5238137823,-170.88172314,0.137740751639)) ;
#1230=CARTESIAN_POINT('Control Point',(12.6614785693,-170.877149185,-6.36079966028)) ;
#1231=CARTESIAN_POINT('Control Point',(6.23535452217,-171.090659146,-9.74781061788)) ;
#1232=CARTESIAN_POINT('Control Point',(-0.328434312061,-171.308743062,-6.63628116356)) ;
#1233=CARTESIAN_POINT('Control Point',(-0.466099099121,-171.313317017,-0.137740751639)) ;
#1235=CARTESIAN_POINT('Control Point',(12.5238137823,-170.88172314,0.137740751639)) ;
#1236=CARTESIAN_POINT('Control Point',(12.6614785693,-170.877149185,-6.36079966028)) ;
#1237=CARTESIAN_POINT('Control Point',(6.23535452217,-171.090659146,-9.74781061788)) ;
#1238=CARTESIAN_POINT('Control Point',(-0.328434312061,-171.308743062,-6.63628116356)) ;
#1239=CARTESIAN_POINT('Control Point',(-0.466099099121,-171.313317017,-0.137740751639)) ;
#1240=CARTESIAN_POINT('Vertex',(12.5238137823,-170.88172314,0.137740751639)) ;
#1242=CARTESIAN_POINT('Vertex',(-0.466099099121,-171.313317017,-0.137740751639)) ;
#1246=CARTESIAN_POINT('Control Point',(-6.49857139555,-2.,11.3637288846)) ;
#1247=CARTESIAN_POINT('Control Point',(-6.49857136614,-6.21916514087,11.3637289228)) ;
#1248=CARTESIAN_POINT('Control Point',(-6.58371006441,-10.3594904976,11.5052530971)) ;
#1249=CARTESIAN_POINT('Control Point',(-6.83203976396,-14.4903208855,11.6870147135)) ;
#1250=CARTESIAN_POINT('Control Point',(-7.8366956364,-24.5696332252,12.1010989531)) ;
#1251=CARTESIAN_POINT('Control Point',(-9.70117981165,-34.676710499,12.2165283001)) ;
#1252=CARTESIAN_POINT('Control Point',(-11.0504879035,-40.7523591093,12.0693556126)) ;
#1253=CARTESIAN_POINT('Control Point',(-13.4932017334,-51.4349685255,11.3725687333)) ;
#1254=CARTESIAN_POINT('Control Point',(-15.5033092859,-62.4982257461,9.89429029306)) ;
#1255=CARTESIAN_POINT('Control Point',(-16.1977683387,-67.2802369327,9.12363523802)) ;
#1256=CARTESIAN_POINT('Control Point',(-16.8752810742,-74.8036603328,7.73169136136)) ;
#1257=CARTESIAN_POINT('Control Point',(-16.8446324534,-82.3704941998,6.15180074487)) ;
#1258=CARTESIAN_POINT('Control Point',(-16.7375417248,-85.0676882701,5.57235669664)) ;
#1259=CARTESIAN_POINT('Control Point',(-16.3332319616,-90.4330365004,4.40485524406)) ;
#1260=CARTESIAN_POINT('Control Point',(-15.5771824591,-95.7330030851,3.25896318598)) ;
#1261=CARTESIAN_POINT('Control Point',(-15.1178605853,-98.3634646029,2.7013435058)) ;
#1262=CARTESIAN_POINT('Control Point',(-13.3723937471,-106.977220945,0.943473632546)) ;
#1263=CARTESIAN_POINT('Control Point',(-11.0235952346,-115.325790323,-0.450409676258)) ;
#1264=CARTESIAN_POINT('Control Point',(-9.25623701589,-121.042342282,-1.15514285049)) ;
#1265=CARTESIAN_POINT('Control Point',(-6.18082851507,-131.230811704,-1.88571104155)) ;
#1266=CARTESIAN_POINT('Control Point',(-3.6917746705,-141.299026052,-1.76315178488)) ;
#1267=CARTESIAN_POINT('Control Point',(-2.7613931839,-145.777575394,-1.55899251467)) ;
#1268=CARTESIAN_POINT('Control Point',(-1.5348369386,-153.472120606,-1.03757597587)) ;
#1269=CARTESIAN_POINT('Control Point',(-0.878137981803,-161.277040797,-0.480714455144)) ;
#1270=CARTESIAN_POINT('Control Point',(-0.69318989966,-164.577114252,-0.274622315091)) ;
#1271=CARTESIAN_POINT('Control Point',(-0.579341692918,-167.905929228,-0.136273335075)) ;
#1272=CARTESIAN_POINT('Control Point',(-0.466099099121,-171.313317017,-0.137740751639)) ;
#1275=CARTESIAN_POINT('Control Point',(6.49857139555,-2.,11.6362711154)) ;
#1276=CARTESIAN_POINT('Control Point',(6.49857142963,-6.42166528568,11.6362711475)) ;
#1277=CARTESIAN_POINT('Control Point',(6.4094917996,-10.9221700852,11.7776601361)) ;
#1278=CARTESIAN_POINT('Control Point',(6.13829190296,-15.4608686946,11.9748592411)) ;
#1279=CARTESIAN_POINT('Control Point',(5.03218774032,-26.5163174117,12.4405189982)) ;
#1280=CARTESIAN_POINT('Control Point',(3.02875245372,-37.3264449884,12.5994592643)) ;
#1281=CARTESIAN_POINT('Control Point',(1.61988860457,-43.6196656985,12.4507166156)) ;
#1282=CARTESIAN_POINT('Control Point',(-0.803470267196,-54.2767639098,11.6812232651)) ;
#1283=CARTESIAN_POINT('Control Point',(-2.66428511115,-64.5737000644,10.0892190532)) ;
#1284=CARTESIAN_POINT('Control Point',(-3.28044172065,-68.8910525155,9.27235570193)) ;
#1285=CARTESIAN_POINT('Control Point',(-3.87096419567,-75.5167548584,7.84805439117)) ;
#1286=CARTESIAN_POINT('Control Point',(-3.84122632152,-82.0721119627,6.30321806997)) ;
#1287=CARTESIAN_POINT('Control Point',(-3.74799460747,-84.4048445351,5.74533244399)) ;
#1288=CARTESIAN_POINT('Control Point',(-3.39675264578,-89.0602240792,4.63538334806)) ;
#1289=CARTESIAN_POINT('Control Point',(-2.73140175954,-93.7220909143,3.56484637194)) ;
#1290=CARTESIAN_POINT('Control Point',(-2.32370129341,-96.0602824305,3.04664006394)) ;
#1291=CARTESIAN_POINT('Control Point',(-0.753182061671,-103.815817035,1.41377978217)) ;
#1292=CARTESIAN_POINT('Control Point',(1.44842879745,-111.69154189,0.103565347843)) ;
#1293=CARTESIAN_POINT('Control Point',(3.17645530786,-117.292874184,-0.591173709661)) ;
#1294=CARTESIAN_POINT('Control Point',(6.31186142528,-127.642433767,-1.38185091428)) ;
#1295=CARTESIAN_POINT('Control Point',(8.99278024655,-138.443974672,-1.38085745742)) ;
#1296=CARTESIAN_POINT('Control Point',(10.0193429911,-143.346155538,-1.23085321838)) ;
#1297=CARTESIAN_POINT('Control Point',(11.3763924744,-151.859068526,-0.769475407723)) ;
#1298=CARTESIAN_POINT('Control Point',(12.0943356836,-160.393209664,-0.220997103566)) ;
#1299=CARTESIAN_POINT('Control Point',(12.2904419699,-163.950923559,-0.00947886282539)) ;
#1300=CARTESIAN_POINT('Control Point',(12.4100077416,-167.45550364,0.136273243797)) ;
#1301=CARTESIAN_POINT('Control Point',(12.5238137823,-170.88172314,0.137740751639)) ;
#1311=CARTESIAN_POINT('Control Point',(-6.49857139555,-2.,11.3637288846)) ;
#1312=CARTESIAN_POINT('Control Point',(-6.63484251091,-2.,17.8623002802)) ;
#1313=CARTESIAN_POINT('Control Point',(-0.204406673037,-2.,21.2478570933)) ;
#1314=CARTESIAN_POINT('Control Point',(6.3623002802,-2.,18.1348425109)) ;
#1315=CARTESIAN_POINT('Control Point',(6.49857139555,-2.,11.6362711154)) ;
#1316=CARTESIAN_POINT('Control Point',(-6.49857136614,-6.21916514087,11.3637289228)) ;
#1317=CARTESIAN_POINT('Control Point',(-6.63484247984,-6.0467486629,17.8623003143)) ;
#1318=CARTESIAN_POINT('Control Point',(-0.204406638783,-6.06179049646,21.2478571223)) ;
#1319=CARTESIAN_POINT('Control Point',(6.36230031593,-6.24924880772,18.1348425389)) ;
#1320=CARTESIAN_POINT('Control Point',(6.49857142963,-6.42166528568,11.6362711475)) ;
#1321=CARTESIAN_POINT('Control Point',(-6.58371006441,-10.3594904976,11.5052530971)) ;
#1322=CARTESIAN_POINT('Control Point',(-6.71312196845,-10.0988584436,17.9982504228)) ;
#1323=CARTESIAN_POINT('Control Point',(-0.281226968212,-10.2498823457,21.3809525817)) ;
#1324=CARTESIAN_POINT('Control Point',(6.28007991715,-10.6615381375,18.2706574528)) ;
#1325=CARTESIAN_POINT('Control Point',(6.4094917996,-10.9221700852,11.7776601162)) ;
#1326=CARTESIAN_POINT('Control Point',(-6.83203976396,-14.4903208855,11.6870147135)) ;
#1327=CARTESIAN_POINT('Control Point',(-6.95398721491,-14.2021904465,18.1793188215)) ;
#1328=CARTESIAN_POINT('Control Point',(-0.529795105263,-14.5433991256,21.5693931399)) ;
#1329=CARTESIAN_POINT('Control Point',(6.01634445422,-15.1727382535,18.4671633503)) ;
#1330=CARTESIAN_POINT('Control Point',(6.13829190296,-15.4608686958,11.9748592411)) ;
#1331=CARTESIAN_POINT('Control Point',(-7.8366956364,-24.5696332252,12.1010989531)) ;
#1332=CARTESIAN_POINT('Control Point',(-7.96652959263,-24.3294931008,18.5963013696)) ;
#1333=CARTESIAN_POINT('Control Point',(-1.5970048848,-25.1827651407,22.0136125996)) ;
#1334=CARTESIAN_POINT('Control Point',(4.90235378086,-26.2761772905,18.9357214131)) ;
#1335=CARTESIAN_POINT('Control Point',(5.03218774032,-26.5163174101,12.4405189982)) ;
#1336=CARTESIAN_POINT('Control Point',(-9.70117981165,-34.676710499,12.2165283001)) ;
#1337=CARTESIAN_POINT('Control Point',(-9.89148664012,-34.6971972827,18.7168732201)) ;
#1338=CARTESIAN_POINT('Control Point',(-3.62167391813,-36.0323079063,22.1585111634)) ;
#1339=CARTESIAN_POINT('Control Point',(2.83844562996,-37.3469317674,19.0998041867)) ;
#1340=CARTESIAN_POINT('Control Point',(3.02875245372,-37.3264449908,12.5994592643)) ;
#1341=CARTESIAN_POINT('Control Point',(-11.0504879035,-40.7523591093,12.0693556126)) ;
#1342=CARTESIAN_POINT('Control Point',(-11.2930917699,-40.967572123,18.5672299209)) ;
#1343=CARTESIAN_POINT('Control Point',(-5.07920545085,-42.5088319232,22.0068475733)) ;
#1344=CARTESIAN_POINT('Control Point',(1.37728473874,-43.8348787051,18.9485909245)) ;
#1345=CARTESIAN_POINT('Control Point',(1.61988860457,-43.6196656962,12.4507166156)) ;
#1346=CARTESIAN_POINT('Control Point',(-13.4932017334,-51.4349685255,11.3725687333)) ;
#1347=CARTESIAN_POINT('Control Point',(-13.7959983076,-52.0420163092,17.8447587067)) ;
#1348=CARTESIAN_POINT('Control Point',(-7.60253086032,-53.7664378941,21.2351809618)) ;
#1349=CARTESIAN_POINT('Control Point',(-1.10626684185,-54.8838116987,18.1534132382)) ;
#1350=CARTESIAN_POINT('Control Point',(-0.803470267196,-54.2767639115,11.6812232651)) ;
#1351=CARTESIAN_POINT('Control Point',(-15.5033092859,-62.4982257461,9.89429029306)) ;
#1352=CARTESIAN_POINT('Control Point',(-15.7694613821,-63.498584281,16.3146746704)) ;
#1353=CARTESIAN_POINT('Control Point',(-9.48302534369,-65.0365007068,19.6223312374)) ;
#1354=CARTESIAN_POINT('Control Point',(-2.93043720695,-65.5740585953,16.5096034309)) ;
#1355=CARTESIAN_POINT('Control Point',(-2.66428511115,-64.5737000631,10.0892190532)) ;
#1356=CARTESIAN_POINT('Control Point',(-16.1977683387,-67.2802369327,9.12363523802)) ;
#1357=CARTESIAN_POINT('Control Point',(-16.4240969121,-68.4362429398,15.5183540403)) ;
#1358=CARTESIAN_POINT('Control Point',(-10.0785978882,-69.8196537283,18.7900736736)) ;
#1359=CARTESIAN_POINT('Control Point',(-3.50677029374,-70.0470585174,15.667074504)) ;
#1360=CARTESIAN_POINT('Control Point',(-3.28044172065,-68.8910525155,9.27235570193)) ;
#1361=CARTESIAN_POINT('Control Point',(-16.8752810742,-74.8036603328,7.73169136136)) ;
#1362=CARTESIAN_POINT('Control Point',(-17.0110739485,-76.1468848082,14.0910533779)) ;
#1363=CARTESIAN_POINT('Control Point',(-10.5768119472,-77.1750443122,17.3289159009)) ;
#1364=CARTESIAN_POINT('Control Point',(-4.00675707009,-76.8599793366,14.2074164078)) ;
#1365=CARTESIAN_POINT('Control Point',(-3.87096419567,-75.5167548584,7.84805439117)) ;
#1366=CARTESIAN_POINT('Control Point',(-16.8446324534,-82.3704941998,6.15180074487)) ;
#1367=CARTESIAN_POINT('Control Point',(-16.8868844412,-83.7946747295,12.4939006267)) ;
#1368=CARTESIAN_POINT('Control Point',(-10.4063073687,-84.3575738739,15.7406592303)) ;
#1369=CARTESIAN_POINT('Control Point',(-3.88347830925,-83.4962924908,12.6453179518)) ;
#1370=CARTESIAN_POINT('Control Point',(-3.84122632152,-82.0721119627,6.30321806997)) ;
#1371=CARTESIAN_POINT('Control Point',(-16.7375417248,-85.0676882701,5.57235669664)) ;
#1372=CARTESIAN_POINT('Control Point',(-16.7487794854,-86.5057077192,11.9113453457)) ;
#1373=CARTESIAN_POINT('Control Point',(-10.259624807,-86.8932955775,15.1673275438)) ;
#1374=CARTESIAN_POINT('Control Point',(-3.75923236803,-85.842863985,12.0843210931)) ;
#1375=CARTESIAN_POINT('Control Point',(-3.74799460745,-84.4048445351,5.74533244399)) ;
#1376=CARTESIAN_POINT('Control Point',(-16.3332319616,-90.4330365004,4.40485524406)) ;
#1377=CARTESIAN_POINT('Control Point',(-16.292983622,-91.8691612542,10.7442270491)) ;
#1378=CARTESIAN_POINT('Control Point',(-9.80461979429,-91.9008174193,14.0291770037)) ;
#1379=CARTESIAN_POINT('Control Point',(-3.35650430619,-90.4963488322,10.9747551531)) ;
#1380=CARTESIAN_POINT('Control Point',(-3.3967526458,-89.0602240792,4.63538334806)) ;
#1381=CARTESIAN_POINT('Control Point',(-15.5771824591,-95.7330030851,3.25896318598)) ;
#1382=CARTESIAN_POINT('Control Point',(-15.5111662888,-97.1133794598,9.61046931594)) ;
#1383=CARTESIAN_POINT('Control Point',(-9.05526785384,-96.7981115628,12.9391639738)) ;
#1384=CARTESIAN_POINT('Control Point',(-2.6653855892,-95.1024672897,9.91635250189)) ;
#1385=CARTESIAN_POINT('Control Point',(-2.73140175951,-93.7220909143,3.56484637194)) ;
#1386=CARTESIAN_POINT('Control Point',(-15.1178605853,-98.3634646029,2.7013435058)) ;
#1387=CARTESIAN_POINT('Control Point',(-15.0466465211,-99.7037378998,9.0615257658)) ;
#1388=CARTESIAN_POINT('Control Point',(-8.61395984317,-99.2222834617,12.4142651748)) ;
#1389=CARTESIAN_POINT('Control Point',(-2.25248722923,-97.4005557275,9.40682232396)) ;
#1390=CARTESIAN_POINT('Control Point',(-2.32370129336,-96.0602824305,3.04664006394)) ;
#1391=CARTESIAN_POINT('Control Point',(-13.3723937471,-106.977220945,0.943473632546)) ;
#1392=CARTESIAN_POINT('Control Point',(-13.3085367422,-108.150788639,7.33827670106)) ;
#1393=CARTESIAN_POINT('Control Point',(-6.96700239694,-107.156870533,10.7708313104)) ;
#1394=CARTESIAN_POINT('Control Point',(-0.68932505682,-104.98938473,7.80858285063)) ;
#1395=CARTESIAN_POINT('Control Point',(-0.753182061784,-103.815817035,1.41377978217)) ;
#1396=CARTESIAN_POINT('Control Point',(-11.0235952346,-115.325790323,-0.450409676258)) ;
#1397=CARTESIAN_POINT('Control Point',(-11.0358132791,-116.235939011,5.99036446623)) ;
#1398=CARTESIAN_POINT('Control Point',(-4.80591028569,-114.873889137,9.48773904899)) ;
#1399=CARTESIAN_POINT('Control Point',(1.43621075298,-112.601690578,6.54433949046)) ;
#1400=CARTESIAN_POINT('Control Point',(1.44842879771,-111.69154189,0.103565347843)) ;
#1401=CARTESIAN_POINT('Control Point',(-9.25623701589,-121.042342282,-1.15514285049)) ;
#1402=CARTESIAN_POINT('Control Point',(-9.34069925176,-121.740180363,5.31372015394)) ;
#1403=CARTESIAN_POINT('Control Point',(-3.166584209,-120.214365347,8.83013622684)) ;
#1404=CARTESIAN_POINT('Control Point',(3.09199307121,-117.990712266,5.87768929477)) ;
#1405=CARTESIAN_POINT('Control Point',(3.17645530839,-117.292874184,-0.591173709137)) ;
#1406=CARTESIAN_POINT('Control Point',(-6.18082851507,-131.230811704,-1.88571104155)) ;
#1407=CARTESIAN_POINT('Control Point',(-6.37408463839,-131.507341485,4.6136203189)) ;
#1408=CARTESIAN_POINT('Control Point',(-0.224367728923,-129.851417414,8.11521606255)) ;
#1409=CARTESIAN_POINT('Control Point',(6.11860530259,-127.918963548,5.11748044617)) ;
#1410=CARTESIAN_POINT('Control Point',(6.31186142485,-127.642433767,-1.3818509147)) ;
#1411=CARTESIAN_POINT('Control Point',(-3.6917746705,-141.299026052,-1.76315178488)) ;
#1412=CARTESIAN_POINT('Control Point',(-3.92075871854,-141.185922786,4.73521087067)) ;
#1413=CARTESIAN_POINT('Control Point',(2.30702671519,-139.701845458,8.17553936234)) ;
#1414=CARTESIAN_POINT('Control Point',(8.76379619799,-138.330871407,5.11750519813)) ;
#1415=CARTESIAN_POINT('Control Point',(8.99278024689,-138.443974672,-1.38085745708)) ;
#1416=CARTESIAN_POINT('Control Point',(-2.7613931839,-145.777575394,-1.55899251467)) ;
#1417=CARTESIAN_POINT('Control Point',(-2.9852227424,-145.513409681,4.93304117266)) ;
#1418=CARTESIAN_POINT('Control Point',(3.29323056593,-144.165616905,8.34312766481)) ;
#1419=CARTESIAN_POINT('Control Point',(9.79551343259,-143.081989836,5.26118046963)) ;
#1420=CARTESIAN_POINT('Control Point',(10.0193429911,-143.346155538,-1.23085321838)) ;
#1421=CARTESIAN_POINT('Control Point',(-1.5348369386,-153.472120606,-1.03757597587)) ;
#1422=CARTESIAN_POINT('Control Point',(-1.7261495801,-153.028891901,5.44480748218)) ;
#1423=CARTESIAN_POINT('Control Point',(4.63380880559,-152.000751503,8.82004949503)) ;
#1424=CARTESIAN_POINT('Control Point',(11.1850798329,-151.415839813,5.71290804984)) ;
#1425=CARTESIAN_POINT('Control Point',(11.3763924744,-151.859068526,-0.769475407723)) ;
#1426=CARTESIAN_POINT('Control Point',(-0.878137981803,-161.277040797,-0.480714455144)) ;
#1427=CARTESIAN_POINT('Control Point',(-1.03432925708,-160.873844026,6.00482676753)) ;
#1428=CARTESIAN_POINT('Control Point',(5.37381193804,-160.230330078,9.37745605483)) ;
#1429=CARTESIAN_POINT('Control Point',(11.9381444084,-159.990012898,6.26454411946)) ;
#1430=CARTESIAN_POINT('Control Point',(12.0943356836,-160.393209664,-0.220997103566)) ;
#1431=CARTESIAN_POINT('Control Point',(-0.69318989966,-164.577114252,-0.274622315091)) ;
#1432=CARTESIAN_POINT('Control Point',(-0.837641858609,-164.239607488,6.21504767637)) ;
#1433=CARTESIAN_POINT('Control Point',(5.58194809545,-163.757758861,9.59245438918)) ;
#1434=CARTESIAN_POINT('Control Point',(12.1459900142,-163.613416955,6.48019109811)) ;
#1435=CARTESIAN_POINT('Control Point',(12.2904419713,-163.950923559,-0.00947886897971)) ;
#1436=CARTESIAN_POINT('Control Point',(-0.579341692918,-167.905929228,-0.136273335075)) ;
#1437=CARTESIAN_POINT('Control Point',(-0.722709730168,-167.6946578,6.36229817199)) ;
#1438=CARTESIAN_POINT('Control Point',(5.70028096846,-167.363809291,9.74785721495)) ;
#1439=CARTESIAN_POINT('Control Point',(12.2666397044,-167.244232211,6.63484475087)) ;
#1440=CARTESIAN_POINT('Control Point',(12.4100077416,-167.45550364,0.136273243842)) ;
#1441=CARTESIAN_POINT('Control Point',(-0.466099099121,-171.313317017,-0.137740751639)) ;
#1442=CARTESIAN_POINT('Control Point',(-0.60376388618,-171.317890973,6.36079966028)) ;
#1443=CARTESIAN_POINT('Control Point',(5.82236016099,-171.104381012,9.74781061788)) ;
#1444=CARTESIAN_POINT('Control Point',(12.3861489952,-170.886297095,6.63628116356)) ;
#1445=CARTESIAN_POINT('Control Point',(12.5238137823,-170.88172314,0.137740751639)) ;
#1447=CARTESIAN_POINT('Control Point',(-0.466099099121,-171.313317017,-0.137740751639)) ;
#1448=CARTESIAN_POINT('Control Point',(-0.60376388618,-171.317890973,6.36079966028)) ;
#1449=CARTESIAN_POINT('Control Point',(5.82236016099,-171.104381012,9.74781061788)) ;
#1450=CARTESIAN_POINT('Control Point',(12.3861489952,-170.886297095,6.63628116356)) ;
#1451=CARTESIAN_POINT('Control Point',(12.5238137823,-170.88172314,0.137740751639)) ;
#1460=CARTESIAN_POINT('Axis2P3D Location',(6.02885734158,-171.097520079,-2.30041680149E-013)) ;
#1475=CARTESIAN_POINT('Control Point',(-31.5963821982,227.421264013,71.6718083314)) ;
#1476=CARTESIAN_POINT('Control Point',(-31.3797705561,229.09529625,65.3948110025)) ;
#1477=CARTESIAN_POINT('Control Point',(-37.7678503869,229.995159002,62.0488906356)) ;
#1478=CARTESIAN_POINT('Control Point',(-44.3725418599,229.220989519,64.9799675977)) ;
#1479=CARTESIAN_POINT('Control Point',(-44.589153502,227.546957282,71.2569649267)) ;
#1480=CARTESIAN_POINT('Control Point',(-31.5967538645,227.056799909,71.5730193424)) ;
#1481=CARTESIAN_POINT('Control Point',(-31.3816498299,228.74226146,65.2990181398)) ;
#1482=CARTESIAN_POINT('Control Point',(-37.7705334436,229.648077331,61.9562334376)) ;
#1483=CARTESIAN_POINT('Control Point',(-44.3745210919,228.868431651,64.8874499379)) ;
#1484=CARTESIAN_POINT('Control Point',(-44.5896251265,227.1829701,71.1614511405)) ;
#1485=CARTESIAN_POINT('Control Point',(-31.5973183306,226.693391509,71.4791561152)) ;
#1486=CARTESIAN_POINT('Control Point',(-31.378457246,228.350294353,65.1976879311)) ;
#1487=CARTESIAN_POINT('Control Point',(-37.7653374681,229.241227611,61.8470877546)) ;
#1488=CARTESIAN_POINT('Control Point',(-44.3710787748,228.475258025,64.777955762)) ;
#1489=CARTESIAN_POINT('Control Point',(-44.5899398595,226.81835518,71.0594239463)) ;
#1490=CARTESIAN_POINT('Control Point',(-31.5975773996,226.327870746,71.3765970118)) ;
#1491=CARTESIAN_POINT('Control Point',(-31.3836040726,228.021898712,65.1048428748)) ;
#1492=CARTESIAN_POINT('Control Point',(-37.7730905014,228.932175977,61.7644098367)) ;
#1493=CARTESIAN_POINT('Control Point',(-44.3765502573,228.148425276,64.6957309356)) ;
#1494=CARTESIAN_POINT('Control Point',(-44.5905235843,226.45439731,70.9674850726)) ;
#1495=CARTESIAN_POINT('Control Point',(-31.5985742513,225.630271186,71.19739945)) ;
#1496=CARTESIAN_POINT('Control Point',(-31.3785579482,227.278495913,64.9136359284)) ;
#1497=CARTESIAN_POINT('Control Point',(-37.7648225943,228.164916808,61.560634282)) ;
#1498=CARTESIAN_POINT('Control Point',(-44.3711035435,227.403112977,64.4913961572)) ;
#1499=CARTESIAN_POINT('Control Point',(-44.5911198466,225.75488825,70.7751596788)) ;
#1500=CARTESIAN_POINT('Control Point',(-31.5991515234,224.930821735,71.0028168789)) ;
#1501=CARTESIAN_POINT('Control Point',(-31.3863913117,226.63405005,64.733473634)) ;
#1502=CARTESIAN_POINT('Control Point',(-37.7765245294,227.549119796,61.3955638048)) ;
#1503=CARTESIAN_POINT('Control Point',(-44.3794179589,226.760961227,64.3269972205)) ;
#1504=CARTESIAN_POINT('Control Point',(-44.5921781706,225.057732912,70.5963404655)) ;
#1505=CARTESIAN_POINT('Control Point',(-31.5997161124,224.445940656,70.8694306043)) ;
#1506=CARTESIAN_POINT('Control Point',(-31.3881289869,226.157208722,64.6022939963)) ;
#1507=CARTESIAN_POINT('Control Point',(-37.7788866721,227.075839921,61.2665944539)) ;
#1508=CARTESIAN_POINT('Control Point',(-44.3812314828,226.283203055,64.1980315195)) ;
#1509=CARTESIAN_POINT('Control Point',(-44.5928186084,224.57193499,70.4651681275)) ;
#1510=CARTESIAN_POINT('Control Point',(-31.6033785159,220.844453992,69.8626558695)) ;
#1511=CARTESIAN_POINT('Control Point',(-31.4090085301,222.677832092,63.628460795)) ;
#1512=CARTESIAN_POINT('Control Point',(-37.8089362299,223.653822741,60.3262242188)) ;
#1513=CARTESIAN_POINT('Control Point',(-44.4032339153,222.79643529,63.258182717)) ;
#1514=CARTESIAN_POINT('Control Point',(-44.5976039012,220.96305719,69.4923777916)) ;
#1515=CARTESIAN_POINT('Control Point',(-31.6033735427,217.288134555,68.7704241496)) ;
#1516=CARTESIAN_POINT('Control Point',(-31.4299461241,219.242598381,62.5720169674)) ;
#1517=CARTESIAN_POINT('Control Point',(-37.8409825162,220.254503392,59.3025845621)) ;
#1518=CARTESIAN_POINT('Control Point',(-44.4254463284,219.311944574,62.2315593397)) ;
#1519=CARTESIAN_POINT('Control Point',(-44.5988737469,217.357480748,68.4299665213)) ;
#1520=CARTESIAN_POINT('Control Point',(-31.5861957337,214.091339953,67.7089738171)) ;
#1521=CARTESIAN_POINT('Control Point',(-31.4347530467,216.152575713,61.5447978667)) ;
#1522=CARTESIAN_POINT('Control Point',(-37.8573109838,217.181384522,58.3035185799)) ;
#1523=CARTESIAN_POINT('Control Point',(-44.4313116074,216.148957575,61.2264152443)) ;
#1524=CARTESIAN_POINT('Control Point',(-44.5827542942,214.087721812,67.3905911948)) ;
#1525=CARTESIAN_POINT('Control Point',(-31.4344370286,203.185018169,63.8282467058)) ;
#1526=CARTESIAN_POINT('Control Point',(-31.3667021851,205.596493148,57.7847082265)) ;
#1527=CARTESIAN_POINT('Control Point',(-37.8311560828,206.63600115,54.6304801403)) ;
#1528=CARTESIAN_POINT('Control Point',(-44.3633448248,205.264034159,57.5197905317)) ;
#1529=CARTESIAN_POINT('Control Point',(-44.4310796687,202.852559184,63.563329011)) ;
#1530=CARTESIAN_POINT('Control Point',(-30.8814823307,192.662046831,59.2577394156)) ;
#1531=CARTESIAN_POINT('Control Point',(-30.9149585912,195.34637202,53.3324919099)) ;
#1532=CARTESIAN_POINT('Control Point',(-37.4201467893,196.255823285,50.2210734188)) ;
#1533=CARTESIAN_POINT('Control Point',(-43.891858725,194.480949394,53.0349024378)) ;
#1534=CARTESIAN_POINT('Control Point',(-43.8583824634,191.796624196,58.9601499436)) ;
#1535=CARTESIAN_POINT('Control Point',(-30.1857548993,185.341350513,55.7483122497)) ;
#1536=CARTESIAN_POINT('Control Point',(-30.2871511271,188.161348613,49.8912611814)) ;
#1537=CARTESIAN_POINT('Control Point',(-36.8089373971,188.936977718,46.7751708953)) ;
#1538=CARTESIAN_POINT('Control Point',(-43.2293274404,186.892608714,49.516131669)) ;
#1539=CARTESIAN_POINT('Control Point',(-43.1279312115,184.072610622,55.3731827374)) ;
#1540=CARTESIAN_POINT('Control Point',(-28.4617374648,172.937308486,49.4680218178)) ;
#1541=CARTESIAN_POINT('Control Point',(-28.650128347,175.899168873,43.6846831349)) ;
#1542=CARTESIAN_POINT('Control Point',(-35.1713857478,176.417255173,40.5114359257)) ;
#1543=CARTESIAN_POINT('Control Point',(-41.5042522656,173.973481091,43.1215274054)) ;
#1544=CARTESIAN_POINT('Control Point',(-41.3158613841,171.011620697,48.9048660883)) ;
#1545=CARTESIAN_POINT('Control Point',(-25.8961363948,160.700937501,43.0702373964)) ;
#1546=CARTESIAN_POINT('Control Point',(-26.1121673742,163.658224444,37.2860768977)) ;
#1547=CARTESIAN_POINT('Control Point',(-32.59119792,163.900972135,33.9997014356)) ;
#1548=CARTESIAN_POINT('Control Point',(-38.854197487,161.186432878,36.4974864677)) ;
#1549=CARTESIAN_POINT('Control Point',(-38.6381665071,158.229145939,42.2816469664)) ;
#1550=CARTESIAN_POINT('Control Point',(-24.6796178401,155.572447223,40.4020828596)) ;
#1551=CARTESIAN_POINT('Control Point',(-24.8955316234,158.503581289,34.60431299)) ;
#1552=CARTESIAN_POINT('Control Point',(-31.3503550275,158.631624183,31.2641649301)) ;
#1553=CARTESIAN_POINT('Control Point',(-37.5892646472,155.828533019,33.7217867393)) ;
#1554=CARTESIAN_POINT('Control Point',(-37.3733508639,152.897398961,39.5195566085)) ;
#1555=CARTESIAN_POINT('Control Point',(-21.1368479236,141.969390361,33.4862120479)) ;
#1556=CARTESIAN_POINT('Control Point',(-21.3225732518,144.770195648,27.6211323428)) ;
#1557=CARTESIAN_POINT('Control Point',(-27.7011866091,144.600029139,24.132539336)) ;
#1558=CARTESIAN_POINT('Control Point',(-33.89407464,141.629057327,26.5090260352)) ;
#1559=CARTESIAN_POINT('Control Point',(-33.7083493118,138.828252025,32.3741057413)) ;
#1560=CARTESIAN_POINT('Control Point',(-16.8871143934,128.137109907,27.1875418442)) ;
#1561=CARTESIAN_POINT('Control Point',(-16.97359934,130.650505536,21.1878106395)) ;
#1562=CARTESIAN_POINT('Control Point',(-23.2584465819,130.203143231,17.558352214)) ;
#1563=CARTESIAN_POINT('Control Point',(-29.4568088743,127.242385319,19.9286249919)) ;
#1564=CARTESIAN_POINT('Control Point',(-29.3703239278,124.728989714,25.9283561951)) ;
#1565=CARTESIAN_POINT('Control Point',(-14.0586746523,119.335055822,23.6498540723)) ;
#1566=CARTESIAN_POINT('Control Point',(-14.0622745459,121.61122324,17.549348284)) ;
#1567=CARTESIAN_POINT('Control Point',(-20.2908131611,121.002406747,13.8500981589)) ;
#1568=CARTESIAN_POINT('Control Point',(-26.5157518796,118.117422856,16.2513538237)) ;
#1569=CARTESIAN_POINT('Control Point',(-26.5121519882,115.841255438,22.351859612)) ;
#1570=CARTESIAN_POINT('Control Point',(-8.37042270718,101.348454938,17.6793805295)) ;
#1571=CARTESIAN_POINT('Control Point',(-8.20340114581,103.045838108,11.385442521)) ;
#1572=CARTESIAN_POINT('Control Point',(-14.3531840502,102.157191085,7.61286347557)) ;
#1573=CARTESIAN_POINT('Control Point',(-20.6699885189,99.5711608748,10.1342224371)) ;
#1574=CARTESIAN_POINT('Control Point',(-20.8370100781,97.8737777052,16.4281604456)) ;
#1575=CARTESIAN_POINT('Control Point',(-3.14314065932,82.3991770273,13.9979127762)) ;
#1576=CARTESIAN_POINT('Control Point',(-2.85073276242,83.4321489985,7.57315503643)) ;
#1577=CARTESIAN_POINT('Control Point',(-9.00166627468,82.4168624364,3.83839132607)) ;
#1578=CARTESIAN_POINT('Control Point',(-15.4450076809,80.3686039208,6.52838535692)) ;
#1579=CARTESIAN_POINT('Control Point',(-15.73741558,79.3356319497,12.9531430967)) ;
#1580=CARTESIAN_POINT('Control Point',(-0.812270504836,72.7764519611,12.7862090089)) ;
#1581=CARTESIAN_POINT('Control Point',(-0.483604239763,73.48965819,6.32488034911)) ;
#1582=CARTESIAN_POINT('Control Point',(-6.6588592043,72.4671792836,2.63219001518)) ;
#1583=CARTESIAN_POINT('Control Point',(-13.1627804378,70.7314941338,5.4008283499)) ;
#1584=CARTESIAN_POINT('Control Point',(-13.4914467061,70.018287902,11.8621570097)) ;
#1585=CARTESIAN_POINT('Control Point',(3.148673222,52.9268759498,11.3908376485)) ;
#1586=CARTESIAN_POINT('Control Point',(3.50560395068,53.1076256073,4.89527267594)) ;
#1587=CARTESIAN_POINT('Control Point',(-2.73624038491,52.1960085881,1.28213066902)) ;
#1588=CARTESIAN_POINT('Control Point',(-9.33501544523,51.1036419263,4.16455362567)) ;
#1589=CARTESIAN_POINT('Control Point',(-9.69194617052,50.9228922717,10.6601185983)) ;
#1590=CARTESIAN_POINT('Control Point',(5.45292762705,32.7247350268,11.4441734631)) ;
#1591=CARTESIAN_POINT('Control Point',(5.79161393378,32.6561728613,4.95284552532)) ;
#1592=CARTESIAN_POINT('Control Point',(-0.511449626334,32.050719404,1.38086775555)) ;
#1593=CARTESIAN_POINT('Control Point',(-7.15319949721,31.5138280969,4.30021793282)) ;
#1594=CARTESIAN_POINT('Control Point',(-7.4918858074,31.5823902593,10.7915458706)) ;
#1595=CARTESIAN_POINT('Control Point',(6.16858709361,22.4766107481,11.6599203335)) ;
#1596=CARTESIAN_POINT('Control Point',(6.49760209907,22.3674449021,5.1693756858)) ;
#1597=CARTESIAN_POINT('Control Point',(0.175641363497,21.9524485475,1.60024735845)) ;
#1598=CARTESIAN_POINT('Control Point',(-6.47533451056,21.6466179272,4.52166375299)) ;
#1599=CARTESIAN_POINT('Control Point',(-6.80434947885,21.755783996,11.0122083026)) ;
#1600=CARTESIAN_POINT('Control Point',(6.49185864333,12.2264764625,11.8251894359)) ;
#1601=CARTESIAN_POINT('Control Point',(6.81707298223,12.1500607591,5.33333043852)) ;
#1602=CARTESIAN_POINT('Control Point',(0.487820978435,11.9434755244,1.76218701069)) ;
#1603=CARTESIAN_POINT('Control Point',(-6.16664536445,11.8133059926,4.68290258025)) ;
#1604=CARTESIAN_POINT('Control Point',(-6.49185970327,11.8897216964,11.1747615779)) ;
#1605=CARTESIAN_POINT('Control Point',(6.49185917592,2.00000116035,11.8252140675)) ;
#1606=CARTESIAN_POINT('Control Point',(6.8170735109,1.99998554992,5.33335488572)) ;
#1607=CARTESIAN_POINT('Control Point',(0.487821496594,1.99997661846,1.76221095985)) ;
#1608=CARTESIAN_POINT('Control Point',(-6.1666448527,1.99998329744,4.68292621577)) ;
#1609=CARTESIAN_POINT('Control Point',(-6.49185918768,1.99999890788,11.1747853975)) ;
#1611=CARTESIAN_POINT('Control Point',(6.49185917592,2.00000116035,11.8252140675)) ;
#1612=CARTESIAN_POINT('Control Point',(6.8170735109,1.99998554992,5.33335488572)) ;
#1613=CARTESIAN_POINT('Control Point',(0.487821496594,1.99997661846,1.76221095985)) ;
#1614=CARTESIAN_POINT('Control Point',(-6.1666448527,1.99998329744,4.68292621577)) ;
#1615=CARTESIAN_POINT('Control Point',(-6.49185918768,1.99999890788,11.1747853975)) ;
#1616=CARTESIAN_POINT('Vertex',(6.49185883944,2.00000116035,11.8252140506)) ;
#1618=CARTESIAN_POINT('Vertex',(-6.49185929052,1.99999890786,11.1747807168)) ;
#1622=CARTESIAN_POINT('Control Point',(-44.589153502,227.546957282,71.2569649267)) ;
#1623=CARTESIAN_POINT('Control Point',(-44.5896251265,227.1829701,71.1614511405)) ;
#1624=CARTESIAN_POINT('Control Point',(-44.5899398595,226.81835518,71.0594239463)) ;
#1625=CARTESIAN_POINT('Control Point',(-44.5905235843,226.45439731,70.9674850726)) ;
#1626=CARTESIAN_POINT('Control Point',(-44.5911198466,225.75488825,70.7751596788)) ;
#1627=CARTESIAN_POINT('Control Point',(-44.5921781706,225.057732912,70.5963404655)) ;
#1628=CARTESIAN_POINT('Control Point',(-44.5928186084,224.57193499,70.4651681275)) ;
#1629=CARTESIAN_POINT('Control Point',(-44.5976039012,220.96305719,69.4923777916)) ;
#1630=CARTESIAN_POINT('Control Point',(-44.5988737469,217.357480748,68.4299665213)) ;
#1631=CARTESIAN_POINT('Control Point',(-44.5827542942,214.087721812,67.3905911948)) ;
#1632=CARTESIAN_POINT('Control Point',(-44.4310796687,202.852559184,63.563329011)) ;
#1633=CARTESIAN_POINT('Control Point',(-43.8583824634,191.796624196,58.9601499436)) ;
#1634=CARTESIAN_POINT('Control Point',(-43.1279312115,184.072610622,55.3731827374)) ;
#1635=CARTESIAN_POINT('Control Point',(-41.3158613841,171.011620697,48.9048660883)) ;
#1636=CARTESIAN_POINT('Control Point',(-38.6381665071,158.229145939,42.2816469664)) ;
#1637=CARTESIAN_POINT('Control Point',(-37.3733508639,152.897398961,39.5195566085)) ;
#1638=CARTESIAN_POINT('Control Point',(-33.7083493118,138.828252025,32.3741057413)) ;
#1639=CARTESIAN_POINT('Control Point',(-29.3703239278,124.728989714,25.9283561951)) ;
#1640=CARTESIAN_POINT('Control Point',(-26.5121519882,115.841255438,22.351859612)) ;
#1641=CARTESIAN_POINT('Control Point',(-20.8370100781,97.8737777052,16.4281604456)) ;
#1642=CARTESIAN_POINT('Control Point',(-15.73741558,79.3356319497,12.9531430967)) ;
#1643=CARTESIAN_POINT('Control Point',(-13.4914467061,70.018287902,11.8621570097)) ;
#1644=CARTESIAN_POINT('Control Point',(-9.69194617052,50.9228922717,10.6601185983)) ;
#1645=CARTESIAN_POINT('Control Point',(-7.4918858074,31.5823902593,10.7915458706)) ;
#1646=CARTESIAN_POINT('Control Point',(-6.80434947885,21.755783996,11.0122083026)) ;
#1647=CARTESIAN_POINT('Control Point',(-6.49185970327,11.8897216964,11.1747615779)) ;
#1648=CARTESIAN_POINT('Control Point',(-6.49185918768,1.99999890788,11.1747853975)) ;
#1649=CARTESIAN_POINT('Vertex',(-44.589153502,227.546957282,71.2569649267)) ;
#1653=CARTESIAN_POINT('Control Point',(-31.5963821982,227.421264013,71.6718083314)) ;
#1654=CARTESIAN_POINT('Control Point',(-31.3797705561,229.09529625,65.3948110025)) ;
#1655=CARTESIAN_POINT('Control Point',(-37.7678503869,229.995159002,62.0488906356)) ;
#1656=CARTESIAN_POINT('Control Point',(-44.3725418599,229.220989519,64.9799675977)) ;
#1657=CARTESIAN_POINT('Control Point',(-44.589153502,227.546957282,71.2569649267)) ;
#1658=CARTESIAN_POINT('Vertex',(-31.5963821982,227.421264013,71.6718083314)) ;
#1662=CARTESIAN_POINT('Control Point',(-31.5963821982,227.421264013,71.6718083314)) ;
#1663=CARTESIAN_POINT('Control Point',(-31.5967538645,227.056799909,71.5730193424)) ;
#1664=CARTESIAN_POINT('Control Point',(-31.5973183306,226.693391509,71.4791561152)) ;
#1665=CARTESIAN_POINT('Control Point',(-31.5975773996,226.327870746,71.3765970118)) ;
#1666=CARTESIAN_POINT('Control Point',(-31.5985742513,225.630271186,71.19739945)) ;
#1667=CARTESIAN_POINT('Control Point',(-31.5991515234,224.930821735,71.0028168789)) ;
#1668=CARTESIAN_POINT('Control Point',(-31.5997161124,224.445940656,70.8694306043)) ;
#1669=CARTESIAN_POINT('Control Point',(-31.6033785159,220.844453992,69.8626558695)) ;
#1670=CARTESIAN_POINT('Control Point',(-31.6033735427,217.288134555,68.7704241496)) ;
#1671=CARTESIAN_POINT('Control Point',(-31.5861957337,214.091339953,67.7089738171)) ;
#1672=CARTESIAN_POINT('Control Point',(-31.4344370286,203.185018169,63.8282467058)) ;
#1673=CARTESIAN_POINT('Control Point',(-30.8814823307,192.662046831,59.2577394156)) ;
#1674=CARTESIAN_POINT('Control Point',(-30.1857548993,185.341350513,55.7483122497)) ;
#1675=CARTESIAN_POINT('Control Point',(-28.4617374648,172.937308486,49.4680218178)) ;
#1676=CARTESIAN_POINT('Control Point',(-25.8961363948,160.700937501,43.0702373964)) ;
#1677=CARTESIAN_POINT('Control Point',(-24.6796178401,155.572447223,40.4020828596)) ;
#1678=CARTESIAN_POINT('Control Point',(-21.1368479236,141.969390361,33.4862120479)) ;
#1679=CARTESIAN_POINT('Control Point',(-16.8871143934,128.137109907,27.1875418442)) ;
#1680=CARTESIAN_POINT('Control Point',(-14.0586746523,119.335055822,23.6498540723)) ;
#1681=CARTESIAN_POINT('Control Point',(-8.37042270718,101.348454938,17.6793805295)) ;
#1682=CARTESIAN_POINT('Control Point',(-3.14314065932,82.3991770273,13.9979127762)) ;
#1683=CARTESIAN_POINT('Control Point',(-0.812270504836,72.7764519611,12.7862090089)) ;
#1684=CARTESIAN_POINT('Control Point',(3.148673222,52.9268759498,11.3908376485)) ;
#1685=CARTESIAN_POINT('Control Point',(5.45292762705,32.7247350268,11.4441734631)) ;
#1686=CARTESIAN_POINT('Control Point',(6.16858709361,22.4766107481,11.6599203335)) ;
#1687=CARTESIAN_POINT('Control Point',(6.49185864333,12.2264764625,11.8251894359)) ;
#1688=CARTESIAN_POINT('Control Point',(6.49185917592,2.00000116035,11.8252140675)) ;
#1698=CARTESIAN_POINT('Control Point',(-44.589153502,227.546957282,71.2569649267)) ;
#1699=CARTESIAN_POINT('Control Point',(-44.8057651441,225.872925046,77.5339622557)) ;
#1700=CARTESIAN_POINT('Control Point',(-38.4176853133,224.973062293,80.8798826225)) ;
#1701=CARTESIAN_POINT('Control Point',(-31.8129938404,225.747231777,77.9488056604)) ;
#1702=CARTESIAN_POINT('Control Point',(-31.5963821982,227.421264013,71.6718083314)) ;
#1703=CARTESIAN_POINT('Control Point',(-44.5896251265,227.1829701,71.1614511405)) ;
#1704=CARTESIAN_POINT('Control Point',(-44.8047291611,225.497508549,77.4354523431)) ;
#1705=CARTESIAN_POINT('Control Point',(-38.4158455474,224.591692678,80.7782370453)) ;
#1706=CARTESIAN_POINT('Control Point',(-31.8118578991,225.371338358,77.847020545)) ;
#1707=CARTESIAN_POINT('Control Point',(-31.5967538645,227.056799909,71.5730193424)) ;
#1708=CARTESIAN_POINT('Control Point',(-44.5899398595,226.81835518,71.0594239463)) ;
#1709=CARTESIAN_POINT('Control Point',(-44.8088009442,225.161452336,77.3408921302)) ;
#1710=CARTESIAN_POINT('Control Point',(-38.4219207221,224.270519078,80.6914923068)) ;
#1711=CARTESIAN_POINT('Control Point',(-31.8161794154,225.036488665,77.7606242992)) ;
#1712=CARTESIAN_POINT('Control Point',(-31.5973183307,226.693391509,71.4791561152)) ;
#1713=CARTESIAN_POINT('Control Point',(-44.5905235843,226.45439731,70.9674850726)) ;
#1714=CARTESIAN_POINT('Control Point',(-44.8044969114,224.760369344,77.2392392097)) ;
#1715=CARTESIAN_POINT('Control Point',(-38.4150104826,223.850092079,80.5796722477)) ;
#1716=CARTESIAN_POINT('Control Point',(-31.8115507267,224.63384278,77.6483511488)) ;
#1717=CARTESIAN_POINT('Control Point',(-31.5975773996,226.327870746,71.3765970118)) ;
#1718=CARTESIAN_POINT('Control Point',(-44.5911198466,225.75488825,70.7751596788)) ;
#1719=CARTESIAN_POINT('Control Point',(-44.8111361497,224.106663523,77.0589232004)) ;
#1720=CARTESIAN_POINT('Control Point',(-38.4248715036,223.220242628,80.4119248468)) ;
#1721=CARTESIAN_POINT('Control Point',(-31.8185905545,223.982046459,77.4811629716)) ;
#1722=CARTESIAN_POINT('Control Point',(-31.5985742513,225.630271186,71.19739945)) ;
#1723=CARTESIAN_POINT('Control Point',(-44.5921781706,225.057732912,70.5963404655)) ;
#1724=CARTESIAN_POINT('Control Point',(-44.8049383823,223.354504597,76.8656837104)) ;
#1725=CARTESIAN_POINT('Control Point',(-38.4148051645,222.43943485,80.2035935396)) ;
#1726=CARTESIAN_POINT('Control Point',(-31.8119117351,223.227593419,77.2721601239)) ;
#1727=CARTESIAN_POINT('Control Point',(-31.5991515234,224.930821735,71.0028168789)) ;
#1728=CARTESIAN_POINT('Control Point',(-44.5928186084,224.57193499,70.4651681275)) ;
#1729=CARTESIAN_POINT('Control Point',(-44.804405734,222.860666924,76.7323047355)) ;
#1730=CARTESIAN_POINT('Control Point',(-38.4136480488,221.942035724,80.0680042778)) ;
#1731=CARTESIAN_POINT('Control Point',(-31.811303238,222.73467259,77.1365672122)) ;
#1732=CARTESIAN_POINT('Control Point',(-31.5997161124,224.445940656,70.8694306043)) ;
#1733=CARTESIAN_POINT('Control Point',(-44.5976039012,220.96305719,69.4923777916)) ;
#1734=CARTESIAN_POINT('Control Point',(-44.7919738869,219.12967909,75.7265728662)) ;
#1735=CARTESIAN_POINT('Control Point',(-38.3920461871,218.153688441,79.0288094425)) ;
#1736=CARTESIAN_POINT('Control Point',(-31.7977485016,219.011075892,76.0968509442)) ;
#1737=CARTESIAN_POINT('Control Point',(-31.6033785159,220.844453992,69.8626558696)) ;
#1738=CARTESIAN_POINT('Control Point',(-44.5988737469,217.357480748,68.4299665213)) ;
#1739=CARTESIAN_POINT('Control Point',(-44.7723011662,215.403016922,74.6283737035)) ;
#1740=CARTESIAN_POINT('Control Point',(-38.3612647735,214.391111912,77.8978061081)) ;
#1741=CARTESIAN_POINT('Control Point',(-31.7768009618,215.333670729,74.9688313305)) ;
#1742=CARTESIAN_POINT('Control Point',(-31.6033735427,217.288134555,68.7704241489)) ;
#1743=CARTESIAN_POINT('Control Point',(-44.5827542942,214.087721812,67.3905911948)) ;
#1744=CARTESIAN_POINT('Control Point',(-44.734196981,212.026486053,73.5547671459)) ;
#1745=CARTESIAN_POINT('Control Point',(-38.3116390438,210.997677245,76.796046432)) ;
#1746=CARTESIAN_POINT('Control Point',(-31.7376384203,212.030104193,73.8731497683)) ;
#1747=CARTESIAN_POINT('Control Point',(-31.5861957337,214.091339953,67.7089738164)) ;
#1748=CARTESIAN_POINT('Control Point',(-44.4310796687,202.852559184,63.563329011)) ;
#1749=CARTESIAN_POINT('Control Point',(-44.4988145127,200.441084201,69.6068674885)) ;
#1750=CARTESIAN_POINT('Control Point',(-38.0343606154,199.4015762,72.7610955764)) ;
#1751=CARTESIAN_POINT('Control Point',(-31.5021718729,200.773543187,69.8717851833)) ;
#1752=CARTESIAN_POINT('Control Point',(-31.4344370286,203.185018169,63.8282467075)) ;
#1753=CARTESIAN_POINT('Control Point',(-43.8583824634,191.796624196,58.9601499436)) ;
#1754=CARTESIAN_POINT('Control Point',(-43.8249062019,189.112299014,64.8853974536)) ;
#1755=CARTESIAN_POINT('Control Point',(-37.3197180027,188.20284775,67.9968159403)) ;
#1756=CARTESIAN_POINT('Control Point',(-30.8480060682,189.977721649,65.1829869256)) ;
#1757=CARTESIAN_POINT('Control Point',(-30.8814823307,192.662046831,59.2577394114)) ;
#1758=CARTESIAN_POINT('Control Point',(-43.1279312115,184.072610622,55.3731827374)) ;
#1759=CARTESIAN_POINT('Control Point',(-43.0265349847,181.252612514,61.2302338057)) ;
#1760=CARTESIAN_POINT('Control Point',(-36.5047487147,180.476983417,64.3463240918)) ;
#1761=CARTESIAN_POINT('Control Point',(-30.0843586704,182.521352413,61.605363316)) ;
#1762=CARTESIAN_POINT('Control Point',(-30.1857548993,185.341350513,55.7483122497)) ;
#1763=CARTESIAN_POINT('Control Point',(-41.3158613841,171.011620697,48.9048660883)) ;
#1764=CARTESIAN_POINT('Control Point',(-41.1274705012,168.049760316,54.6882047712)) ;
#1765=CARTESIAN_POINT('Control Point',(-34.6062131004,167.53167401,57.8614519804)) ;
#1766=CARTESIAN_POINT('Control Point',(-28.2733465834,169.975448098,55.2513605022)) ;
#1767=CARTESIAN_POINT('Control Point',(-28.4617374648,172.937308486,49.4680218178)) ;
#1768=CARTESIAN_POINT('Control Point',(-38.6381665071,158.229145939,42.2816469664)) ;
#1769=CARTESIAN_POINT('Control Point',(-38.4221355283,155.271858992,48.0658074651)) ;
#1770=CARTESIAN_POINT('Control Point',(-31.9431049825,155.029111305,51.3521829273)) ;
#1771=CARTESIAN_POINT('Control Point',(-25.680105415,157.743650558,48.854397894)) ;
#1772=CARTESIAN_POINT('Control Point',(-25.8961363948,160.700937501,43.0702373964)) ;
#1773=CARTESIAN_POINT('Control Point',(-37.3733508639,152.897398961,39.5195566085)) ;
#1774=CARTESIAN_POINT('Control Point',(-37.1574370828,149.966264899,45.3173264771)) ;
#1775=CARTESIAN_POINT('Control Point',(-30.7026136781,149.838222001,48.6574745369)) ;
#1776=CARTESIAN_POINT('Control Point',(-24.4637040579,152.641313165,46.1998527282)) ;
#1777=CARTESIAN_POINT('Control Point',(-24.6796178406,155.572447223,40.4020828596)) ;
#1778=CARTESIAN_POINT('Control Point',(-33.7083493118,138.828252025,32.3741057413)) ;
#1779=CARTESIAN_POINT('Control Point',(-33.5226239799,136.027446731,38.2391854482)) ;
#1780=CARTESIAN_POINT('Control Point',(-27.1440106235,136.197613247,41.727778455)) ;
#1781=CARTESIAN_POINT('Control Point',(-20.9511225935,139.168585059,39.3512917549)) ;
#1782=CARTESIAN_POINT('Control Point',(-21.1368479227,141.969390361,33.4862120479)) ;
#1783=CARTESIAN_POINT('Control Point',(-29.3703239278,124.728989714,25.9283561951)) ;
#1784=CARTESIAN_POINT('Control Point',(-29.2838389872,122.215594096,31.9280873969)) ;
#1785=CARTESIAN_POINT('Control Point',(-22.9989917438,122.66295639,35.5575458223)) ;
#1786=CARTESIAN_POINT('Control Point',(-16.8006294499,125.623714301,33.1872730459)) ;
#1787=CARTESIAN_POINT('Control Point',(-16.8871143949,128.137109907,27.1875418442)) ;
#1788=CARTESIAN_POINT('Control Point',(-26.5121519882,115.841255438,22.351859612)) ;
#1789=CARTESIAN_POINT('Control Point',(-26.5085520938,113.565088021,28.4523654033)) ;
#1790=CARTESIAN_POINT('Control Point',(-20.2800134794,114.173904507,32.1516155261)) ;
#1791=CARTESIAN_POINT('Control Point',(-14.0550747594,117.058888411,29.7503598636)) ;
#1792=CARTESIAN_POINT('Control Point',(-14.0586746523,119.335055822,23.6498540723)) ;
#1793=CARTESIAN_POINT('Control Point',(-20.8370100781,97.8737777052,16.4281604456)) ;
#1794=CARTESIAN_POINT('Control Point',(-21.0040316402,96.1763945355,22.7220984511)) ;
#1795=CARTESIAN_POINT('Control Point',(-14.854248735,97.0650415642,26.4946774988)) ;
#1796=CARTESIAN_POINT('Control Point',(-8.5374442678,99.6510717625,23.9733185351)) ;
#1797=CARTESIAN_POINT('Control Point',(-8.37042270718,101.348454938,17.6793805295)) ;
#1798=CARTESIAN_POINT('Control Point',(-15.73741558,79.3356319497,12.9531430967)) ;
#1799=CARTESIAN_POINT('Control Point',(-16.0298234762,78.3026599786,19.3779008393)) ;
#1800=CARTESIAN_POINT('Control Point',(-9.87888996465,79.3179465348,23.1126645475)) ;
#1801=CARTESIAN_POINT('Control Point',(-3.43554855696,81.3662050621,20.4226705188)) ;
#1802=CARTESIAN_POINT('Control Point',(-3.14314065932,82.3991770273,13.9979127762)) ;
#1803=CARTESIAN_POINT('Control Point',(-13.4914467061,70.018287902,11.8621570097)) ;
#1804=CARTESIAN_POINT('Control Point',(-13.8201129745,69.3050816761,18.323485674)) ;
#1805=CARTESIAN_POINT('Control Point',(-7.64485800777,70.3275605853,22.0161760057)) ;
#1806=CARTESIAN_POINT('Control Point',(-1.14093677376,72.0632457264,19.2475376725)) ;
#1807=CARTESIAN_POINT('Control Point',(-0.812270505019,72.7764519611,12.7862090082)) ;
#1808=CARTESIAN_POINT('Control Point',(-9.69194617052,50.9228922717,10.6601185983)) ;
#1809=CARTESIAN_POINT('Control Point',(-10.0488768958,50.7421426112,17.1556835663)) ;
#1810=CARTESIAN_POINT('Control Point',(-3.80703256248,51.6537596274,20.7688255755)) ;
#1811=CARTESIAN_POINT('Control Point',(2.79174249728,52.7461262982,17.8864026174)) ;
#1812=CARTESIAN_POINT('Control Point',(3.14867322219,52.9268759498,11.3908376493)) ;
#1813=CARTESIAN_POINT('Control Point',(-7.4918858074,31.5823902593,10.7915458706)) ;
#1814=CARTESIAN_POINT('Control Point',(-7.8305721176,31.6509524279,17.282873813)) ;
#1815=CARTESIAN_POINT('Control Point',(-1.52750855517,32.2564058882,20.8548515805)) ;
#1816=CARTESIAN_POINT('Control Point',(5.11424131628,32.7932971861,17.9355014048)) ;
#1817=CARTESIAN_POINT('Control Point',(5.45292762686,32.7247350268,11.4441734623)) ;
#1818=CARTESIAN_POINT('Control Point',(-6.80434947885,21.755783996,11.0122083026)) ;
#1819=CARTESIAN_POINT('Control Point',(-7.13336454353,21.864949731,17.5027529229)) ;
#1820=CARTESIAN_POINT('Control Point',(-0.811403749786,22.279946346,21.0718812317)) ;
#1821=CARTESIAN_POINT('Control Point',(5.8395720914,22.5857765334,18.1504650312)) ;
#1822=CARTESIAN_POINT('Control Point',(6.16858710903,22.4766109093,11.6599203336)) ;
#1823=CARTESIAN_POINT('Control Point',(-6.49185970327,11.8897216964,11.1747615779)) ;
#1824=CARTESIAN_POINT('Control Point',(-6.81707404209,11.9661373998,17.6666205754)) ;
#1825=CARTESIAN_POINT('Control Point',(-0.487822038131,12.1727226352,21.2377640032)) ;
#1826=CARTESIAN_POINT('Control Point',(6.16664430451,12.3028921664,18.3170484335)) ;
#1827=CARTESIAN_POINT('Control Point',(6.49185864333,12.2264764629,11.8251894359)) ;
#1828=CARTESIAN_POINT('Control Point',(-6.49185918768,1.99999890788,11.1747853975)) ;
#1829=CARTESIAN_POINT('Control Point',(-6.81707352266,2.00001451831,17.6666445793)) ;
#1830=CARTESIAN_POINT('Control Point',(-0.487821508347,2.00002344977,21.2377885052)) ;
#1831=CARTESIAN_POINT('Control Point',(6.16664484094,2.00001677079,18.3170732493)) ;
#1832=CARTESIAN_POINT('Control Point',(6.49185917592,2.00000116035,11.8252140675)) ;
#1834=CARTESIAN_POINT('Control Point',(-6.49185918768,1.99999890788,11.1747853975)) ;
#1835=CARTESIAN_POINT('Control Point',(-6.81707352266,2.00001451831,17.6666445793)) ;
#1836=CARTESIAN_POINT('Control Point',(-0.487821508347,2.00002344977,21.2377885052)) ;
#1837=CARTESIAN_POINT('Control Point',(6.16664484094,2.00001677079,18.3170732493)) ;
#1838=CARTESIAN_POINT('Control Point',(6.49185917592,2.00000116035,11.8252140675)) ;
#1841=CARTESIAN_POINT('Control Point',(-44.589153502,227.546957282,71.2569649267)) ;
#1842=CARTESIAN_POINT('Control Point',(-44.8057651441,225.872925046,77.5339622557)) ;
#1843=CARTESIAN_POINT('Control Point',(-38.4176853133,224.973062293,80.8798826225)) ;
#1844=CARTESIAN_POINT('Control Point',(-31.8129938404,225.747231777,77.9488056604)) ;
#1845=CARTESIAN_POINT('Control Point',(-31.5963821982,227.421264013,71.6718083314)) ;
#1854=CARTESIAN_POINT('Axis2P3D Location',(-38.0927678501,227.484110648,71.4643866291)) ;
#1864=CARTESIAN_POINT('Axis2P3D Location',(-2.93825141995E-009,1.70566560875E-008,11.4999998663)) ;
#1870=CARTESIAN_POINT('Control Point',(6.49185951829,-1.99999887377,11.8252143518)) ;
#1871=CARTESIAN_POINT('Control Point',(6.54294331059,-2.00000126015,10.8054759258)) ;
#1872=CARTESIAN_POINT('Control Point',(6.39380202275,-2.00000368127,9.77570722528)) ;
#1873=CARTESIAN_POINT('Control Point',(6.04160838887,-2.00000601094,8.78838634034)) ;
#1874=CARTESIAN_POINT('Control Point',(4.96907048348,-2.00001022927,7.00503857753)) ;
#1875=CARTESIAN_POINT('Control Point',(3.30184043641,-2.00001318406,5.75964274817)) ;
#1876=CARTESIAN_POINT('Control Point',(2.35466079798,-2.00001424957,5.31053962179)) ;
#1877=CARTESIAN_POINT('Control Point',(0.335244856246,-2.00001543492,4.80792042607)) ;
#1878=CARTESIAN_POINT('Control Point',(-1.72429275918,-2.00001469441,5.10620152213)) ;
#1879=CARTESIAN_POINT('Control Point',(-2.71161389715,-2.00001383311,5.45839444669)) ;
#1880=CARTESIAN_POINT('Control Point',(-4.49496243051,-2.00001121416,6.53093107086)) ;
#1881=CARTESIAN_POINT('Control Point',(-5.74035945766,-2.00000713517,8.19816022319)) ;
#1882=CARTESIAN_POINT('Control Point',(-6.18946326452,-2.00000481311,9.14533953898)) ;
#1883=CARTESIAN_POINT('Control Point',(-6.44077358779,-2.00000233007,10.1550473293)) ;
#1884=CARTESIAN_POINT('Control Point',(-6.49185884531,-1.99999981229,11.1747856819)) ;
#1885=CARTESIAN_POINT('Vertex',(6.49185928464,-1.99999887376,11.8252190158)) ;
#1887=CARTESIAN_POINT('Vertex',(-6.49185884531,-1.99999981229,11.1747856819)) ;
#1891=CARTESIAN_POINT('Control Point',(-6.49185929052,1.99999890786,11.1747807168)) ;
#1892=CARTESIAN_POINT('Control Point',(-6.49185884531,-1.99999981229,11.1747856819)) ;
#1895=CARTESIAN_POINT('Control Point',(6.49185907308,2.00000116034,11.8252093867)) ;
#1896=CARTESIAN_POINT('Control Point',(6.49185951829,-1.99999887377,11.8252143518)) ;
#1905=CARTESIAN_POINT('Axis2P3D Location',(-2.93825075381E-009,1.70566560875E-008,11.4999998663)) ;
#1911=CARTESIAN_POINT('Control Point',(-6.49185907896,-1.99999981228,11.1747903458)) ;
#1912=CARTESIAN_POINT('Control Point',(-6.54294362724,-1.9999974259,12.1945292015)) ;
#1913=CARTESIAN_POINT('Control Point',(-6.39380291942,-1.99999500478,13.2242984848)) ;
#1914=CARTESIAN_POINT('Control Point',(-6.04160964777,-1.9999926751,14.2116200354)) ;
#1915=CARTESIAN_POINT('Control Point',(-4.96907202845,-1.99998845677,15.9949691221)) ;
#1916=CARTESIAN_POINT('Control Point',(-3.30184153021,-1.99998550198,17.2403659969)) ;
#1917=CARTESIAN_POINT('Control Point',(-2.35466151591,-1.99998443647,17.6894695099)) ;
#1918=CARTESIAN_POINT('Control Point',(-0.335244659736,-1.99998325112,18.1920891187)) ;
#1919=CARTESIAN_POINT('Control Point',(1.72429390683,-1.99998399163,17.893807703)) ;
#1920=CARTESIAN_POINT('Control Point',(2.71161545743,-1.99998485293,17.5416144314)) ;
#1921=CARTESIAN_POINT('Control Point',(4.49496454418,-1.99998747188,16.4690768121)) ;
#1922=CARTESIAN_POINT('Control Point',(5.74036141901,-1.99999155088,14.8018463138)) ;
#1923=CARTESIAN_POINT('Control Point',(6.18946493198,-1.99999387294,13.8546662995)) ;
#1924=CARTESIAN_POINT('Control Point',(6.44077473636,-1.99999635598,12.8449578715)) ;
#1925=CARTESIAN_POINT('Control Point',(6.49185928464,-1.99999887376,11.8252190158)) ;
#1934=CARTESIAN_POINT('Axis2P3D Location',(1.33950025516E-007,-1.99999934302,11.5000040597)) ;
#1946=CARTESIAN_POINT('Axis2P3D Location',(-166.439464905,414.323448497,150.038552754)) ;
#1951=CARTESIAN_POINT('Axis2P3D Location',(-166.342255039,413.360911727,149.785425891)) ;
#1955=CARTESIAN_POINT('Vertex',(-159.877602805,413.909486348,150.182083649)) ;
#1957=CARTESIAN_POINT('Vertex',(-172.806907273,412.812337106,149.388768134)) ;
#1960=CARTESIAN_POINT('Line Origine',(-172.904117139,413.774873876,149.641894997)) ;
#1964=CARTESIAN_POINT('Vertex',(-173.001327006,414.737410645,149.89502186)) ;
#1967=CARTESIAN_POINT('Axis2P3D Location',(-166.536674771,415.285985266,150.291679617)) ;
#1971=CARTESIAN_POINT('Vertex',(-160.072022537,415.834559887,150.688337375)) ;
#1974=CARTESIAN_POINT('Line Origine',(-159.974812671,414.872023117,150.435210512)) ;
#1986=CARTESIAN_POINT('Axis2P3D Location',(-166.439464905,414.323448497,150.038552754)) ;
#1991=CARTESIAN_POINT('Axis2P3D Location',(-166.342255039,413.360911727,149.785425891)) ;
#1996=CARTESIAN_POINT('Axis2P3D Location',(-166.536674771,415.285985266,150.291679617)) ;
#2008=CARTESIAN_POINT('Axis2P3D Location',(-166.536674771,415.285985266,150.291679617)) ;
#2019=CARTESIAN_POINT('Control Point',(-159.877602805,413.909486348,150.182083649)) ;
#2020=CARTESIAN_POINT('Control Point',(-159.634664101,415.584422536,143.906291304)) ;
#2021=CARTESIAN_POINT('Control Point',(-165.977846984,415.873316009,140.371737374)) ;
#2022=CARTESIAN_POINT('Control Point',(-172.56396857,414.487273294,143.112975789)) ;
#2023=CARTESIAN_POINT('Control Point',(-172.806907273,412.812337106,149.388768134)) ;
#2024=CARTESIAN_POINT('Control Point',(-159.235315245,407.541084543,148.52165442)) ;
#2025=CARTESIAN_POINT('Control Point',(-158.992647425,409.356410522,142.283319996)) ;
#2026=CARTESIAN_POINT('Control Point',(-165.285249072,409.22202449,138.623395587)) ;
#2027=CARTESIAN_POINT('Control Point',(-171.820518538,407.272312478,141.2018056)) ;
#2028=CARTESIAN_POINT('Control Point',(-172.063186359,405.4569865,147.440140024)) ;
#2029=CARTESIAN_POINT('Control Point',(-157.934510318,401.289616615,146.727305732)) ;
#2030=CARTESIAN_POINT('Control Point',(-157.70739864,403.250325996,140.531375521)) ;
#2031=CARTESIAN_POINT('Control Point',(-163.904067125,402.689068285,136.734222694)) ;
#2032=CARTESIAN_POINT('Control Point',(-170.327847048,400.167101048,139.133000463)) ;
#2033=CARTESIAN_POINT('Control Point',(-170.554958727,398.206392008,145.328930831)) ;
#2034=CARTESIAN_POINT('Control Point',(-155.963135855,395.242140453,144.814804521)) ;
#2035=CARTESIAN_POINT('Control Point',(-155.769909551,397.342649143,138.664136072)) ;
#2036=CARTESIAN_POINT('Control Point',(-161.823210166,396.383390308,134.726085295)) ;
#2037=CARTESIAN_POINT('Control Point',(-168.069737066,393.323622781,136.938702956)) ;
#2038=CARTESIAN_POINT('Control Point',(-168.262963364,391.22311409,143.089371392)) ;
#2039=CARTESIAN_POINT('Control Point',(-150.480969171,382.866415889,140.537884698)) ;
#2040=CARTESIAN_POINT('Control Point',(-150.382765264,385.228279126,134.479370002)) ;
#2041=CARTESIAN_POINT('Control Point',(-156.087563899,383.53990462,130.262598727)) ;
#2042=CARTESIAN_POINT('Control Point',(-161.890566461,379.489666877,132.104342162)) ;
#2043=CARTESIAN_POINT('Control Point',(-161.988770375,377.12780364,138.162856872)) ;
#2044=CARTESIAN_POINT('Control Point',(-142.724271014,371.575410607,135.939853951)) ;
#2045=CARTESIAN_POINT('Control Point',(-142.739883691,374.119999343,129.957055218)) ;
#2046=CARTESIAN_POINT('Control Point',(-148.083512982,371.94207417,125.522634711)) ;
#2047=CARTESIAN_POINT('Control Point',(-153.411529573,367.219560261,127.071012921)) ;
#2048=CARTESIAN_POINT('Control Point',(-153.395916888,364.674971524,133.053811637)) ;
#2049=CARTESIAN_POINT('Control Point',(-138.111826302,365.892380022,133.444678342)) ;
#2050=CARTESIAN_POINT('Control Point',(-138.183733142,368.510678373,127.494902949)) ;
#2051=CARTESIAN_POINT('Control Point',(-143.357604229,366.138429998,122.967761651)) ;
#2052=CARTESIAN_POINT('Control Point',(-148.459568476,361.147883287,124.390395761)) ;
#2053=CARTESIAN_POINT('Control Point',(-148.387661628,358.529584935,130.340171165)) ;
#2054=CARTESIAN_POINT('Control Point',(-125.54488314,352.15468586,127.046796688)) ;
#2055=CARTESIAN_POINT('Control Point',(-125.740630958,354.918324459,121.165202351)) ;
#2056=CARTESIAN_POINT('Control Point',(-130.553118049,352.168385912,116.450308786)) ;
#2057=CARTESIAN_POINT('Control Point',(-135.169857322,346.654808743,117.617009535)) ;
#2058=CARTESIAN_POINT('Control Point',(-134.974109515,343.891170143,123.498603854)) ;
#2059=CARTESIAN_POINT('Control Point',(-111.294297758,339.64494193,120.481673491)) ;
#2060=CARTESIAN_POINT('Control Point',(-111.562573043,342.46979313,114.633649022)) ;
#2061=CARTESIAN_POINT('Control Point',(-116.1891989,339.574728595,109.835330503)) ;
#2062=CARTESIAN_POINT('Control Point',(-120.547549473,333.854812897,110.885036489)) ;
#2063=CARTESIAN_POINT('Control Point',(-120.27927417,331.029961696,116.733060985)) ;
#2064=CARTESIAN_POINT('Control Point',(-102.36077468,332.269506764,116.460500122)) ;
#2065=CARTESIAN_POINT('Control Point',(-102.651893808,335.113286042,110.622942384)) ;
#2066=CARTESIAN_POINT('Control Point',(-107.230808554,332.180465786,105.803057445)) ;
#2067=CARTESIAN_POINT('Control Point',(-111.518604191,326.403866108,106.820730272)) ;
#2068=CARTESIAN_POINT('Control Point',(-111.227485063,323.56008683,112.658288011)) ;
#2069=CARTESIAN_POINT('Control Point',(-87.7999419557,320.398651265,109.909777801)) ;
#2070=CARTESIAN_POINT('Control Point',(-88.0975736935,323.248751612,104.075400925)) ;
#2071=CARTESIAN_POINT('Control Point',(-92.6937284684,320.325412475,99.2621261549)) ;
#2072=CARTESIAN_POINT('Control Point',(-96.9922514944,314.55197308,100.283228243)) ;
#2073=CARTESIAN_POINT('Control Point',(-96.6946197566,311.701872733,106.117605119)) ;
#2074=CARTESIAN_POINT('Control Point',(-73.5356803892,307.821279494,103.194044999)) ;
#2075=CARTESIAN_POINT('Control Point',(-73.7858799991,310.628855187,97.3369114777)) ;
#2076=CARTESIAN_POINT('Control Point',(-78.5652551998,307.864427688,92.6099668982)) ;
#2077=CARTESIAN_POINT('Control Point',(-83.0944307974,302.292424443,93.7401558506)) ;
#2078=CARTESIAN_POINT('Control Point',(-82.8442311875,299.48484875,99.5972893723)) ;
#2079=CARTESIAN_POINT('Control Point',(-68.1987110237,302.865077923,100.608841158)) ;
#2080=CARTESIAN_POINT('Control Point',(-68.4227663375,305.648454979,94.738970437)) ;
#2081=CARTESIAN_POINT('Control Point',(-73.2966995595,302.969577438,90.0575317648)) ;
#2082=CARTESIAN_POINT('Control Point',(-77.9465774696,297.507322828,91.2459638142)) ;
#2083=CARTESIAN_POINT('Control Point',(-77.7225221507,294.723945758,97.115834529)) ;
#2084=CARTESIAN_POINT('Control Point',(-57.9700173678,292.59938022,95.4396654479)) ;
#2085=CARTESIAN_POINT('Control Point',(-58.1247426953,295.314644539,89.5349752855)) ;
#2086=CARTESIAN_POINT('Control Point',(-63.2395586652,292.86918234,84.9736072992)) ;
#2087=CARTESIAN_POINT('Control Point',(-68.1996493059,287.708455836,86.3169294751)) ;
#2088=CARTESIAN_POINT('Control Point',(-68.0449239834,284.993191531,92.2216196442)) ;
#2089=CARTESIAN_POINT('Control Point',(-48.8077486494,281.090919108,90.176220794)) ;
#2090=CARTESIAN_POINT('Control Point',(-48.8622445428,283.682334218,84.2144204842)) ;
#2091=CARTESIAN_POINT('Control Point',(-54.3104814543,281.647154984,79.8425692609)) ;
#2092=CARTESIAN_POINT('Control Point',(-59.704222474,277.020560626,81.4325183473)) ;
#2093=CARTESIAN_POINT('Control Point',(-59.6497265757,274.429145503,87.3943186507)) ;
#2094=CARTESIAN_POINT('Control Point',(-44.6312403403,275.013238623,87.5514131186)) ;
#2095=CARTESIAN_POINT('Control Point',(-44.6292020641,277.526236827,81.5551129525)) ;
#2096=CARTESIAN_POINT('Control Point',(-50.2627785593,275.748520231,77.2964686273)) ;
#2097=CARTESIAN_POINT('Control Point',(-55.8983933257,271.45780543,79.0341244617)) ;
#2098=CARTESIAN_POINT('Control Point',(-55.9004316018,268.944807213,85.0304246245)) ;
#2099=CARTESIAN_POINT('Control Point',(-37.8452808086,262.82257108,82.6631730832)) ;
#2100=CARTESIAN_POINT('Control Point',(-37.7339672729,265.145390545,76.5898678029)) ;
#2101=CARTESIAN_POINT('Control Point',(-43.7210137102,263.986168684,72.5812034027)) ;
#2102=CARTESIAN_POINT('Control Point',(-49.8193736875,260.504127358,74.6458442884)) ;
#2103=CARTESIAN_POINT('Control Point',(-49.9306872232,258.181307905,80.7191495716)) ;
#2104=CARTESIAN_POINT('Control Point',(-33.5580539633,249.276522144,78.0078413777)) ;
#2105=CARTESIAN_POINT('Control Point',(-33.3625826362,251.342016939,71.8455948097)) ;
#2106=CARTESIAN_POINT('Control Point',(-39.6171143898,251.00869331,68.1217645322)) ;
#2107=CARTESIAN_POINT('Control Point',(-46.0671174667,248.609874886,70.5601808177)) ;
#2108=CARTESIAN_POINT('Control Point',(-46.2625887938,246.544380081,76.7224273833)) ;
#2109=CARTESIAN_POINT('Control Point',(-32.2215689366,242.728658706,75.9342035775)) ;
#2110=CARTESIAN_POINT('Control Point',(-31.9985673849,244.66256157,69.7301866179)) ;
#2111=CARTESIAN_POINT('Control Point',(-38.3396455229,244.749217352,66.1393510551)) ;
#2112=CARTESIAN_POINT('Control Point',(-44.9037261549,242.901969793,68.7525325706)) ;
#2113=CARTESIAN_POINT('Control Point',(-45.1267277082,240.968066415,74.9565497035)) ;
#2114=CARTESIAN_POINT('Control Point',(-31.5869729631,236.043959263,73.9934105308)) ;
#2115=CARTESIAN_POINT('Control Point',(-31.3519131284,237.845533505,67.7511308372)) ;
#2116=CARTESIAN_POINT('Control Point',(-37.7306701026,238.352495936,64.2816759876)) ;
#2117=CARTESIAN_POINT('Control Point',(-44.3444869119,237.057884125,67.0545008315)) ;
#2118=CARTESIAN_POINT('Control Point',(-44.5795467474,235.256309883,73.2967805251)) ;
#2119=CARTESIAN_POINT('Control Point',(-31.5947684673,229.348727735,72.2054717376)) ;
#2120=CARTESIAN_POINT('Control Point',(-31.3598552118,231.024411507,65.9295734226)) ;
#2121=CARTESIAN_POINT('Control Point',(-37.7381481403,231.929922068,62.5665494944)) ;
#2122=CARTESIAN_POINT('Control Point',(-44.3513543243,231.159748858,65.4794238811)) ;
#2123=CARTESIAN_POINT('Control Point',(-44.5862675799,229.484065086,71.755322196)) ;
#2125=CARTESIAN_POINT('Control Point',(-31.5947684673,229.348727735,72.2054717376)) ;
#2126=CARTESIAN_POINT('Control Point',(-31.3598552118,231.024411507,65.9295734226)) ;
#2127=CARTESIAN_POINT('Control Point',(-37.7381481403,231.929922068,62.5665494944)) ;
#2128=CARTESIAN_POINT('Control Point',(-44.3513543243,231.159748858,65.4794238811)) ;
#2129=CARTESIAN_POINT('Control Point',(-44.5862675799,229.484065086,71.755322196)) ;
#2130=CARTESIAN_POINT('Vertex',(-31.5947684673,229.348727735,72.2054717376)) ;
#2132=CARTESIAN_POINT('Vertex',(-44.5862675799,229.484065086,71.755322196)) ;
#2136=CARTESIAN_POINT('Control Point',(-172.806907273,412.812337106,149.388768134)) ;
#2137=CARTESIAN_POINT('Control Point',(-172.063186359,405.4569865,147.440140024)) ;
#2138=CARTESIAN_POINT('Control Point',(-170.554958727,398.206392008,145.328930831)) ;
#2139=CARTESIAN_POINT('Control Point',(-168.262963364,391.22311409,143.089371392)) ;
#2140=CARTESIAN_POINT('Control Point',(-161.988770375,377.12780364,138.162856872)) ;
#2141=CARTESIAN_POINT('Control Point',(-153.395916888,364.674971524,133.053811637)) ;
#2142=CARTESIAN_POINT('Control Point',(-148.387661628,358.529584935,130.340171165)) ;
#2143=CARTESIAN_POINT('Control Point',(-134.974109515,343.891170143,123.498603854)) ;
#2144=CARTESIAN_POINT('Control Point',(-120.27927417,331.029961696,116.733060985)) ;
#2145=CARTESIAN_POINT('Control Point',(-111.227485063,323.56008683,112.658288011)) ;
#2146=CARTESIAN_POINT('Control Point',(-96.6946197566,311.701872733,106.117605119)) ;
#2147=CARTESIAN_POINT('Control Point',(-82.8442311875,299.48484875,99.5972893723)) ;
#2148=CARTESIAN_POINT('Control Point',(-77.7225221507,294.723945758,97.115834529)) ;
#2149=CARTESIAN_POINT('Control Point',(-68.0449239834,284.993191531,92.2216196442)) ;
#2150=CARTESIAN_POINT('Control Point',(-59.6497265757,274.429145503,87.3943186507)) ;
#2151=CARTESIAN_POINT('Control Point',(-55.9004316018,268.944807213,85.0304246245)) ;
#2152=CARTESIAN_POINT('Control Point',(-49.9306872232,258.181307905,80.7191495716)) ;
#2153=CARTESIAN_POINT('Control Point',(-46.2625887938,246.544380081,76.7224273833)) ;
#2154=CARTESIAN_POINT('Control Point',(-45.1267277082,240.968066415,74.9565497035)) ;
#2155=CARTESIAN_POINT('Control Point',(-44.5795467474,235.256309883,73.2967805251)) ;
#2156=CARTESIAN_POINT('Control Point',(-44.5862675799,229.484065086,71.755322196)) ;
#2159=CARTESIAN_POINT('Control Point',(-159.877602805,413.909486348,150.182083649)) ;
#2160=CARTESIAN_POINT('Control Point',(-159.235315245,407.541084543,148.52165442)) ;
#2161=CARTESIAN_POINT('Control Point',(-157.934510318,401.289616615,146.727305732)) ;
#2162=CARTESIAN_POINT('Control Point',(-155.963135855,395.242140453,144.814804521)) ;
#2163=CARTESIAN_POINT('Control Point',(-150.480969171,382.866415889,140.537884698)) ;
#2164=CARTESIAN_POINT('Control Point',(-142.724271014,371.575410607,135.939853951)) ;
#2165=CARTESIAN_POINT('Control Point',(-138.111826302,365.892380022,133.444678342)) ;
#2166=CARTESIAN_POINT('Control Point',(-125.54488314,352.15468586,127.046796688)) ;
#2167=CARTESIAN_POINT('Control Point',(-111.294297758,339.64494193,120.481673491)) ;
#2168=CARTESIAN_POINT('Control Point',(-102.36077468,332.269506764,116.460500122)) ;
#2169=CARTESIAN_POINT('Control Point',(-87.7999419557,320.398651265,109.909777801)) ;
#2170=CARTESIAN_POINT('Control Point',(-73.5356803892,307.821279494,103.194044999)) ;
#2171=CARTESIAN_POINT('Control Point',(-68.1987110237,302.865077923,100.608841158)) ;
#2172=CARTESIAN_POINT('Control Point',(-57.9700173678,292.59938022,95.4396654479)) ;
#2173=CARTESIAN_POINT('Control Point',(-48.8077486494,281.090919108,90.176220794)) ;
#2174=CARTESIAN_POINT('Control Point',(-44.6312403403,275.013238623,87.5514131186)) ;
#2175=CARTESIAN_POINT('Control Point',(-37.8452808086,262.82257108,82.6631730832)) ;
#2176=CARTESIAN_POINT('Control Point',(-33.5580539633,249.276522144,78.0078413777)) ;
#2177=CARTESIAN_POINT('Control Point',(-32.2215689366,242.728658706,75.9342035775)) ;
#2178=CARTESIAN_POINT('Control Point',(-31.5869729631,236.043959263,73.9934105308)) ;
#2179=CARTESIAN_POINT('Control Point',(-31.5947684673,229.348727735,72.2054717376)) ;
#2189=CARTESIAN_POINT('Control Point',(-172.806907273,412.812337106,149.388768134)) ;
#2190=CARTESIAN_POINT('Control Point',(-173.049845977,411.137400917,155.664560478)) ;
#2191=CARTESIAN_POINT('Control Point',(-166.706663095,410.848507444,159.199114408)) ;
#2192=CARTESIAN_POINT('Control Point',(-160.120541509,412.234550159,156.457875993)) ;
#2193=CARTESIAN_POINT('Control Point',(-159.877602805,413.909486348,150.182083649)) ;
#2194=CARTESIAN_POINT('Control Point',(-172.063186359,405.4569865,147.440140024)) ;
#2195=CARTESIAN_POINT('Control Point',(-172.305854178,403.641660519,153.678474448)) ;
#2196=CARTESIAN_POINT('Control Point',(-166.013252532,403.776046553,157.338398858)) ;
#2197=CARTESIAN_POINT('Control Point',(-159.477983065,405.725758563,154.759988844)) ;
#2198=CARTESIAN_POINT('Control Point',(-159.235315245,407.541084543,148.52165442)) ;
#2199=CARTESIAN_POINT('Control Point',(-170.554958727,398.206392008,145.328930831)) ;
#2200=CARTESIAN_POINT('Control Point',(-170.782070151,396.245682263,151.524861271)) ;
#2201=CARTESIAN_POINT('Control Point',(-164.585401653,396.806940314,155.322013665)) ;
#2202=CARTESIAN_POINT('Control Point',(-158.161621693,399.328906774,152.923235944)) ;
#2203=CARTESIAN_POINT('Control Point',(-157.934510318,401.289616615,146.727305732)) ;
#2204=CARTESIAN_POINT('Control Point',(-168.262963364,391.22311409,143.089371392)) ;
#2205=CARTESIAN_POINT('Control Point',(-168.456189656,389.122605412,149.240039835)) ;
#2206=CARTESIAN_POINT('Control Point',(-162.402889041,390.08186426,153.178090612)) ;
#2207=CARTESIAN_POINT('Control Point',(-156.156362135,393.141631774,150.965472958)) ;
#2208=CARTESIAN_POINT('Control Point',(-155.963135855,395.242140453,144.814804521)) ;
#2209=CARTESIAN_POINT('Control Point',(-161.988770375,377.12780364,138.162856872)) ;
#2210=CARTESIAN_POINT('Control Point',(-162.086974296,374.765940389,144.221371575)) ;
#2211=CARTESIAN_POINT('Control Point',(-156.382175661,376.454314881,148.43814285)) ;
#2212=CARTESIAN_POINT('Control Point',(-150.579173105,380.504552638,146.596399408)) ;
#2213=CARTESIAN_POINT('Control Point',(-150.480969171,382.866415889,140.537884698)) ;
#2214=CARTESIAN_POINT('Control Point',(-153.395916888,364.674971524,133.053811637)) ;
#2215=CARTESIAN_POINT('Control Point',(-153.380304196,362.130382803,139.036610362)) ;
#2216=CARTESIAN_POINT('Control Point',(-148.036674905,364.308307991,143.471030869)) ;
#2217=CARTESIAN_POINT('Control Point',(-142.708658306,369.030821885,141.922652667)) ;
#2218=CARTESIAN_POINT('Control Point',(-142.724271014,371.575410607,135.939853951)) ;
#2219=CARTESIAN_POINT('Control Point',(-148.387661628,358.529584935,130.340171165)) ;
#2220=CARTESIAN_POINT('Control Point',(-148.315754788,355.911286599,136.289946569)) ;
#2221=CARTESIAN_POINT('Control Point',(-143.141883701,358.283534974,140.817087867)) ;
#2222=CARTESIAN_POINT('Control Point',(-138.039919462,363.274081686,139.394453757)) ;
#2223=CARTESIAN_POINT('Control Point',(-138.111826302,365.892380022,133.444678342)) ;
#2224=CARTESIAN_POINT('Control Point',(-134.974109515,343.891170143,123.498603854)) ;
#2225=CARTESIAN_POINT('Control Point',(-134.778361697,341.12753152,129.380198174)) ;
#2226=CARTESIAN_POINT('Control Point',(-129.965874607,343.877470067,134.095091738)) ;
#2227=CARTESIAN_POINT('Control Point',(-125.349135322,349.391047237,132.928390989)) ;
#2228=CARTESIAN_POINT('Control Point',(-125.54488314,352.15468586,127.046796688)) ;
#2229=CARTESIAN_POINT('Control Point',(-120.27927417,331.029961696,116.733060985)) ;
#2230=CARTESIAN_POINT('Control Point',(-120.010998886,328.205110532,122.581085482)) ;
#2231=CARTESIAN_POINT('Control Point',(-115.384373029,331.100175067,127.379404001)) ;
#2232=CARTESIAN_POINT('Control Point',(-111.026022474,336.820090765,126.329698015)) ;
#2233=CARTESIAN_POINT('Control Point',(-111.294297758,339.64494193,120.481673491)) ;
#2234=CARTESIAN_POINT('Control Point',(-111.227485063,323.56008683,112.658288011)) ;
#2235=CARTESIAN_POINT('Control Point',(-110.936365935,320.716307444,118.495845759)) ;
#2236=CARTESIAN_POINT('Control Point',(-106.357451162,323.649127808,123.315730679)) ;
#2237=CARTESIAN_POINT('Control Point',(-102.069655543,329.42572745,122.29805787)) ;
#2238=CARTESIAN_POINT('Control Point',(-102.36077468,332.269506764,116.460500122)) ;
#2239=CARTESIAN_POINT('Control Point',(-96.6946197566,311.701872733,106.117605119)) ;
#2240=CARTESIAN_POINT('Control Point',(-96.3969880188,308.851772452,111.951981989)) ;
#2241=CARTESIAN_POINT('Control Point',(-91.8008332605,311.775111522,116.76525677)) ;
#2242=CARTESIAN_POINT('Control Point',(-87.5023102234,317.54855094,115.744154671)) ;
#2243=CARTESIAN_POINT('Control Point',(-87.7999419557,320.398651265,109.909777801)) ;
#2244=CARTESIAN_POINT('Control Point',(-82.8442311875,299.48484875,99.5972893723)) ;
#2245=CARTESIAN_POINT('Control Point',(-82.5940315776,296.677273017,105.454422897)) ;
#2246=CARTESIAN_POINT('Control Point',(-77.8146563667,299.441700556,110.18136747)) ;
#2247=CARTESIAN_POINT('Control Point',(-73.2854807759,305.013703788,109.051178524)) ;
#2248=CARTESIAN_POINT('Control Point',(-73.5356803892,307.821279494,103.194044999)) ;
#2249=CARTESIAN_POINT('Control Point',(-77.7225221507,294.723945758,97.115834529)) ;
#2250=CARTESIAN_POINT('Control Point',(-77.4984668387,291.940568689,102.98570525)) ;
#2251=CARTESIAN_POINT('Control Point',(-72.624533615,294.61944623,107.667143923)) ;
#2252=CARTESIAN_POINT('Control Point',(-67.9746557066,300.08170084,106.47871188)) ;
#2253=CARTESIAN_POINT('Control Point',(-68.1987110237,302.865077923,100.608841158)) ;
#2254=CARTESIAN_POINT('Control Point',(-68.0449239834,284.993191531,92.2216196442)) ;
#2255=CARTESIAN_POINT('Control Point',(-67.8901986541,282.277927226,98.1263098065)) ;
#2256=CARTESIAN_POINT('Control Point',(-62.7753826859,284.723389425,102.687677793)) ;
#2257=CARTESIAN_POINT('Control Point',(-57.8152920435,289.884115929,101.34435561)) ;
#2258=CARTESIAN_POINT('Control Point',(-57.9700173678,292.59938022,95.4396654479)) ;
#2259=CARTESIAN_POINT('Control Point',(-59.6497265757,274.429145503,87.3943186507)) ;
#2260=CARTESIAN_POINT('Control Point',(-59.5952306839,271.83773038,93.3561189605)) ;
#2261=CARTESIAN_POINT('Control Point',(-54.1469937708,273.872909614,97.7279701838)) ;
#2262=CARTESIAN_POINT('Control Point',(-48.7532527527,278.499503972,96.1380211039)) ;
#2263=CARTESIAN_POINT('Control Point',(-48.8077486494,281.090919108,90.176220794)) ;
#2264=CARTESIAN_POINT('Control Point',(-55.9004316018,268.944807213,85.0304246245)) ;
#2265=CARTESIAN_POINT('Control Point',(-55.9024698747,266.431809009,91.0267247939)) ;
#2266=CARTESIAN_POINT('Control Point',(-50.2688933877,268.209525605,95.285369119)) ;
#2267=CARTESIAN_POINT('Control Point',(-44.6332786229,272.500240406,93.5477132782)) ;
#2268=CARTESIAN_POINT('Control Point',(-44.6312403403,275.013238623,87.5514131186)) ;
#2269=CARTESIAN_POINT('Control Point',(-49.9306872232,258.181307905,80.7191495716)) ;
#2270=CARTESIAN_POINT('Control Point',(-50.0420007618,255.85848844,86.792454849)) ;
#2271=CARTESIAN_POINT('Control Point',(-44.0549543174,257.017710301,90.8011192493)) ;
#2272=CARTESIAN_POINT('Control Point',(-37.9565943387,260.499751627,88.7364783692)) ;
#2273=CARTESIAN_POINT('Control Point',(-37.8452808086,262.82257108,82.6631730832)) ;
#2274=CARTESIAN_POINT('Control Point',(-46.2625887938,246.544380081,76.7224273833)) ;
#2275=CARTESIAN_POINT('Control Point',(-46.4580601184,244.478885286,82.8846739538)) ;
#2276=CARTESIAN_POINT('Control Point',(-40.2035283711,244.812208915,86.6085042313)) ;
#2277=CARTESIAN_POINT('Control Point',(-33.7535252954,247.211027339,84.1700879408)) ;
#2278=CARTESIAN_POINT('Control Point',(-33.5580539633,249.276522144,78.0078413777)) ;
#2279=CARTESIAN_POINT('Control Point',(-45.1267277082,240.968066415,74.9565497035)) ;
#2280=CARTESIAN_POINT('Control Point',(-45.3497293384,239.034163395,81.1605666982)) ;
#2281=CARTESIAN_POINT('Control Point',(-39.0086511106,238.947507771,84.751402377)) ;
#2282=CARTESIAN_POINT('Control Point',(-32.444570925,240.794755251,82.1382207701)) ;
#2283=CARTESIAN_POINT('Control Point',(-32.2215689366,242.728658706,75.9342035775)) ;
#2284=CARTESIAN_POINT('Control Point',(-44.5795467474,235.256309883,73.2967805251)) ;
#2285=CARTESIAN_POINT('Control Point',(-44.8146065817,233.454735642,79.5390602189)) ;
#2286=CARTESIAN_POINT('Control Point',(-38.4358496073,232.947773211,83.0085150682)) ;
#2287=CARTESIAN_POINT('Control Point',(-31.8220327982,234.242385023,80.2356902244)) ;
#2288=CARTESIAN_POINT('Control Point',(-31.5869729631,236.043959263,73.9934105308)) ;
#2289=CARTESIAN_POINT('Control Point',(-44.5862675799,229.484065086,71.755322196)) ;
#2290=CARTESIAN_POINT('Control Point',(-44.8211808355,227.808381314,78.031220511)) ;
#2291=CARTESIAN_POINT('Control Point',(-38.442887907,226.902870753,81.3942444393)) ;
#2292=CARTESIAN_POINT('Control Point',(-31.8296817229,227.673043964,78.4813700526)) ;
#2293=CARTESIAN_POINT('Control Point',(-31.5947684673,229.348727735,72.2054717376)) ;
#2295=CARTESIAN_POINT('Control Point',(-44.5862675799,229.484065086,71.755322196)) ;
#2296=CARTESIAN_POINT('Control Point',(-44.8211808355,227.808381314,78.031220511)) ;
#2297=CARTESIAN_POINT('Control Point',(-38.442887907,226.902870753,81.3942444393)) ;
#2298=CARTESIAN_POINT('Control Point',(-31.8296817229,227.673043964,78.4813700526)) ;
#2299=CARTESIAN_POINT('Control Point',(-31.5947684673,229.348727735,72.2054717376)) ;
#2308=CARTESIAN_POINT('Axis2P3D Location',(-38.0927678501,227.484110648,71.4643866291)) ;
#2313=CARTESIAN_POINT('Axis2P3D Location',(-38.0950176766,225.551824885,70.9483762913)) ;
#2317=CARTESIAN_POINT('Vertex',(-31.5992681203,225.484156209,71.1734510621)) ;
#2319=CARTESIAN_POINT('Vertex',(-44.5907672329,225.61949356,70.7233015206)) ;
#2322=CARTESIAN_POINT('Line Origine',(-44.5885174064,227.551779323,71.2393118583)) ;
#2327=CARTESIAN_POINT('Line Origine',(-31.5970182938,227.416441972,71.6894613998)) ;
#2339=CARTESIAN_POINT('Axis2P3D Location',(-38.0927678501,227.484110648,71.4643866291)) ;
#2344=CARTESIAN_POINT('Axis2P3D Location',(-38.0950176766,225.551824885,70.9483762913)) ;
#2356=CARTESIAN_POINT('Axis2P3D Location',(-38.0950176766,225.551824885,70.9483762913)) ;
#2369=CARTESIAN_POINT('Control Point',(-245.862755214,666.740492392,211.185969135)) ;
#2370=CARTESIAN_POINT('Control Point',(-246.206221639,668.522972825,204.944591537)) ;
#2371=CARTESIAN_POINT('Control Point',(-252.779357665,668.286771332,201.854188384)) ;
#2372=CARTESIAN_POINT('Control Point',(-259.009027265,666.268089408,205.00516283)) ;
#2373=CARTESIAN_POINT('Control Point',(-258.665560839,664.485608975,211.246540428)) ;
#2374=CARTESIAN_POINT('Control Point',(-244.900777846,661.235059665,209.566422358)) ;
#2375=CARTESIAN_POINT('Control Point',(-245.250758117,663.086577709,203.345119732)) ;
#2376=CARTESIAN_POINT('Control Point',(-251.85354014,663.035770853,200.303602359)) ;
#2377=CARTESIAN_POINT('Control Point',(-258.106341893,661.133445958,203.483387611)) ;
#2378=CARTESIAN_POINT('Control Point',(-257.756361621,659.281927916,209.704690238)) ;
#2379=CARTESIAN_POINT('Control Point',(-244.143817419,655.873913614,207.911731618)) ;
#2380=CARTESIAN_POINT('Control Point',(-244.499813022,657.783451028,201.708373757)) ;
#2381=CARTESIAN_POINT('Control Point',(-251.100423412,657.759913644,198.675375946)) ;
#2382=CARTESIAN_POINT('Control Point',(-257.34503847,655.826839601,201.845736118)) ;
#2383=CARTESIAN_POINT('Control Point',(-256.989042896,653.917302378,208.049094213)) ;
#2384=CARTESIAN_POINT('Control Point',(-243.3308293,650.601824436,206.210731938)) ;
#2385=CARTESIAN_POINT('Control Point',(-243.698664387,652.558334169,200.022900382)) ;
#2386=CARTESIAN_POINT('Control Point',(-250.295038967,652.457254222,196.970717697)) ;
#2387=CARTESIAN_POINT('Control Point',(-256.523578442,650.399664589,200.106366558)) ;
#2388=CARTESIAN_POINT('Control Point',(-256.155743358,648.443154868,206.294198112)) ;
#2389=CARTESIAN_POINT('Control Point',(-241.205262772,639.224052404,202.398918726)) ;
#2390=CARTESIAN_POINT('Control Point',(-241.613368321,641.254607944,196.237469044)) ;
#2391=CARTESIAN_POINT('Control Point',(-248.16419489,640.816282978,193.100716208)) ;
#2392=CARTESIAN_POINT('Control Point',(-254.30691593,638.347402416,196.125413067)) ;
#2393=CARTESIAN_POINT('Control Point',(-253.898810378,636.316846862,202.286862752)) ;
#2394=CARTESIAN_POINT('Control Point',(-238.033213509,628.343362662,198.519617209)) ;
#2395=CARTESIAN_POINT('Control Point',(-238.497205621,630.37644923,192.363157107)) ;
#2396=CARTESIAN_POINT('Control Point',(-244.918461699,629.371934336,189.084591783)) ;
#2397=CARTESIAN_POINT('Control Point',(-250.875725639,626.334332945,191.962486544)) ;
#2398=CARTESIAN_POINT('Control Point',(-250.411733532,624.301246395,198.118946642)) ;
#2399=CARTESIAN_POINT('Control Point',(-235.870851565,622.50841002,196.396715967)) ;
#2400=CARTESIAN_POINT('Control Point',(-236.36411231,624.51874883,190.234934036)) ;
#2401=CARTESIAN_POINT('Control Point',(-242.68267262,623.185564856,186.874869601)) ;
#2402=CARTESIAN_POINT('Control Point',(-248.507972195,619.842042055,189.676587111)) ;
#2403=CARTESIAN_POINT('Control Point',(-248.01471145,617.831703244,195.838369042)) ;
#2404=CARTESIAN_POINT('Control Point',(-230.171756871,609.809490745,191.776205028)) ;
#2405=CARTESIAN_POINT('Control Point',(-230.701858308,611.730768081,185.588592218)) ;
#2406=CARTESIAN_POINT('Control Point',(-236.753394633,609.720302215,182.061823805)) ;
#2407=CARTESIAN_POINT('Control Point',(-242.27482951,605.788559035,184.722668185)) ;
#2408=CARTESIAN_POINT('Control Point',(-241.744728073,603.8672817,190.910280995)) ;
#2409=CARTESIAN_POINT('Control Point',(-222.799590499,597.607764737,187.500363752)) ;
#2410=CARTESIAN_POINT('Control Point',(-223.30038136,599.388164665,181.268161505)) ;
#2411=CARTESIAN_POINT('Control Point',(-229.07845235,596.886469607,177.621658275)) ;
#2412=CARTESIAN_POINT('Control Point',(-234.355732492,592.604374594,180.207357311)) ;
#2413=CARTESIAN_POINT('Control Point',(-233.854941632,590.823974665,186.439559558)) ;
#2414=CARTESIAN_POINT('Control Point',(-218.322690937,590.950963579,185.281330872)) ;
#2415=CARTESIAN_POINT('Control Point',(-218.785110719,592.650106424,179.023265231)) ;
#2416=CARTESIAN_POINT('Control Point',(-224.439046009,589.958584099,175.330372151)) ;
#2417=CARTESIAN_POINT('Control Point',(-229.630561484,585.567918825,177.895544698)) ;
#2418=CARTESIAN_POINT('Control Point',(-229.168141702,583.868776007,184.153610339)) ;
#2419=CARTESIAN_POINT('Control Point',(-210.169033317,579.42728707,181.708112321)) ;
#2420=CARTESIAN_POINT('Control Point',(-210.541997617,580.984354349,175.406719852)) ;
#2421=CARTESIAN_POINT('Control Point',(-216.051971106,578.08047932,171.660918604)) ;
#2422=CARTESIAN_POINT('Control Point',(-221.188980319,573.619537088,174.216509835)) ;
#2423=CARTESIAN_POINT('Control Point',(-220.816016019,572.06246979,180.517902303)) ;
#2424=CARTESIAN_POINT('Control Point',(-201.772783129,567.628600512,178.596240859)) ;
#2425=CARTESIAN_POINT('Control Point',(-202.036637252,569.037655269,172.255515824)) ;
#2426=CARTESIAN_POINT('Control Point',(-207.535210415,566.121120351,168.504675056)) ;
#2427=CARTESIAN_POINT('Control Point',(-212.769929437,561.795530619,171.094559316)) ;
#2428=CARTESIAN_POINT('Control Point',(-212.506075314,560.386475877,177.43528435)) ;
#2429=CARTESIAN_POINT('Control Point',(-198.202665578,562.497657697,177.349035097)) ;
#2430=CARTESIAN_POINT('Control Point',(-198.41925364,563.842074284,170.992478342)) ;
#2431=CARTESIAN_POINT('Control Point',(-203.9384742,560.955300232,167.247998949)) ;
#2432=CARTESIAN_POINT('Control Point',(-209.241106697,556.724109609,169.860076307)) ;
#2433=CARTESIAN_POINT('Control Point',(-209.024518638,555.379693022,176.216633054)) ;
#2434=CARTESIAN_POINT('Control Point',(-191.603735761,552.542500307,175.135682329)) ;
#2435=CARTESIAN_POINT('Control Point',(-191.736819613,553.760279101,168.75110401)) ;
#2436=CARTESIAN_POINT('Control Point',(-197.342009136,550.998479567,165.035797477)) ;
#2437=CARTESIAN_POINT('Control Point',(-202.814114806,547.018901226,167.705069267)) ;
#2438=CARTESIAN_POINT('Control Point',(-202.68103095,545.801122433,174.089647592)) ;
#2439=CARTESIAN_POINT('Control Point',(-185.541248724,542.035502495,173.166611958)) ;
#2440=CARTESIAN_POINT('Control Point',(-185.616904065,543.126068848,166.758692464)) ;
#2441=CARTESIAN_POINT('Control Point',(-191.379941737,540.618212532,163.105619671)) ;
#2442=CARTESIAN_POINT('Control Point',(-197.067324067,537.019789875,165.860466368)) ;
#2443=CARTESIAN_POINT('Control Point',(-196.991668728,535.929223523,172.268385855)) ;
#2444=CARTESIAN_POINT('Control Point',(-182.845715762,536.933890091,172.28473854)) ;
#2445=CARTESIAN_POINT('Control Point',(-182.902974189,537.965629751,165.867029698)) ;
#2446=CARTESIAN_POINT('Control Point',(-188.75334983,535.606240685,162.250840049)) ;
#2447=CARTESIAN_POINT('Control Point',(-194.546467044,532.215111936,165.052359242)) ;
#2448=CARTESIAN_POINT('Control Point',(-194.489208614,531.183372276,171.47006809)) ;
#2449=CARTESIAN_POINT('Control Point',(-178.150006835,527.002952503,170.68676286)) ;
#2450=CARTESIAN_POINT('Control Point',(-178.194066844,527.933582952,164.253535602)) ;
#2451=CARTESIAN_POINT('Control Point',(-184.220881621,525.904909089,160.720471729)) ;
#2452=CARTESIAN_POINT('Control Point',(-190.20363639,522.945604798,163.620635115)) ;
#2453=CARTESIAN_POINT('Control Point',(-190.159576383,522.014974349,170.053862368)) ;
#2454=CARTESIAN_POINT('Control Point',(-174.326354172,516.657017037,169.182718445)) ;
#2455=CARTESIAN_POINT('Control Point',(-174.393792534,517.522448405,162.740843834)) ;
#2456=CARTESIAN_POINT('Control Point',(-180.592214844,515.8873186,159.307795648)) ;
#2457=CARTESIAN_POINT('Control Point',(-186.723198793,513.386757407,162.316622072)) ;
#2458=CARTESIAN_POINT('Control Point',(-186.655760429,512.521326038,168.758496687)) ;
#2459=CARTESIAN_POINT('Control Point',(-172.734305165,511.697403778,168.484854578)) ;
#2460=CARTESIAN_POINT('Control Point',(-172.820161326,512.543283339,162.040654538)) ;
#2461=CARTESIAN_POINT('Control Point',(-179.093421503,511.101982048,158.657004631)) ;
#2462=CARTESIAN_POINT('Control Point',(-185.280825524,508.814801218,161.717554766)) ;
#2463=CARTESIAN_POINT('Control Point',(-185.194969366,507.968921662,168.161754808)) ;
#2464=CARTESIAN_POINT('Control Point',(-169.167777462,498.765735715,166.685448582)) ;
#2465=CARTESIAN_POINT('Control Point',(-169.31129306,499.596047772,160.240080463)) ;
#2466=CARTESIAN_POINT('Control Point',(-175.75197302,498.651500311,156.982882628)) ;
#2467=CARTESIAN_POINT('Control Point',(-182.049137373,496.876640756,160.171052909)) ;
#2468=CARTESIAN_POINT('Control Point',(-181.905621771,496.046328692,166.616421025)) ;
#2469=CARTESIAN_POINT('Control Point',(-166.86463585,485.667173506,164.817269625)) ;
#2470=CARTESIAN_POINT('Control Point',(-167.07275205,486.56887449,158.383077283)) ;
#2471=CARTESIAN_POINT('Control Point',(-173.612094053,486.062008718,155.236175081)) ;
#2472=CARTESIAN_POINT('Control Point',(-179.943319869,484.65344202,158.523465227)) ;
#2473=CARTESIAN_POINT('Control Point',(-179.735203675,483.751741047,164.957657575)) ;
#2474=CARTESIAN_POINT('Control Point',(-165.843262864,477.670266254,163.601635877)) ;
#2475=CARTESIAN_POINT('Control Point',(-166.081357824,478.646397098,157.178744001)) ;
#2476=CARTESIAN_POINT('Control Point',(-172.654041366,478.355323587,154.085171946)) ;
#2477=CARTESIAN_POINT('Control Point',(-178.988629965,477.088119219,157.414491755)) ;
#2478=CARTESIAN_POINT('Control Point',(-178.750535022,476.111988351,163.837383625)) ;
#2479=CARTESIAN_POINT('Control Point',(-164.193954927,461.510880096,160.882534552)) ;
#2480=CARTESIAN_POINT('Control Point',(-164.471984653,462.675685318,154.491673126)) ;
#2481=CARTESIAN_POINT('Control Point',(-171.085379522,462.69916764,151.473833626)) ;
#2482=CARTESIAN_POINT('Control Point',(-177.420744647,461.557844752,154.846855562)) ;
#2483=CARTESIAN_POINT('Control Point',(-177.142714903,460.393039554,161.237716993)) ;
#2484=CARTESIAN_POINT('Control Point',(-162.936025338,445.669152653,157.595012177)) ;
#2485=CARTESIAN_POINT('Control Point',(-163.229705876,447.051603946,151.248940698)) ;
#2486=CARTESIAN_POINT('Control Point',(-169.848511881,447.170638583,148.251404111)) ;
#2487=CARTESIAN_POINT('Control Point',(-176.173637368,445.907221913,151.59993899)) ;
#2488=CARTESIAN_POINT('Control Point',(-175.879956849,444.524770595,157.946010463)) ;
#2489=CARTESIAN_POINT('Control Point',(-162.259288769,437.641522655,155.741116768)) ;
#2490=CARTESIAN_POINT('Control Point',(-162.560012213,439.129697493,149.419980738)) ;
#2491=CARTESIAN_POINT('Control Point',(-169.178748567,439.250244892,146.421636406)) ;
#2492=CARTESIAN_POINT('Control Point',(-175.496761472,437.882617465,149.744428105)) ;
#2493=CARTESIAN_POINT('Control Point',(-175.196038028,436.394442627,156.065564116)) ;
#2494=CARTESIAN_POINT('Control Point',(-161.313810539,428.183191167,153.35107828)) ;
#2495=CARTESIAN_POINT('Control Point',(-161.624363804,429.770645945,147.055467129)) ;
#2496=CARTESIAN_POINT('Control Point',(-168.240597349,429.867496655,144.050659645)) ;
#2497=CARTESIAN_POINT('Control Point',(-174.546277631,428.376892584,147.341463312)) ;
#2498=CARTESIAN_POINT('Control Point',(-174.235724366,426.789437805,153.637074467)) ;
#2499=CARTESIAN_POINT('Control Point',(-160.347003244,418.671525859,150.856542061)) ;
#2500=CARTESIAN_POINT('Control Point',(-160.660968622,420.292307736,144.569688783)) ;
#2501=CARTESIAN_POINT('Control Point',(-167.279246698,420.40918999,141.57014669)) ;
#2502=CARTESIAN_POINT('Control Point',(-173.583559395,418.905290367,144.857457875)) ;
#2503=CARTESIAN_POINT('Control Point',(-173.269594016,417.28450849,151.144311152)) ;
#2504=CARTESIAN_POINT('Control Point',(-160.190723432,417.113133568,150.445070851)) ;
#2505=CARTESIAN_POINT('Control Point',(-160.506508227,418.751994798,144.162976796)) ;
#2506=CARTESIAN_POINT('Control Point',(-167.127671714,418.89749154,141.170962478)) ;
#2507=CARTESIAN_POINT('Control Point',(-173.43305041,417.404127093,144.461042202)) ;
#2508=CARTESIAN_POINT('Control Point',(-173.117265615,415.765265841,150.743136258)) ;
#2509=CARTESIAN_POINT('Control Point',(-160.036322801,415.593372914,150.046313005)) ;
#2510=CARTESIAN_POINT('Control Point',(-160.350071786,417.212034275,143.758904362)) ;
#2511=CARTESIAN_POINT('Control Point',(-166.968254875,417.327975283,140.759115587)) ;
#2512=CARTESIAN_POINT('Control Point',(-173.272688981,415.825254929,144.046735455)) ;
#2513=CARTESIAN_POINT('Control Point',(-172.958939996,414.206593567,150.334144098)) ;
#2514=CARTESIAN_POINT('Control Point',(-159.880643517,414.051300799,149.640721134)) ;
#2515=CARTESIAN_POINT('Control Point',(-160.194707016,415.673077558,143.354131895)) ;
#2516=CARTESIAN_POINT('Control Point',(-166.813350287,415.793576865,140.355542032)) ;
#2517=CARTESIAN_POINT('Control Point',(-173.11793006,414.292299413,143.643541409)) ;
#2518=CARTESIAN_POINT('Control Point',(-172.803866561,412.670522654,149.930130648)) ;
#2520=CARTESIAN_POINT('Control Point',(-159.880643517,414.051300799,149.640721134)) ;
#2521=CARTESIAN_POINT('Control Point',(-160.194707016,415.673077558,143.354131895)) ;
#2522=CARTESIAN_POINT('Control Point',(-166.813350287,415.793576865,140.355542032)) ;
#2523=CARTESIAN_POINT('Control Point',(-173.11793006,414.292299413,143.643541409)) ;
#2524=CARTESIAN_POINT('Control Point',(-172.803866561,412.670522654,149.930130648)) ;
#2525=CARTESIAN_POINT('Vertex',(-159.880643517,414.051300799,149.640721134)) ;
#2527=CARTESIAN_POINT('Vertex',(-172.803866561,412.670522654,149.930130648)) ;
#2531=CARTESIAN_POINT('Control Point',(-258.665560839,664.485608975,211.246540428)) ;
#2532=CARTESIAN_POINT('Control Point',(-257.756361621,659.281927916,209.704690238)) ;
#2533=CARTESIAN_POINT('Control Point',(-256.989042896,653.917302378,208.049094213)) ;
#2534=CARTESIAN_POINT('Control Point',(-256.155743358,648.443154868,206.294198112)) ;
#2535=CARTESIAN_POINT('Control Point',(-253.898810378,636.316846862,202.286862752)) ;
#2536=CARTESIAN_POINT('Control Point',(-250.411733532,624.301246395,198.118946642)) ;
#2537=CARTESIAN_POINT('Control Point',(-248.01471145,617.831703244,195.838369042)) ;
#2538=CARTESIAN_POINT('Control Point',(-241.744728073,603.8672817,190.910280995)) ;
#2539=CARTESIAN_POINT('Control Point',(-233.854941632,590.823974665,186.439559558)) ;
#2540=CARTESIAN_POINT('Control Point',(-229.168141702,583.868776007,184.153610339)) ;
#2541=CARTESIAN_POINT('Control Point',(-220.816016019,572.06246979,180.517902303)) ;
#2542=CARTESIAN_POINT('Control Point',(-212.506075314,560.386475877,177.43528435)) ;
#2543=CARTESIAN_POINT('Control Point',(-209.024518638,555.379693022,176.216633054)) ;
#2544=CARTESIAN_POINT('Control Point',(-202.68103095,545.801122433,174.089647592)) ;
#2545=CARTESIAN_POINT('Control Point',(-196.991668728,535.929223523,172.268385855)) ;
#2546=CARTESIAN_POINT('Control Point',(-194.489208614,531.183372276,171.47006809)) ;
#2547=CARTESIAN_POINT('Control Point',(-190.159576383,522.014974349,170.053862368)) ;
#2548=CARTESIAN_POINT('Control Point',(-186.655760429,512.521326038,168.758496687)) ;
#2549=CARTESIAN_POINT('Control Point',(-185.194969366,507.968921662,168.161754808)) ;
#2550=CARTESIAN_POINT('Control Point',(-181.905621771,496.046328692,166.616421025)) ;
#2551=CARTESIAN_POINT('Control Point',(-179.735203675,483.751741047,164.957657575)) ;
#2552=CARTESIAN_POINT('Control Point',(-178.750535022,476.111988351,163.837383625)) ;
#2553=CARTESIAN_POINT('Control Point',(-177.142714903,460.393039554,161.237716993)) ;
#2554=CARTESIAN_POINT('Control Point',(-175.879956849,444.524770595,157.946010463)) ;
#2555=CARTESIAN_POINT('Control Point',(-175.196038028,436.394442627,156.065564116)) ;
#2556=CARTESIAN_POINT('Control Point',(-174.235724366,426.789437805,153.637074467)) ;
#2557=CARTESIAN_POINT('Control Point',(-173.269594016,417.28450849,151.144311152)) ;
#2558=CARTESIAN_POINT('Control Point',(-173.117265615,415.765265841,150.743136258)) ;
#2559=CARTESIAN_POINT('Control Point',(-172.958939996,414.206593567,150.334144098)) ;
#2560=CARTESIAN_POINT('Control Point',(-172.803866561,412.670522654,149.930130648)) ;
#2561=CARTESIAN_POINT('Vertex',(-258.665560839,664.485608975,211.246540428)) ;
#2565=CARTESIAN_POINT('Control Point',(-245.862755214,666.740492392,211.185969135)) ;
#2566=CARTESIAN_POINT('Control Point',(-246.206221639,668.522972825,204.944591537)) ;
#2567=CARTESIAN_POINT('Control Point',(-252.779357665,668.286771332,201.854188384)) ;
#2568=CARTESIAN_POINT('Control Point',(-259.009027265,666.268089408,205.00516283)) ;
#2569=CARTESIAN_POINT('Control Point',(-258.665560839,664.485608975,211.246540428)) ;
#2570=CARTESIAN_POINT('Vertex',(-245.862755214,666.740492392,211.185969135)) ;
#2574=CARTESIAN_POINT('Control Point',(-245.862755214,666.740492392,211.185969135)) ;
#2575=CARTESIAN_POINT('Control Point',(-244.900777846,661.235059665,209.566422358)) ;
#2576=CARTESIAN_POINT('Control Point',(-244.143817419,655.873913614,207.911731618)) ;
#2577=CARTESIAN_POINT('Control Point',(-243.3308293,650.601824436,206.210731938)) ;
#2578=CARTESIAN_POINT('Control Point',(-241.205262772,639.224052404,202.398918726)) ;
#2579=CARTESIAN_POINT('Control Point',(-238.033213509,628.343362662,198.519617209)) ;
#2580=CARTESIAN_POINT('Control Point',(-235.870851565,622.50841002,196.396715967)) ;
#2581=CARTESIAN_POINT('Control Point',(-230.171756871,609.809490745,191.776205028)) ;
#2582=CARTESIAN_POINT('Control Point',(-222.799590499,597.607764737,187.500363752)) ;
#2583=CARTESIAN_POINT('Control Point',(-218.322690937,590.950963579,185.281330872)) ;
#2584=CARTESIAN_POINT('Control Point',(-210.169033317,579.42728707,181.708112321)) ;
#2585=CARTESIAN_POINT('Control Point',(-201.772783129,567.628600512,178.596240859)) ;
#2586=CARTESIAN_POINT('Control Point',(-198.202665578,562.497657697,177.349035097)) ;
#2587=CARTESIAN_POINT('Control Point',(-191.603735761,552.542500307,175.135682329)) ;
#2588=CARTESIAN_POINT('Control Point',(-185.541248724,542.035502495,173.166611958)) ;
#2589=CARTESIAN_POINT('Control Point',(-182.845715762,536.933890091,172.28473854)) ;
#2590=CARTESIAN_POINT('Control Point',(-178.150006835,527.002952503,170.68676286)) ;
#2591=CARTESIAN_POINT('Control Point',(-174.326354172,516.657017037,169.182718445)) ;
#2592=CARTESIAN_POINT('Control Point',(-172.734305165,511.697403778,168.484854578)) ;
#2593=CARTESIAN_POINT('Control Point',(-169.167777462,498.765735715,166.685448582)) ;
#2594=CARTESIAN_POINT('Control Point',(-166.86463585,485.667173506,164.817269625)) ;
#2595=CARTESIAN_POINT('Control Point',(-165.843262864,477.670266254,163.601635877)) ;
#2596=CARTESIAN_POINT('Control Point',(-164.193954927,461.510880096,160.882534552)) ;
#2597=CARTESIAN_POINT('Control Point',(-162.936025338,445.669152653,157.595012177)) ;
#2598=CARTESIAN_POINT('Control Point',(-162.259288769,437.641522655,155.741116768)) ;
#2599=CARTESIAN_POINT('Control Point',(-161.313810539,428.183191167,153.35107828)) ;
#2600=CARTESIAN_POINT('Control Point',(-160.347003244,418.671525859,150.856542061)) ;
#2601=CARTESIAN_POINT('Control Point',(-160.190723432,417.113133568,150.445070851)) ;
#2602=CARTESIAN_POINT('Control Point',(-160.036322801,415.593372914,150.046313005)) ;
#2603=CARTESIAN_POINT('Control Point',(-159.880643517,414.051300799,149.640721134)) ;
#2613=CARTESIAN_POINT('Control Point',(-258.665560839,664.485608975,211.246540428)) ;
#2614=CARTESIAN_POINT('Control Point',(-258.322094414,662.703128543,217.487918027)) ;
#2615=CARTESIAN_POINT('Control Point',(-251.748958388,662.939330035,220.578321179)) ;
#2616=CARTESIAN_POINT('Control Point',(-245.519288788,664.95801196,217.427346733)) ;
#2617=CARTESIAN_POINT('Control Point',(-245.862755214,666.740492392,211.185969135)) ;
#2618=CARTESIAN_POINT('Control Point',(-257.756361621,659.281927916,209.704690238)) ;
#2619=CARTESIAN_POINT('Control Point',(-257.40638135,657.430409874,215.925992864)) ;
#2620=CARTESIAN_POINT('Control Point',(-250.803599328,657.481216727,218.967510238)) ;
#2621=CARTESIAN_POINT('Control Point',(-244.550797576,659.383541624,215.787724985)) ;
#2622=CARTESIAN_POINT('Control Point',(-244.900777846,661.235059665,209.566422358)) ;
#2623=CARTESIAN_POINT('Control Point',(-256.989042896,653.917302378,208.049094213)) ;
#2624=CARTESIAN_POINT('Control Point',(-256.63304737,652.007764756,214.252452231)) ;
#2625=CARTESIAN_POINT('Control Point',(-250.032436882,652.031301623,217.285449994)) ;
#2626=CARTESIAN_POINT('Control Point',(-243.787821936,653.964375785,214.11508977)) ;
#2627=CARTESIAN_POINT('Control Point',(-244.143817419,655.873913614,207.911731618)) ;
#2628=CARTESIAN_POINT('Control Point',(-256.155743358,648.443154868,206.294198112)) ;
#2629=CARTESIAN_POINT('Control Point',(-255.787908269,646.486645147,212.482029665)) ;
#2630=CARTESIAN_POINT('Control Point',(-249.191533695,646.587725093,215.534212356)) ;
#2631=CARTESIAN_POINT('Control Point',(-242.962994216,648.645314726,212.398563492)) ;
#2632=CARTESIAN_POINT('Control Point',(-243.3308293,650.601824436,206.210731938)) ;
#2633=CARTESIAN_POINT('Control Point',(-253.898810378,636.316846862,202.286862752)) ;
#2634=CARTESIAN_POINT('Control Point',(-253.490704832,634.286291308,208.448312437)) ;
#2635=CARTESIAN_POINT('Control Point',(-246.939878256,634.724616274,211.585065267)) ;
#2636=CARTESIAN_POINT('Control Point',(-240.797157219,637.193496836,208.560368411)) ;
#2637=CARTESIAN_POINT('Control Point',(-241.205262772,639.224052404,202.398918726)) ;
#2638=CARTESIAN_POINT('Control Point',(-250.411733532,624.301246395,198.118946642)) ;
#2639=CARTESIAN_POINT('Control Point',(-249.947741415,622.268159845,204.275406739)) ;
#2640=CARTESIAN_POINT('Control Point',(-243.526485346,623.272674738,207.553972072)) ;
#2641=CARTESIAN_POINT('Control Point',(-237.569221401,626.31027613,204.676077307)) ;
#2642=CARTESIAN_POINT('Control Point',(-238.033213509,628.343362662,198.519617209)) ;
#2643=CARTESIAN_POINT('Control Point',(-248.01471145,617.831703244,195.838369042)) ;
#2644=CARTESIAN_POINT('Control Point',(-247.521450719,615.821364434,202.000150978)) ;
#2645=CARTESIAN_POINT('Control Point',(-241.202890408,617.154548408,205.360215408)) ;
#2646=CARTESIAN_POINT('Control Point',(-235.377590838,620.49807121,202.558497903)) ;
#2647=CARTESIAN_POINT('Control Point',(-235.870851565,622.50841002,196.396715967)) ;
#2648=CARTESIAN_POINT('Control Point',(-241.744728073,603.8672817,190.910280995)) ;
#2649=CARTESIAN_POINT('Control Point',(-241.214626619,601.946004364,197.097893799)) ;
#2650=CARTESIAN_POINT('Control Point',(-235.163090294,603.95647023,200.624662218)) ;
#2651=CARTESIAN_POINT('Control Point',(-229.641655412,607.88821341,197.963817832)) ;
#2652=CARTESIAN_POINT('Control Point',(-230.171756871,609.809490745,191.776205028)) ;
#2653=CARTESIAN_POINT('Control Point',(-233.854941632,590.823974665,186.439559558)) ;
#2654=CARTESIAN_POINT('Control Point',(-233.35415079,589.043574737,192.671761811)) ;
#2655=CARTESIAN_POINT('Control Point',(-227.5760798,591.545269796,196.318265034)) ;
#2656=CARTESIAN_POINT('Control Point',(-222.298799664,595.827364809,193.732566005)) ;
#2657=CARTESIAN_POINT('Control Point',(-222.799590499,597.607764737,187.500363752)) ;
#2658=CARTESIAN_POINT('Control Point',(-229.168141702,583.868776007,184.153610339)) ;
#2659=CARTESIAN_POINT('Control Point',(-228.705721887,582.169633162,190.411675973)) ;
#2660=CARTESIAN_POINT('Control Point',(-223.051786617,584.861155487,194.10456906)) ;
#2661=CARTESIAN_POINT('Control Point',(-217.860271142,589.251820708,191.539396493)) ;
#2662=CARTESIAN_POINT('Control Point',(-218.322690937,590.950963579,185.281330872)) ;
#2663=CARTESIAN_POINT('Control Point',(-220.816016019,572.06246979,180.517902303)) ;
#2664=CARTESIAN_POINT('Control Point',(-220.443051743,570.505402511,186.819294777)) ;
#2665=CARTESIAN_POINT('Control Point',(-214.93307824,573.40927754,190.56509602)) ;
#2666=CARTESIAN_POINT('Control Point',(-209.796069026,577.87021981,188.009504804)) ;
#2667=CARTESIAN_POINT('Control Point',(-210.169033317,579.42728707,181.708112321)) ;
#2668=CARTESIAN_POINT('Control Point',(-212.506075314,560.386475877,177.43528435)) ;
#2669=CARTESIAN_POINT('Control Point',(-212.242221174,558.97742112,183.77600938)) ;
#2670=CARTESIAN_POINT('Control Point',(-206.743648021,561.893956038,187.526850152)) ;
#2671=CARTESIAN_POINT('Control Point',(-201.508928999,566.219545741,184.936965882)) ;
#2672=CARTESIAN_POINT('Control Point',(-201.772783129,567.628600512,178.596240859)) ;
#2673=CARTESIAN_POINT('Control Point',(-209.024518638,555.379693022,176.216633054)) ;
#2674=CARTESIAN_POINT('Control Point',(-208.80793058,554.03527645,182.573189805)) ;
#2675=CARTESIAN_POINT('Control Point',(-203.288710013,556.922050501,186.317669206)) ;
#2676=CARTESIAN_POINT('Control Point',(-197.986077508,561.15324111,183.705591855)) ;
#2677=CARTESIAN_POINT('Control Point',(-198.202665578,562.497657697,177.349035097)) ;
#2678=CARTESIAN_POINT('Control Point',(-202.68103095,545.801122433,174.089647592)) ;
#2679=CARTESIAN_POINT('Control Point',(-202.547947095,544.583343626,180.474225914)) ;
#2680=CARTESIAN_POINT('Control Point',(-196.942757578,547.34514316,184.18953244)) ;
#2681=CARTESIAN_POINT('Control Point',(-191.470651915,551.324721513,181.520260644)) ;
#2682=CARTESIAN_POINT('Control Point',(-191.603735761,552.542500307,175.135682329)) ;
#2683=CARTESIAN_POINT('Control Point',(-196.991668728,535.929223523,172.268385855)) ;
#2684=CARTESIAN_POINT('Control Point',(-196.91601339,534.838657182,178.676305346)) ;
#2685=CARTESIAN_POINT('Control Point',(-191.152975712,537.346513498,182.329378146)) ;
#2686=CARTESIAN_POINT('Control Point',(-185.465593377,540.944936143,179.574531455)) ;
#2687=CARTESIAN_POINT('Control Point',(-185.541248724,542.035502495,173.166611958)) ;
#2688=CARTESIAN_POINT('Control Point',(-194.489208614,531.183372276,171.47006809)) ;
#2689=CARTESIAN_POINT('Control Point',(-194.431950184,530.151632605,177.887776933)) ;
#2690=CARTESIAN_POINT('Control Point',(-188.58157454,532.511021683,181.503966582)) ;
#2691=CARTESIAN_POINT('Control Point',(-182.788457329,535.90215042,178.702447388)) ;
#2692=CARTESIAN_POINT('Control Point',(-182.845715762,536.933890091,172.28473854)) ;
#2693=CARTESIAN_POINT('Control Point',(-190.159576383,522.014974349,170.053862368)) ;
#2694=CARTESIAN_POINT('Control Point',(-190.115516377,521.08434391,176.487089627)) ;
#2695=CARTESIAN_POINT('Control Point',(-184.088701602,523.113017763,180.020153499)) ;
#2696=CARTESIAN_POINT('Control Point',(-178.105946831,526.072322064,177.119990114)) ;
#2697=CARTESIAN_POINT('Control Point',(-178.150006835,527.002952503,170.68676286)) ;
#2698=CARTESIAN_POINT('Control Point',(-186.655760429,512.521326038,168.758496687)) ;
#2699=CARTESIAN_POINT('Control Point',(-186.588322065,511.655894661,175.200371298)) ;
#2700=CARTESIAN_POINT('Control Point',(-180.389899752,513.291024475,178.633419484)) ;
#2701=CARTESIAN_POINT('Control Point',(-174.258915805,515.791585659,175.62459306)) ;
#2702=CARTESIAN_POINT('Control Point',(-174.326354172,516.657017037,169.182718445)) ;
#2703=CARTESIAN_POINT('Control Point',(-185.194969366,507.968921662,168.161754808)) ;
#2704=CARTESIAN_POINT('Control Point',(-185.109113205,507.12304211,174.605954846)) ;
#2705=CARTESIAN_POINT('Control Point',(-178.835853026,508.564343401,177.989604755)) ;
#2706=CARTESIAN_POINT('Control Point',(-172.648449005,510.851524226,174.929054617)) ;
#2707=CARTESIAN_POINT('Control Point',(-172.734305165,511.697403778,168.484854578)) ;
#2708=CARTESIAN_POINT('Control Point',(-181.905621771,496.046328692,166.616421025)) ;
#2709=CARTESIAN_POINT('Control Point',(-181.762106172,495.21601662,173.061789148)) ;
#2710=CARTESIAN_POINT('Control Point',(-175.321426216,496.160564082,176.318986979)) ;
#2711=CARTESIAN_POINT('Control Point',(-169.024261863,497.935423644,173.130816702)) ;
#2712=CARTESIAN_POINT('Control Point',(-169.167777462,498.765735715,166.685448582)) ;
#2713=CARTESIAN_POINT('Control Point',(-179.735203675,483.751741047,164.957657575)) ;
#2714=CARTESIAN_POINT('Control Point',(-179.527087475,482.850040086,171.391849911)) ;
#2715=CARTESIAN_POINT('Control Point',(-172.987745466,483.356905859,174.538752119)) ;
#2716=CARTESIAN_POINT('Control Point',(-166.65651965,484.765472545,171.251461967)) ;
#2717=CARTESIAN_POINT('Control Point',(-166.86463585,485.667173506,164.817269625)) ;
#2718=CARTESIAN_POINT('Control Point',(-178.750535022,476.111988351,163.837383625)) ;
#2719=CARTESIAN_POINT('Control Point',(-178.512440074,475.135857518,170.260275507)) ;
#2720=CARTESIAN_POINT('Control Point',(-171.939756503,475.426931041,173.353847562)) ;
#2721=CARTESIAN_POINT('Control Point',(-165.605167916,476.694135409,170.024527747)) ;
#2722=CARTESIAN_POINT('Control Point',(-165.843262864,477.670266254,163.601635877)) ;
#2723=CARTESIAN_POINT('Control Point',(-177.142714903,460.393039554,161.237716993)) ;
#2724=CARTESIAN_POINT('Control Point',(-176.864685165,459.228234319,167.628578413)) ;
#2725=CARTESIAN_POINT('Control Point',(-170.251290326,459.204751985,170.646417913)) ;
#2726=CARTESIAN_POINT('Control Point',(-163.915925189,460.346074873,167.273395983)) ;
#2727=CARTESIAN_POINT('Control Point',(-164.193954927,461.510880096,160.882534552)) ;
#2728=CARTESIAN_POINT('Control Point',(-175.879956849,444.524770595,157.946010463)) ;
#2729=CARTESIAN_POINT('Control Point',(-175.586276323,443.142319314,164.292081948)) ;
#2730=CARTESIAN_POINT('Control Point',(-168.967470286,443.02328469,167.289618536)) ;
#2731=CARTESIAN_POINT('Control Point',(-162.642344812,444.286701359,163.94108365)) ;
#2732=CARTESIAN_POINT('Control Point',(-162.936025338,445.669152653,157.595012177)) ;
#2733=CARTESIAN_POINT('Control Point',(-175.196038028,436.394442627,156.065564116)) ;
#2734=CARTESIAN_POINT('Control Point',(-174.895314566,434.906267751,162.386700141)) ;
#2735=CARTESIAN_POINT('Control Point',(-168.276578218,434.78572034,165.385044472)) ;
#2736=CARTESIAN_POINT('Control Point',(-161.958565319,436.153347792,162.062252792)) ;
#2737=CARTESIAN_POINT('Control Point',(-162.259288769,437.641522655,155.741116768)) ;
#2738=CARTESIAN_POINT('Control Point',(-174.235724366,426.789437805,153.637074467)) ;
#2739=CARTESIAN_POINT('Control Point',(-173.925171104,425.201983034,159.932685619)) ;
#2740=CARTESIAN_POINT('Control Point',(-167.308937558,425.105132327,162.937493103)) ;
#2741=CARTESIAN_POINT('Control Point',(-161.003257276,426.595736394,159.646689432)) ;
#2742=CARTESIAN_POINT('Control Point',(-161.313810539,428.183191167,153.35107828)) ;
#2743=CARTESIAN_POINT('Control Point',(-173.269594016,417.28450849,151.144311152)) ;
#2744=CARTESIAN_POINT('Control Point',(-172.955628637,415.663726612,157.43116443)) ;
#2745=CARTESIAN_POINT('Control Point',(-166.337350562,415.546844357,160.430706522)) ;
#2746=CARTESIAN_POINT('Control Point',(-160.033037865,417.050743981,157.143395338)) ;
#2747=CARTESIAN_POINT('Control Point',(-160.347003244,418.671525859,150.856542061)) ;
#2748=CARTESIAN_POINT('Control Point',(-173.117265615,415.765265841,150.743136258)) ;
#2749=CARTESIAN_POINT('Control Point',(-172.801480824,414.126404584,157.025230316)) ;
#2750=CARTESIAN_POINT('Control Point',(-166.180317326,413.980907836,160.017244643)) ;
#2751=CARTESIAN_POINT('Control Point',(-159.874938637,415.474272343,156.727164899)) ;
#2752=CARTESIAN_POINT('Control Point',(-160.190723432,417.113133568,150.445070851)) ;
#2753=CARTESIAN_POINT('Control Point',(-172.958939996,414.206593567,150.334144098)) ;
#2754=CARTESIAN_POINT('Control Point',(-172.645191012,412.587932205,156.621552741)) ;
#2755=CARTESIAN_POINT('Control Point',(-166.027007922,412.471991196,159.621341515)) ;
#2756=CARTESIAN_POINT('Control Point',(-159.722573817,413.974711551,156.333721647)) ;
#2757=CARTESIAN_POINT('Control Point',(-160.036322801,415.593372914,150.046313005)) ;
#2758=CARTESIAN_POINT('Control Point',(-172.803866561,412.670522654,149.930130648)) ;
#2759=CARTESIAN_POINT('Control Point',(-172.489803063,411.048745896,156.216719887)) ;
#2760=CARTESIAN_POINT('Control Point',(-165.871159792,410.928246589,159.21530975)) ;
#2761=CARTESIAN_POINT('Control Point',(-159.566580019,412.429524041,155.927310374)) ;
#2762=CARTESIAN_POINT('Control Point',(-159.880643517,414.051300799,149.640721134)) ;
#2764=CARTESIAN_POINT('Control Point',(-172.803866561,412.670522654,149.930130648)) ;
#2765=CARTESIAN_POINT('Control Point',(-172.489803063,411.048745896,156.216719887)) ;
#2766=CARTESIAN_POINT('Control Point',(-165.871159792,410.928246589,159.21530975)) ;
#2767=CARTESIAN_POINT('Control Point',(-159.566580019,412.429524041,155.927310374)) ;
#2768=CARTESIAN_POINT('Control Point',(-159.880643517,414.051300799,149.640721134)) ;
#2771=CARTESIAN_POINT('Control Point',(-258.665560839,664.485608975,211.246540428)) ;
#2772=CARTESIAN_POINT('Control Point',(-258.322094414,662.703128543,217.487918027)) ;
#2773=CARTESIAN_POINT('Control Point',(-251.748958388,662.939330035,220.578321179)) ;
#2774=CARTESIAN_POINT('Control Point',(-245.519288788,664.95801196,217.427346733)) ;
#2775=CARTESIAN_POINT('Control Point',(-245.862755214,666.740492392,211.185969135)) ;
#2784=CARTESIAN_POINT('Axis2P3D Location',(-252.264158027,665.613050684,211.216254782)) ;
#2794=CARTESIAN_POINT('Axis2P3D Location',(-166.342255039,413.360911727,149.785425891)) ;
#2812=CARTESIAN_POINT('NONE',(0.,0.,0.)) ;
#2813=CARTESIAN_POINT('NONE',(0.,0.,0.)) ;
#2825=CARTESIAN_POINT('NONE',(0.,0.,0.)) ;
#2826=CARTESIAN_POINT('NONE',(0.,0.,0.)) ;
#2838=CARTESIAN_POINT('NONE',(0.,0.,0.)) ;
#2839=CARTESIAN_POINT('NONE',(0.,0.,0.)) ;
#72=DIRECTION('Axis2P3D Direction',(0.,0.,1.)) ;
#73=DIRECTION('Axis2P3D XDirection',(-0.479425538604,0.87758256189,0.)) ;
#77=DIRECTION('Vector Direction',(0.,0.,1.)) ;
#86=DIRECTION('Axis2P3D Direction',(0.,0.,1.)) ;
#93=DIRECTION('Vector Direction',(0.,0.,1.)) ;
#100=DIRECTION('Axis2P3D Direction',(0.,0.,1.)) ;
#112=DIRECTION('Axis2P3D Direction',(0.,0.,1.)) ;
#117=DIRECTION('Axis2P3D Direction',(0.,0.,1.)) ;
#129=DIRECTION('Axis2P3D Direction',(-0.,-0.,-1.)) ;
#130=DIRECTION('Axis2P3D XDirection',(-0.479425538604,0.87758256189,0.)) ;
#134=DIRECTION('Vector Direction',(0.428811237787,-0.784933705702,-0.4472135955)) ;
#143=DIRECTION('Axis2P3D Direction',(0.,0.,-1.)) ;
#150=DIRECTION('Vector Direction',(-0.428811237787,0.784933705702,-0.4472135955)) ;
#157=DIRECTION('Axis2P3D Direction',(0.,0.,-1.)) ;
#169=DIRECTION('Axis2P3D Direction',(0.,0.,-1.)) ;
#174=DIRECTION('Axis2P3D Direction',(0.,0.,-1.)) ;
#186=DIRECTION('Axis2P3D Direction',(0.,0.,1.)) ;
#187=DIRECTION('Axis2P3D XDirection',(-0.479425538604,0.87758256189,0.)) ;
#191=DIRECTION('Vector Direction',(0.,0.,1.)) ;
#198=DIRECTION('Axis2P3D Direction',(0.,0.,1.)) ;
#205=DIRECTION('Vector Direction',(0.,0.,1.)) ;
#217=DIRECTION('Axis2P3D Direction',(0.,0.,1.)) ;
#229=DIRECTION('Axis2P3D Direction',(0.,0.,1.)) ;
#230=DIRECTION('Axis2P3D XDirection',(1.,0.,0.)) ;
#239=DIRECTION('Axis2P3D Direction',(0.,0.,1.)) ;
#240=DIRECTION('Axis2P3D XDirection',(1.,0.,0.)) ;
#253=DIRECTION('Axis2P3D Direction',(0.,0.,1.)) ;
#254=DIRECTION('Axis2P3D XDirection',(1.,0.,0.)) ;
#274=DIRECTION('NONE',(1.,0.,0.)) ;
#275=DIRECTION('NONE',(0.,0.,1.)) ;
#276=DIRECTION('NONE',(1.,0.,0.)) ;
#277=DIRECTION('NONE',(0.,0.,1.)) ;
#289=DIRECTION('NONE',(1.,0.,0.)) ;
#290=DIRECTION('NONE',(0.,0.,1.)) ;
#291=DIRECTION('NONE',(0.999962624409,0.0011249132455,-0.00857230161428)) ;
#292=DIRECTION('NONE',(0.00857230161428,-0.258005168871,0.966105505874)) ;
#304=DIRECTION('NONE',(1.,0.,0.)) ;
#305=DIRECTION('NONE',(0.,0.,1.)) ;
#306=DIRECTION('NONE',(0.995105232842,0.0894570417559,0.0419882513371)) ;
#307=DIRECTION('NONE',(-0.0177712554505,-0.255969538303,0.966521483435)) ;
#317=DIRECTION('NONE',(1.,0.,0.)) ;
#318=DIRECTION('NONE',(0.,0.,1.)) ;
#319=DIRECTION('NONE',(1.,0.,0.)) ;
#320=DIRECTION('NONE',(0.,0.,1.)) ;
#341=DIRECTION('Axis2P3D Direction',(0.,-1.,0.)) ;
#342=DIRECTION('Axis2P3D XDirection',(1.,0.,0.)) ;
#346=DIRECTION('Vector Direction',(0.,0.,1.)) ;
#355=DIRECTION('Vector Direction',(1.,0.,0.)) ;
#362=DIRECTION('Vector Direction',(0.,0.,1.)) ;
#369=DIRECTION('Vector Direction',(1.,0.,0.)) ;
#381=DIRECTION('Axis2P3D Direction',(1.,0.,0.)) ;
#382=DIRECTION('Axis2P3D XDirection',(0.,1.,0.)) ;
#386=DIRECTION('Vector Direction',(0.,1.,0.)) ;
#393=DIRECTION('Vector Direction',(0.,0.,1.)) ;
#400=DIRECTION('Vector Direction',(0.,1.,0.)) ;
#412=DIRECTION('Axis2P3D Direction',(0.,1.,-0.)) ;
#413=DIRECTION('Axis2P3D XDirection',(-1.,0.,0.)) ;
#417=DIRECTION('Vector Direction',(-1.,0.,0.)) ;
#424=DIRECTION('Vector Direction',(0.,0.,1.)) ;
#431=DIRECTION('Vector Direction',(-1.,0.,0.)) ;
#443=DIRECTION('Axis2P3D Direction',(-1.,0.,0.)) ;
#444=DIRECTION('Axis2P3D XDirection',(0.,-1.,0.)) ;
#448=DIRECTION('Vector Direction',(0.,-1.,0.)) ;
#453=DIRECTION('Vector Direction',(0.,-1.,0.)) ;
#465=DIRECTION('Axis2P3D Direction',(0.,0.,1.)) ;
#466=DIRECTION('Axis2P3D XDirection',(1.,0.,0.)) ;
#477=DIRECTION('Axis2P3D Direction',(0.,0.,1.)) ;
#478=DIRECTION('Axis2P3D XDirection',(1.,0.,0.)) ;
#500=DIRECTION('NONE',(1.,0.,0.)) ;
#501=DIRECTION('NONE',(0.,0.,1.)) ;
#502=DIRECTION('NONE',(-0.999448495972,-0.0332069857085,0.)) ;
#503=DIRECTION('NONE',(0.,0.,1.)) ;
#516=DIRECTION('Axis2P3D Direction',(0.,-1.,0.)) ;
#517=DIRECTION('Axis2P3D XDirection',(1.,0.,0.)) ;
#521=DIRECTION('Vector Direction',(0.,0.,1.)) ;
#530=DIRECTION('Vector Direction',(1.,0.,0.)) ;
#537=DIRECTION('Vector Direction',(0.,0.,-1.)) ;
#544=DIRECTION('Vector Direction',(-1.,0.,0.)) ;
#556=DIRECTION('Axis2P3D Direction',(1.,0.,-0.)) ;
#557=DIRECTION('Axis2P3D XDirection',(-0.,0.,-1.)) ;
#561=DIRECTION('Vector Direction',(0.,1.,0.)) ;
#568=DIRECTION('Vector Direction',(0.,0.,-1.)) ;
#575=DIRECTION('Vector Direction',(0.,1.,0.)) ;
#587=DIRECTION('Axis2P3D Direction',(-0.,0.,1.)) ;
#588=DIRECTION('Axis2P3D XDirection',(1.,-0.,0.)) ;
#592=DIRECTION('Vector Direction',(0.,1.,0.)) ;
#599=DIRECTION('Vector Direction',(1.,0.,0.)) ;
#611=DIRECTION('Axis2P3D Direction',(-1.,0.,0.)) ;
#612=DIRECTION('Axis2P3D XDirection',(0.,0.,1.)) ;
#616=DIRECTION('Vector Direction',(0.,1.,0.)) ;
#623=DIRECTION('Vector Direction',(0.,0.,1.)) ;
#635=DIRECTION('Axis2P3D Direction',(0.,0.,-1.)) ;
#636=DIRECTION('Axis2P3D XDirection',(-1.,0.,0.)) ;
#640=DIRECTION('Vector Direction',(-1.,0.,0.)) ;
#652=DIRECTION('Axis2P3D Direction',(0.,1.,-0.)) ;
#653=DIRECTION('Axis2P3D XDirection',(-1.,0.,0.)) ;
#657=DIRECTION('Vector Direction',(1.,0.,0.)) ;
#666=DIRECTION('Vector Direction',(0.,0.,1.)) ;
#673=DIRECTION('Vector Direction',(-1.,0.,0.)) ;
#680=DIRECTION('Vector Direction',(0.,0.,-1.)) ;
#692=DIRECTION('Axis2P3D Direction',(-1.,0.,0.)) ;
#693=DIRECTION('Axis2P3D XDirection',(0.,0.,1.)) ;
#697=DIRECTION('Vector Direction',(0.,0.,1.)) ;
#706=DIRECTION('Vector Direction',(0.,1.,0.)) ;
#711=DIRECTION('Vector Direction',(0.,1.,0.)) ;
#723=DIRECTION('Axis2P3D Direction',(-0.,0.,1.)) ;
#724=DIRECTION('Axis2P3D XDirection',(1.,-0.,0.)) ;
#728=DIRECTION('Vector Direction',(1.,0.,0.)) ;
#735=DIRECTION('Vector Direction',(0.,1.,0.)) ;
#747=DIRECTION('Axis2P3D Direction',(1.,0.,-0.)) ;
#748=DIRECTION('Axis2P3D XDirection',(-0.,0.,-1.)) ;
#752=DIRECTION('Vector Direction',(0.,0.,-1.)) ;
#759=DIRECTION('Vector Direction',(0.,1.,0.)) ;
#771=DIRECTION('Axis2P3D Direction',(0.,0.,-1.)) ;
#772=DIRECTION('Axis2P3D XDirection',(-1.,0.,0.)) ;
#776=DIRECTION('Vector Direction',(-1.,0.,0.)) ;
#788=DIRECTION('Axis2P3D Direction',(0.,1.,-0.)) ;
#789=DIRECTION('Axis2P3D XDirection',(-1.,0.,0.)) ;
#817=DIRECTION('NONE',(1.,0.,0.)) ;
#818=DIRECTION('NONE',(0.,0.,1.)) ;
#819=DIRECTION('NONE',(0.986203292291,0.16119038591,0.0376925160344)) ;
#820=DIRECTION('NONE',(0.00935658079529,-0.281610040893,0.959483318909)) ;
#830=DIRECTION('NONE',(1.,0.,0.)) ;
#831=DIRECTION('NONE',(0.,0.,1.)) ;
#832=DIRECTION('NONE',(1.,0.,0.)) ;
#833=DIRECTION('NONE',(0.,0.,1.)) ;
#851=DIRECTION('NONE',(1.,0.,0.)) ;
#852=DIRECTION('NONE',(0.,0.,1.)) ;
#853=DIRECTION('NONE',(1.,0.,0.)) ;
#854=DIRECTION('NONE',(0.,0.,1.)) ;
#872=DIRECTION('NONE',(1.,0.,0.)) ;
#873=DIRECTION('NONE',(0.,0.,1.)) ;
#874=DIRECTION('NONE',(1.,0.,0.)) ;
#875=DIRECTION('NONE',(0.,0.,1.)) ;
#1027=DIRECTION('Axis2P3D Direction',(-4.64759482906E-015,1.,2.73778886116E-013)) ;
#1028=DIRECTION('Axis2P3D XDirection',(0.999780214701,-1.0931426705E-015,0.0209647869781)) ;
#1032=DIRECTION('Axis2P3D Direction',(-4.64759482906E-015,1.,2.73778886116E-013)) ;
#1041=DIRECTION('Vector Direction',(-4.4408920985E-015,1.,2.73558953268E-013)) ;
#1048=DIRECTION('Axis2P3D Direction',(-4.64759482906E-015,1.,2.73778886116E-013)) ;
#1055=DIRECTION('Vector Direction',(-4.4408920985E-015,1.,2.73558953268E-013)) ;
#1067=DIRECTION('Axis2P3D Direction',(-5.71039032401E-015,1.,2.72320213424E-013)) ;
#1068=DIRECTION('Axis2P3D XDirection',(-0.999780214701,9.68594973867E-026,-0.0209647869781)) ;
#1072=DIRECTION('Axis2P3D Direction',(-5.71039032401E-015,1.,2.72320213424E-013)) ;
#1077=DIRECTION('Axis2P3D Direction',(-5.71039032401E-015,1.,2.72320213424E-013)) ;
#1089=DIRECTION('Axis2P3D Direction',(-5.1634397879E-015,1.,2.72308128442E-013)) ;
#1090=DIRECTION('Axis2P3D XDirection',(0.999780151775,-5.4739438918E-016,0.0209677876186)) ;
#1461=DIRECTION('Axis2P3D Direction',(-0.0332069857084,0.999448495972,1.0441842703E-014)) ;
#1462=DIRECTION('Axis2P3D XDirection',(0.999224008396,0.0331995270392,0.0211936889019)) ;
#1855=DIRECTION('Axis2P3D Direction',(0.00111852169002,0.96621835125,0.257722421641)) ;
#1856=DIRECTION('Axis2P3D XDirection',(0.999443852974,-0.0096694353424,0.0319137395737)) ;
#1865=DIRECTION('Axis2P3D Direction',(-5.28907911003E-008,0.999999999997,-2.40726657378E-006)) ;
#1866=DIRECTION('Axis2P3D XDirection',(0.998747566431,1.73267256269E-007,0.0500329746121)) ;
#1906=DIRECTION('Axis2P3D Direction',(-5.28907910602E-008,0.999999999997,-2.40726657424E-006)) ;
#1907=DIRECTION('Axis2P3D XDirection',(-0.998747566431,-1.73267256252E-007,-0.0500329746121)) ;
#1935=DIRECTION('Axis2P3D Direction',(3.48519815568E-008,0.999999999997,-2.40287110151E-006)) ;
#1936=DIRECTION('Axis2P3D XDirection',(0.998747416263,8.54216649771E-008,0.0500359721471)) ;
#1947=DIRECTION('Axis2P3D Direction',(-0.0972098660107,0.962536769761,0.253126863071)) ;
#1948=DIRECTION('Axis2P3D XDirection',(0.994561882179,0.0843960955292,0.0610242703894)) ;
#1952=DIRECTION('Axis2P3D Direction',(-0.0972098660107,0.962536769761,0.253126863071)) ;
#1961=DIRECTION('Vector Direction',(-0.0972098660107,0.962536769761,0.253126863071)) ;
#1968=DIRECTION('Axis2P3D Direction',(-0.0972098660107,0.962536769761,0.253126863071)) ;
#1975=DIRECTION('Vector Direction',(-0.0972098660107,0.962536769761,0.253126863071)) ;
#1987=DIRECTION('Axis2P3D Direction',(-0.0972098660107,0.962536769761,0.253126863071)) ;
#1988=DIRECTION('Axis2P3D XDirection',(-0.994561882179,-0.0843960955292,-0.0610242703894)) ;
#1992=DIRECTION('Axis2P3D Direction',(-0.0972098660107,0.962536769761,0.253126863071)) ;
#1997=DIRECTION('Axis2P3D Direction',(-0.0972098660107,0.962536769761,0.253126863071)) ;
#2009=DIRECTION('Axis2P3D Direction',(-0.0972098660107,0.962536769761,0.253126863071)) ;
#2010=DIRECTION('Axis2P3D XDirection',(0.99456177,0.0843953221463,0.061027168164)) ;
#2309=DIRECTION('Axis2P3D Direction',(0.00112491324553,0.966142881465,0.258005168871)) ;
#2310=DIRECTION('Axis2P3D XDirection',(0.999346085582,-0.0104105654334,0.0346268878103)) ;
#2314=DIRECTION('Axis2P3D Direction',(0.00112491324553,0.966142881465,0.258005168871)) ;
#2323=DIRECTION('Vector Direction',(0.00112491324553,0.966142881465,0.258005168871)) ;
#2328=DIRECTION('Vector Direction',(0.00112491324553,0.966142881465,0.258005168871)) ;
#2340=DIRECTION('Axis2P3D Direction',(0.00112491324553,0.966142881465,0.258005168871)) ;
#2341=DIRECTION('Axis2P3D XDirection',(-0.999346085582,0.0104105654334,-0.0346268878103)) ;
#2345=DIRECTION('Axis2P3D Direction',(0.00112491324553,0.966142881465,0.258005168871)) ;
#2357=DIRECTION('Axis2P3D Direction',(0.00112491324531,0.966142881465,0.258005168871)) ;
#2358=DIRECTION('Axis2P3D XDirection',(0.999345977109,-0.0104113391609,0.0346297856341)) ;
#2785=DIRECTION('Axis2P3D Direction',(-0.165273511246,0.945892880855,0.279233458649)) ;
#2786=DIRECTION('Axis2P3D XDirection',(0.984831350187,0.173451801429,-0.0046566372044)) ;
#2795=DIRECTION('Axis2P3D Direction',(-0.0971719219753,0.962531217645,0.253162541932)) ;
#2796=DIRECTION('Axis2P3D XDirection',(0.994094215823,0.106213003709,-0.0222595577174)) ;
#2814=DIRECTION('NONE',(1.,0.,0.)) ;
#2815=DIRECTION('NONE',(0.,0.,1.)) ;
#2816=DIRECTION('NONE',(1.,0.,0.)) ;
#2817=DIRECTION('NONE',(0.,0.,1.)) ;
#2827=DIRECTION('NONE',(1.,0.,0.)) ;
#2828=DIRECTION('NONE',(0.,0.,1.)) ;
#2829=DIRECTION('NONE',(1.,0.,0.)) ;
#2830=DIRECTION('NONE',(0.,0.,1.)) ;
#2840=DIRECTION('NONE',(1.,0.,0.)) ;
#2841=DIRECTION('NONE',(0.,0.,1.)) ;
#2842=DIRECTION('NONE',(1.,0.,0.)) ;
#2843=DIRECTION('NONE',(0.,0.,1.)) ;
#74=AXIS2_PLACEMENT_3D('Cylinder Axis2P3D',#71,#72,#73) ;
#87=AXIS2_PLACEMENT_3D('Circle Axis2P3D',#85,#86,$) ;
#101=AXIS2_PLACEMENT_3D('Circle Axis2P3D',#99,#100,$) ;
#113=AXIS2_PLACEMENT_3D('Circle Axis2P3D',#111,#112,$) ;
#118=AXIS2_PLACEMENT_3D('Circle Axis2P3D',#116,#117,$) ;
#131=AXIS2_PLACEMENT_3D('Cone Axis2P3D',#128,#129,#130) ;
#144=AXIS2_PLACEMENT_3D('Circle Axis2P3D',#142,#143,$) ;
#158=AXIS2_PLACEMENT_3D('Circle Axis2P3D',#156,#157,$) ;
#170=AXIS2_PLACEMENT_3D('Circle Axis2P3D',#168,#169,$) ;
#175=AXIS2_PLACEMENT_3D('Circle Axis2P3D',#173,#174,$) ;
#188=AXIS2_PLACEMENT_3D('Cylinder Axis2P3D',#185,#186,#187) ;
#199=AXIS2_PLACEMENT_3D('Circle Axis2P3D',#197,#198,$) ;
#218=AXIS2_PLACEMENT_3D('Circle Axis2P3D',#216,#217,$) ;
#231=AXIS2_PLACEMENT_3D('Plane Axis2P3D',#228,#229,#230) ;
#241=AXIS2_PLACEMENT_3D('Plane Axis2P3D',#238,#239,#240) ;
#255=AXIS2_PLACEMENT_3D('Plane Axis2P3D',#252,#253,#254) ;
#270=AXIS2_PLACEMENT_3D(' ',#273,#277,#276) ;
#271=AXIS2_PLACEMENT_3D(' ',#272,#275,#274) ;
#285=AXIS2_PLACEMENT_3D(' ',#288,#292,#291) ;
#286=AXIS2_PLACEMENT_3D(' ',#287,#290,#289) ;
#300=AXIS2_PLACEMENT_3D(' ',#303,#307,#306) ;
#301=AXIS2_PLACEMENT_3D(' ',#302,#305,#304) ;
#313=AXIS2_PLACEMENT_3D(' ',#316,#320,#319) ;
#314=AXIS2_PLACEMENT_3D(' ',#315,#318,#317) ;
#343=AXIS2_PLACEMENT_3D('Plane Axis2P3D',#340,#341,#342) ;
#383=AXIS2_PLACEMENT_3D('Plane Axis2P3D',#380,#381,#382) ;
#414=AXIS2_PLACEMENT_3D('Plane Axis2P3D',#411,#412,#413) ;
#445=AXIS2_PLACEMENT_3D('Plane Axis2P3D',#442,#443,#444) ;
#467=AXIS2_PLACEMENT_3D('Plane Axis2P3D',#464,#465,#466) ;
#479=AXIS2_PLACEMENT_3D('Plane Axis2P3D',#476,#477,#478) ;
#496=AXIS2_PLACEMENT_3D(' ',#499,#503,#502) ;
#497=AXIS2_PLACEMENT_3D(' ',#498,#501,#500) ;
#518=AXIS2_PLACEMENT_3D('Plane Axis2P3D',#515,#516,#517) ;
#558=AXIS2_PLACEMENT_3D('Plane Axis2P3D',#555,#556,#557) ;
#589=AXIS2_PLACEMENT_3D('Plane Axis2P3D',#586,#587,#588) ;
#613=AXIS2_PLACEMENT_3D('Plane Axis2P3D',#610,#611,#612) ;
#637=AXIS2_PLACEMENT_3D('Plane Axis2P3D',#634,#635,#636) ;
#654=AXIS2_PLACEMENT_3D('Plane Axis2P3D',#651,#652,#653) ;
#694=AXIS2_PLACEMENT_3D('Plane Axis2P3D',#691,#692,#693) ;
#725=AXIS2_PLACEMENT_3D('Plane Axis2P3D',#722,#723,#724) ;
#749=AXIS2_PLACEMENT_3D('Plane Axis2P3D',#746,#747,#748) ;
#773=AXIS2_PLACEMENT_3D('Plane Axis2P3D',#770,#771,#772) ;
#790=AXIS2_PLACEMENT_3D('Plane Axis2P3D',#787,#788,#789) ;
#813=AXIS2_PLACEMENT_3D(' ',#816,#820,#819) ;
#814=AXIS2_PLACEMENT_3D(' ',#815,#818,#817) ;
#826=AXIS2_PLACEMENT_3D(' ',#829,#833,#832) ;
#827=AXIS2_PLACEMENT_3D(' ',#828,#831,#830) ;
#847=AXIS2_PLACEMENT_3D(' ',#850,#854,#853) ;
#848=AXIS2_PLACEMENT_3D(' ',#849,#852,#851) ;
#868=AXIS2_PLACEMENT_3D(' ',#871,#875,#874) ;
#869=AXIS2_PLACEMENT_3D(' ',#870,#873,#872) ;
#1029=AXIS2_PLACEMENT_3D('Cylinder Axis2P3D',#1026,#1027,#1028) ;
#1033=AXIS2_PLACEMENT_3D('Circle Axis2P3D',#1031,#1032,$) ;
#1049=AXIS2_PLACEMENT_3D('Circle Axis2P3D',#1047,#1048,$) ;
#1069=AXIS2_PLACEMENT_3D('Cylinder Axis2P3D',#1066,#1067,#1068) ;
#1073=AXIS2_PLACEMENT_3D('Circle Axis2P3D',#1071,#1072,$) ;
#1078=AXIS2_PLACEMENT_3D('Circle Axis2P3D',#1076,#1077,$) ;
#1091=AXIS2_PLACEMENT_3D('Plane Axis2P3D',#1088,#1089,#1090) ;
#1463=AXIS2_PLACEMENT_3D('Plane Axis2P3D',#1460,#1461,#1462) ;
#1857=AXIS2_PLACEMENT_3D('Plane Axis2P3D',#1854,#1855,#1856) ;
#1867=AXIS2_PLACEMENT_3D('Cylinder Axis2P3D',#1864,#1865,#1866) ;
#1908=AXIS2_PLACEMENT_3D('Cylinder Axis2P3D',#1905,#1906,#1907) ;
#1937=AXIS2_PLACEMENT_3D('Plane Axis2P3D',#1934,#1935,#1936) ;
#1949=AXIS2_PLACEMENT_3D('Cylinder Axis2P3D',#1946,#1947,#1948) ;
#1953=AXIS2_PLACEMENT_3D('Circle Axis2P3D',#1951,#1952,$) ;
#1969=AXIS2_PLACEMENT_3D('Circle Axis2P3D',#1967,#1968,$) ;
#1989=AXIS2_PLACEMENT_3D('Cylinder Axis2P3D',#1986,#1987,#1988) ;
#1993=AXIS2_PLACEMENT_3D('Circle Axis2P3D',#1991,#1992,$) ;
#1998=AXIS2_PLACEMENT_3D('Circle Axis2P3D',#1996,#1997,$) ;
#2011=AXIS2_PLACEMENT_3D('Plane Axis2P3D',#2008,#2009,#2010) ;
#2311=AXIS2_PLACEMENT_3D('Cylinder Axis2P3D',#2308,#2309,#2310) ;
#2315=AXIS2_PLACEMENT_3D('Circle Axis2P3D',#2313,#2314,$) ;
#2342=AXIS2_PLACEMENT_3D('Cylinder Axis2P3D',#2339,#2340,#2341) ;
#2346=AXIS2_PLACEMENT_3D('Circle Axis2P3D',#2344,#2345,$) ;
#2359=AXIS2_PLACEMENT_3D('Plane Axis2P3D',#2356,#2357,#2358) ;
#2787=AXIS2_PLACEMENT_3D('Plane Axis2P3D',#2784,#2785,#2786) ;
#2797=AXIS2_PLACEMENT_3D('Plane Axis2P3D',#2794,#2795,#2796) ;
#2810=AXIS2_PLACEMENT_3D(' ',#2813,#2817,#2816) ;
#2811=AXIS2_PLACEMENT_3D(' ',#2812,#2815,#2814) ;
#2823=AXIS2_PLACEMENT_3D(' ',#2826,#2830,#2829) ;
#2824=AXIS2_PLACEMENT_3D(' ',#2825,#2828,#2827) ;
#2836=AXIS2_PLACEMENT_3D(' ',#2839,#2843,#2842) ;
#2837=AXIS2_PLACEMENT_3D(' ',#2838,#2841,#2840) ;
#45=PRODUCT_DEFINITION_SHAPE(' ',' ',#17) ;
#59=PRODUCT_DEFINITION_SHAPE(' ',' ',#58) ;
#69=PRODUCT_DEFINITION_SHAPE(' ',' ',#66) ;
#266=PRODUCT_DEFINITION_SHAPE(' ',' ',#265) ;
#281=PRODUCT_DEFINITION_SHAPE(' ',' ',#280) ;
#296=PRODUCT_DEFINITION_SHAPE(' ',' ',#295) ;
#309=PRODUCT_DEFINITION_SHAPE(' ',' ',#308) ;
#328=PRODUCT_DEFINITION_SHAPE(' ',' ',#327) ;
#338=PRODUCT_DEFINITION_SHAPE(' ',' ',#335) ;
#492=PRODUCT_DEFINITION_SHAPE(' ',' ',#491) ;
#513=PRODUCT_DEFINITION_SHAPE(' ',' ',#510) ;
#809=PRODUCT_DEFINITION_SHAPE(' ',' ',#808) ;
#822=PRODUCT_DEFINITION_SHAPE(' ',' ',#821) ;
#841=PRODUCT_DEFINITION_SHAPE(' ',' ',#840) ;
#843=PRODUCT_DEFINITION_SHAPE(' ',' ',#842) ;
#862=PRODUCT_DEFINITION_SHAPE(' ',' ',#861) ;
#864=PRODUCT_DEFINITION_SHAPE(' ',' ',#863) ;
#883=PRODUCT_DEFINITION_SHAPE(' ',' ',#882) ;
#891=PRODUCT_DEFINITION_SHAPE(' ',' ',#890) ;
#901=PRODUCT_DEFINITION_SHAPE(' ',' ',#898) ;
#2806=PRODUCT_DEFINITION_SHAPE(' ',' ',#2805) ;
#2819=PRODUCT_DEFINITION_SHAPE(' ',' ',#2818) ;
#2832=PRODUCT_DEFINITION_SHAPE(' ',' ',#2831) ;
#926=COMPOSITE_CURVE('\X2\67D4602766F27EBF\X0\.1',(#913,#925),.U.) ;
#970=COMPOSITE_CURVE('\X2\67D4602766F27EBF\X0\.2',(#957,#969),.U.) ;
#1007=COMPOSITE_CURVE('\X2\67D4602766F27EBF\X0\.3',(#982,#994,#1006),.U.) ;
#1024=COMPOSITE_CURVE('\X2\67D4602766F27EBF\X0\.4',(#1023),.U.) ;
#913=COMPOSITE_CURVE_SEGMENT(.CONTINUOUS.,.T.,#912) ;
#925=COMPOSITE_CURVE_SEGMENT(.DISCONTINUOUS.,.T.,#924) ;
#957=COMPOSITE_CURVE_SEGMENT(.CONTINUOUS.,.T.,#956) ;
#969=COMPOSITE_CURVE_SEGMENT(.DISCONTINUOUS.,.T.,#968) ;
#982=COMPOSITE_CURVE_SEGMENT(.CONTINUOUS.,.T.,#981) ;
#994=COMPOSITE_CURVE_SEGMENT(.CONTINUOUS.,.T.,#993) ;
#1006=COMPOSITE_CURVE_SEGMENT(.DISCONTINUOUS.,.T.,#1005) ;
#1023=COMPOSITE_CURVE_SEGMENT(.DISCONTINUOUS.,.T.,#1022) ;
#34=APPROVAL_PERSON_ORGANIZATION(#28,#24,#22) ;
#28=PERSON_AND_ORGANIZATION(#25,#26) ;
#25=PERSON(' ',' ',' ',$,$,$) ;
#26=ORGANIZATION(' ',' ',' ') ;
#24=APPROVAL(#23,' ') ;
#23=APPROVAL_STATUS('not_yet_approved') ;
#22=APPROVAL_ROLE('APPROVER') ;
#13=DATE_AND_TIME(#11,#12) ;
#12=LOCAL_TIME(11,51,50.,#10) ;
#10=COORDINATED_UNIVERSAL_TIME_OFFSET(0,0,.AHEAD.) ;
#105=ORIENTED_EDGE('',*,*,#84,.T.) ;
#106=ORIENTED_EDGE('',*,*,#91,.F.) ;
#107=ORIENTED_EDGE('',*,*,#98,.F.) ;
#108=ORIENTED_EDGE('',*,*,#103,.T.) ;
#122=ORIENTED_EDGE('',*,*,#98,.T.) ;
#123=ORIENTED_EDGE('',*,*,#115,.F.) ;
#124=ORIENTED_EDGE('',*,*,#84,.F.) ;
#125=ORIENTED_EDGE('',*,*,#120,.T.) ;
#162=ORIENTED_EDGE('',*,*,#141,.T.) ;
#163=ORIENTED_EDGE('',*,*,#148,.F.) ;
#164=ORIENTED_EDGE('',*,*,#155,.F.) ;
#165=ORIENTED_EDGE('',*,*,#160,.T.) ;
#179=ORIENTED_EDGE('',*,*,#155,.T.) ;
#180=ORIENTED_EDGE('',*,*,#172,.F.) ;
#181=ORIENTED_EDGE('',*,*,#141,.F.) ;
#182=ORIENTED_EDGE('',*,*,#177,.T.) ;
#210=ORIENTED_EDGE('',*,*,#196,.T.) ;
#211=ORIENTED_EDGE('',*,*,#203,.F.) ;
#212=ORIENTED_EDGE('',*,*,#208,.F.) ;
#213=ORIENTED_EDGE('',*,*,#148,.T.) ;
#222=ORIENTED_EDGE('',*,*,#208,.T.) ;
#223=ORIENTED_EDGE('',*,*,#220,.F.) ;
#224=ORIENTED_EDGE('',*,*,#196,.F.) ;
#225=ORIENTED_EDGE('',*,*,#172,.T.) ;
#234=ORIENTED_EDGE('',*,*,#120,.F.) ;
#235=ORIENTED_EDGE('',*,*,#103,.F.) ;
#244=ORIENTED_EDGE('',*,*,#160,.F.) ;
#245=ORIENTED_EDGE('',*,*,#177,.F.) ;
#248=ORIENTED_EDGE('',*,*,#115,.T.) ;
#249=ORIENTED_EDGE('',*,*,#91,.T.) ;
#258=ORIENTED_EDGE('',*,*,#220,.T.) ;
#259=ORIENTED_EDGE('',*,*,#203,.T.) ;
#374=ORIENTED_EDGE('',*,*,#353,.F.) ;
#375=ORIENTED_EDGE('',*,*,#360,.T.) ;
#376=ORIENTED_EDGE('',*,*,#367,.T.) ;
#377=ORIENTED_EDGE('',*,*,#372,.F.) ;
#405=ORIENTED_EDGE('',*,*,#367,.F.) ;
#406=ORIENTED_EDGE('',*,*,#391,.T.) ;
#407=ORIENTED_EDGE('',*,*,#398,.T.) ;
#408=ORIENTED_EDGE('',*,*,#403,.F.) ;
#436=ORIENTED_EDGE('',*,*,#398,.F.) ;
#437=ORIENTED_EDGE('',*,*,#422,.T.) ;
#438=ORIENTED_EDGE('',*,*,#429,.T.) ;
#439=ORIENTED_EDGE('',*,*,#434,.F.) ;
#458=ORIENTED_EDGE('',*,*,#429,.F.) ;
#459=ORIENTED_EDGE('',*,*,#451,.T.) ;
#460=ORIENTED_EDGE('',*,*,#353,.T.) ;
#461=ORIENTED_EDGE('',*,*,#456,.F.) ;
#470=ORIENTED_EDGE('',*,*,#451,.F.) ;
#471=ORIENTED_EDGE('',*,*,#422,.F.) ;
#472=ORIENTED_EDGE('',*,*,#391,.F.) ;
#473=ORIENTED_EDGE('',*,*,#360,.F.) ;
#482=ORIENTED_EDGE('',*,*,#372,.T.) ;
#483=ORIENTED_EDGE('',*,*,#403,.T.) ;
#484=ORIENTED_EDGE('',*,*,#434,.T.) ;
#485=ORIENTED_EDGE('',*,*,#456,.T.) ;
#549=ORIENTED_EDGE('',*,*,#528,.F.) ;
#550=ORIENTED_EDGE('',*,*,#535,.F.) ;
#551=ORIENTED_EDGE('',*,*,#542,.F.) ;
#552=ORIENTED_EDGE('',*,*,#547,.F.) ;
#580=ORIENTED_EDGE('',*,*,#566,.T.) ;
#581=ORIENTED_EDGE('',*,*,#573,.T.) ;
#582=ORIENTED_EDGE('',*,*,#578,.F.) ;
#583=ORIENTED_EDGE('',*,*,#542,.T.) ;
#604=ORIENTED_EDGE('',*,*,#597,.T.) ;
#605=ORIENTED_EDGE('',*,*,#602,.T.) ;
#606=ORIENTED_EDGE('',*,*,#566,.F.) ;
#607=ORIENTED_EDGE('',*,*,#535,.T.) ;
#628=ORIENTED_EDGE('',*,*,#621,.T.) ;
#629=ORIENTED_EDGE('',*,*,#626,.T.) ;
#630=ORIENTED_EDGE('',*,*,#597,.F.) ;
#631=ORIENTED_EDGE('',*,*,#528,.T.) ;
#645=ORIENTED_EDGE('',*,*,#578,.T.) ;
#646=ORIENTED_EDGE('',*,*,#643,.T.) ;
#647=ORIENTED_EDGE('',*,*,#621,.F.) ;
#648=ORIENTED_EDGE('',*,*,#547,.T.) ;
#685=ORIENTED_EDGE('',*,*,#664,.T.) ;
#686=ORIENTED_EDGE('',*,*,#671,.T.) ;
#687=ORIENTED_EDGE('',*,*,#678,.T.) ;
#688=ORIENTED_EDGE('',*,*,#683,.T.) ;
#716=ORIENTED_EDGE('',*,*,#704,.F.) ;
#717=ORIENTED_EDGE('',*,*,#709,.F.) ;
#718=ORIENTED_EDGE('',*,*,#683,.F.) ;
#719=ORIENTED_EDGE('',*,*,#714,.T.) ;
#740=ORIENTED_EDGE('',*,*,#733,.F.) ;
#741=ORIENTED_EDGE('',*,*,#714,.F.) ;
#742=ORIENTED_EDGE('',*,*,#678,.F.) ;
#743=ORIENTED_EDGE('',*,*,#738,.T.) ;
#764=ORIENTED_EDGE('',*,*,#757,.F.) ;
#765=ORIENTED_EDGE('',*,*,#738,.F.) ;
#766=ORIENTED_EDGE('',*,*,#671,.F.) ;
#767=ORIENTED_EDGE('',*,*,#762,.T.) ;
#781=ORIENTED_EDGE('',*,*,#779,.F.) ;
#782=ORIENTED_EDGE('',*,*,#762,.F.) ;
#783=ORIENTED_EDGE('',*,*,#664,.F.) ;
#784=ORIENTED_EDGE('',*,*,#709,.T.) ;
#793=ORIENTED_EDGE('',*,*,#779,.T.) ;
#794=ORIENTED_EDGE('',*,*,#704,.T.) ;
#795=ORIENTED_EDGE('',*,*,#733,.T.) ;
#796=ORIENTED_EDGE('',*,*,#757,.T.) ;
#799=ORIENTED_EDGE('',*,*,#573,.F.) ;
#800=ORIENTED_EDGE('',*,*,#602,.F.) ;
#801=ORIENTED_EDGE('',*,*,#626,.F.) ;
#802=ORIENTED_EDGE('',*,*,#643,.F.) ;
#1060=ORIENTED_EDGE('',*,*,#1039,.T.) ;
#1061=ORIENTED_EDGE('',*,*,#1046,.F.) ;
#1062=ORIENTED_EDGE('',*,*,#1053,.F.) ;
#1063=ORIENTED_EDGE('',*,*,#1058,.T.) ;
#1082=ORIENTED_EDGE('',*,*,#1075,.T.) ;
#1083=ORIENTED_EDGE('',*,*,#1058,.F.) ;
#1084=ORIENTED_EDGE('',*,*,#1080,.F.) ;
#1085=ORIENTED_EDGE('',*,*,#1046,.T.) ;
#1094=ORIENTED_EDGE('',*,*,#1080,.T.) ;
#1095=ORIENTED_EDGE('',*,*,#1053,.T.) ;
#1304=ORIENTED_EDGE('',*,*,#1244,.T.) ;
#1305=ORIENTED_EDGE('',*,*,#1273,.F.) ;
#1306=ORIENTED_EDGE('',*,*,#1039,.F.) ;
#1307=ORIENTED_EDGE('',*,*,#1302,.T.) ;
#1454=ORIENTED_EDGE('',*,*,#1452,.T.) ;
#1455=ORIENTED_EDGE('',*,*,#1302,.F.) ;
#1456=ORIENTED_EDGE('',*,*,#1075,.F.) ;
#1457=ORIENTED_EDGE('',*,*,#1273,.T.) ;
#1466=ORIENTED_EDGE('',*,*,#1244,.F.) ;
#1467=ORIENTED_EDGE('',*,*,#1452,.F.) ;
#1691=ORIENTED_EDGE('',*,*,#1620,.T.) ;
#1692=ORIENTED_EDGE('',*,*,#1651,.F.) ;
#1693=ORIENTED_EDGE('',*,*,#1660,.F.) ;
#1694=ORIENTED_EDGE('',*,*,#1689,.T.) ;
#1848=ORIENTED_EDGE('',*,*,#1839,.T.) ;
#1849=ORIENTED_EDGE('',*,*,#1689,.F.) ;
#1850=ORIENTED_EDGE('',*,*,#1846,.F.) ;
#1851=ORIENTED_EDGE('',*,*,#1651,.T.) ;
#1860=ORIENTED_EDGE('',*,*,#1846,.T.) ;
#1861=ORIENTED_EDGE('',*,*,#1660,.T.) ;
#1899=ORIENTED_EDGE('',*,*,#1889,.T.) ;
#1900=ORIENTED_EDGE('',*,*,#1893,.F.) ;
#1901=ORIENTED_EDGE('',*,*,#1620,.F.) ;
#1902=ORIENTED_EDGE('',*,*,#1897,.T.) ;
#1928=ORIENTED_EDGE('',*,*,#1926,.T.) ;
#1929=ORIENTED_EDGE('',*,*,#1897,.F.) ;
#1930=ORIENTED_EDGE('',*,*,#1839,.F.) ;
#1931=ORIENTED_EDGE('',*,*,#1893,.T.) ;
#1940=ORIENTED_EDGE('',*,*,#1889,.F.) ;
#1941=ORIENTED_EDGE('',*,*,#1926,.F.) ;
#1980=ORIENTED_EDGE('',*,*,#1959,.T.) ;
#1981=ORIENTED_EDGE('',*,*,#1966,.F.) ;
#1982=ORIENTED_EDGE('',*,*,#1973,.F.) ;
#1983=ORIENTED_EDGE('',*,*,#1978,.T.) ;
#2002=ORIENTED_EDGE('',*,*,#1995,.T.) ;
#2003=ORIENTED_EDGE('',*,*,#1978,.F.) ;
#2004=ORIENTED_EDGE('',*,*,#2000,.F.) ;
#2005=ORIENTED_EDGE('',*,*,#1966,.T.) ;
#2014=ORIENTED_EDGE('',*,*,#2000,.T.) ;
#2015=ORIENTED_EDGE('',*,*,#1973,.T.) ;
#2182=ORIENTED_EDGE('',*,*,#2134,.T.) ;
#2183=ORIENTED_EDGE('',*,*,#2157,.F.) ;
#2184=ORIENTED_EDGE('',*,*,#1959,.F.) ;
#2185=ORIENTED_EDGE('',*,*,#2180,.T.) ;
#2302=ORIENTED_EDGE('',*,*,#2300,.T.) ;
#2303=ORIENTED_EDGE('',*,*,#2180,.F.) ;
#2304=ORIENTED_EDGE('',*,*,#1995,.F.) ;
#2305=ORIENTED_EDGE('',*,*,#2157,.T.) ;
#2333=ORIENTED_EDGE('',*,*,#2321,.T.) ;
#2334=ORIENTED_EDGE('',*,*,#2326,.F.) ;
#2335=ORIENTED_EDGE('',*,*,#2134,.F.) ;
#2336=ORIENTED_EDGE('',*,*,#2331,.T.) ;
#2350=ORIENTED_EDGE('',*,*,#2348,.T.) ;
#2351=ORIENTED_EDGE('',*,*,#2331,.F.) ;
#2352=ORIENTED_EDGE('',*,*,#2300,.F.) ;
#2353=ORIENTED_EDGE('',*,*,#2326,.T.) ;
#2362=ORIENTED_EDGE('',*,*,#2321,.F.) ;
#2363=ORIENTED_EDGE('',*,*,#2348,.F.) ;
#2606=ORIENTED_EDGE('',*,*,#2529,.T.) ;
#2607=ORIENTED_EDGE('',*,*,#2563,.F.) ;
#2608=ORIENTED_EDGE('',*,*,#2572,.F.) ;
#2609=ORIENTED_EDGE('',*,*,#2604,.T.) ;
#2778=ORIENTED_EDGE('',*,*,#2769,.T.) ;
#2779=ORIENTED_EDGE('',*,*,#2604,.F.) ;
#2780=ORIENTED_EDGE('',*,*,#2776,.F.) ;
#2781=ORIENTED_EDGE('',*,*,#2563,.T.) ;
#2790=ORIENTED_EDGE('',*,*,#2776,.T.) ;
#2791=ORIENTED_EDGE('',*,*,#2572,.T.) ;
#2800=ORIENTED_EDGE('',*,*,#2529,.F.) ;
#2801=ORIENTED_EDGE('',*,*,#2769,.F.) ;
#250=FACE_BOUND('',#247,.T.) ;
#803=FACE_BOUND('',#798,.T.) ;
#70=CLOSED_SHELL('Closed Shell',(#110,#127,#167,#184,#215,#227,#237,#251,#261)) ;
#339=CLOSED_SHELL('Closed Shell',(#379,#410,#441,#463,#475,#487)) ;
#514=CLOSED_SHELL('Closed Shell',(#554,#585,#609,#633,#650,#690,#721,#745,#769,#786,#804)) ;
#1025=CLOSED_SHELL('Closed Shell',(#1065,#1087,#1097,#1309,#1459,#1469)) ;
#1473=CLOSED_SHELL('Closed Shell',(#1696,#1853,#1863,#1904,#1933,#1943)) ;
#1945=CLOSED_SHELL('Closed Shell',(#1985,#2007,#2017,#2187,#2307,#2338,#2355,#2365)) ;
#2367=CLOSED_SHELL('Closed Shell',(#2611,#2783,#2793,#2803)) ;
#269=ITEM_DEFINED_TRANSFORMATION(' ',' ',#271,#270) ;
#284=ITEM_DEFINED_TRANSFORMATION(' ',' ',#286,#285) ;
#299=ITEM_DEFINED_TRANSFORMATION(' ',' ',#301,#300) ;
#312=ITEM_DEFINED_TRANSFORMATION(' ',' ',#314,#313) ;
#495=ITEM_DEFINED_TRANSFORMATION(' ',' ',#497,#496) ;
#812=ITEM_DEFINED_TRANSFORMATION(' ',' ',#814,#813) ;
#825=ITEM_DEFINED_TRANSFORMATION(' ',' ',#827,#826) ;
#846=ITEM_DEFINED_TRANSFORMATION(' ',' ',#848,#847) ;
#867=ITEM_DEFINED_TRANSFORMATION(' ',' ',#869,#868) ;
#2809=ITEM_DEFINED_TRANSFORMATION(' ',' ',#2811,#2810) ;
#2822=ITEM_DEFINED_TRANSFORMATION(' ',' ',#2824,#2823) ;
#2835=ITEM_DEFINED_TRANSFORMATION(' ',' ',#2837,#2836) ;
#78=VECTOR('Line Direction',#77,1.) ;
#94=VECTOR('Line Direction',#93,1.) ;
#135=VECTOR('Line Direction',#134,1.) ;
#151=VECTOR('Line Direction',#150,1.) ;
#192=VECTOR('Line Direction',#191,1.) ;
#206=VECTOR('Line Direction',#205,1.) ;
#347=VECTOR('Line Direction',#346,1.) ;
#356=VECTOR('Line Direction',#355,1.) ;
#363=VECTOR('Line Direction',#362,1.) ;
#370=VECTOR('Line Direction',#369,1.) ;
#387=VECTOR('Line Direction',#386,1.) ;
#394=VECTOR('Line Direction',#393,1.) ;
#401=VECTOR('Line Direction',#400,1.) ;
#418=VECTOR('Line Direction',#417,1.) ;
#425=VECTOR('Line Direction',#424,1.) ;
#432=VECTOR('Line Direction',#431,1.) ;
#449=VECTOR('Line Direction',#448,1.) ;
#454=VECTOR('Line Direction',#453,1.) ;
#522=VECTOR('Line Direction',#521,1.) ;
#531=VECTOR('Line Direction',#530,1.) ;
#538=VECTOR('Line Direction',#537,1.) ;
#545=VECTOR('Line Direction',#544,1.) ;
#562=VECTOR('Line Direction',#561,1.) ;
#569=VECTOR('Line Direction',#568,1.) ;
#576=VECTOR('Line Direction',#575,1.) ;
#593=VECTOR('Line Direction',#592,1.) ;
#600=VECTOR('Line Direction',#599,1.) ;
#617=VECTOR('Line Direction',#616,1.) ;
#624=VECTOR('Line Direction',#623,1.) ;
#641=VECTOR('Line Direction',#640,1.) ;
#658=VECTOR('Line Direction',#657,1.) ;
#667=VECTOR('Line Direction',#666,1.) ;
#674=VECTOR('Line Direction',#673,1.) ;
#681=VECTOR('Line Direction',#680,1.) ;
#698=VECTOR('Line Direction',#697,1.) ;
#707=VECTOR('Line Direction',#706,1.) ;
#712=VECTOR('Line Direction',#711,1.) ;
#729=VECTOR('Line Direction',#728,1.) ;
#736=VECTOR('Line Direction',#735,1.) ;
#753=VECTOR('Line Direction',#752,1.) ;
#760=VECTOR('Line Direction',#759,1.) ;
#777=VECTOR('Line Direction',#776,1.) ;
#1042=VECTOR('Line Direction',#1041,1.) ;
#1056=VECTOR('Line Direction',#1055,1.) ;
#1962=VECTOR('Line Direction',#1961,1.) ;
#1976=VECTOR('Line Direction',#1975,1.) ;
#2324=VECTOR('Line Direction',#2323,1.) ;
#2329=VECTOR('Line Direction',#2328,1.) ;
#263=ADVANCED_BREP_SHAPE_REPRESENTATION('NONE',(#262),#61) ;
#489=ADVANCED_BREP_SHAPE_REPRESENTATION('NONE',(#488),#330) ;
#806=ADVANCED_BREP_SHAPE_REPRESENTATION('NONE',(#805),#505) ;
#1471=ADVANCED_BREP_SHAPE_REPRESENTATION('NONE',(#1470,#1944,#2366,#2804),#893) ;
#44=SHAPE_REPRESENTATION(' ',(#313,#826,#847,#868,#2836),#51) ;
#54=SHAPE_REPRESENTATION(' ',(#270,#285,#300,#314),#53) ;
#62=SHAPE_REPRESENTATION(' ',(#271,#286,#301),#61) ;
#323=SHAPE_REPRESENTATION(' ',(#496,#813,#827),#322) ;
#331=SHAPE_REPRESENTATION(' ',(#497),#330) ;
#506=SHAPE_REPRESENTATION(' ',(#814),#505) ;
#836=SHAPE_REPRESENTATION(' ',(#848),#835) ;
#857=SHAPE_REPRESENTATION(' ',(#869),#856) ;
#878=SHAPE_REPRESENTATION(' ',(#2823,#2837),#877) ;
#886=SHAPE_REPRESENTATION(' ',(#2810,#2824),#885) ;
#894=SHAPE_REPRESENTATION(' ',(#2811),#893) ;
#110=ADVANCED_FACE('\X2\96F64EF651E04F554F53\X0\',(#109),#75,.T.) ;
#127=ADVANCED_FACE('\X2\96F64EF651E04F554F53\X0\',(#126),#75,.T.) ;
#167=ADVANCED_FACE('\X2\96F64EF651E04F554F53\X0\',(#166),#132,.T.) ;
#184=ADVANCED_FACE('\X2\96F64EF651E04F554F53\X0\',(#183),#132,.T.) ;
#215=ADVANCED_FACE('\X2\96F64EF651E04F554F53\X0\',(#214),#189,.T.) ;
#227=ADVANCED_FACE('\X2\96F64EF651E04F554F53\X0\',(#226),#189,.T.) ;
#237=ADVANCED_FACE('\X2\96F64EF651E04F554F53\X0\',(#236),#232,.F.) ;
#251=ADVANCED_FACE('\X2\96F64EF651E04F554F53\X0\',(#246,#250),#242,.F.) ;
#261=ADVANCED_FACE('\X2\96F64EF651E04F554F53\X0\',(#260),#256,.T.) ;
#379=ADVANCED_FACE('\X2\96F64EF651E04F554F53\X0\',(#378),#344,.F.) ;
#410=ADVANCED_FACE('\X2\96F64EF651E04F554F53\X0\',(#409),#384,.F.) ;
#441=ADVANCED_FACE('\X2\96F64EF651E04F554F53\X0\',(#440),#415,.F.) ;
#463=ADVANCED_FACE('\X2\96F64EF651E04F554F53\X0\',(#462),#446,.F.) ;
#475=ADVANCED_FACE('\X2\96F64EF651E04F554F53\X0\',(#474),#468,.F.) ;
#487=ADVANCED_FACE('\X2\96F64EF651E04F554F53\X0\',(#486),#480,.T.) ;
#554=ADVANCED_FACE('\X2\96F64EF651E04F554F53\X0\',(#553),#519,.F.) ;
#585=ADVANCED_FACE('\X2\96F64EF651E04F554F53\X0\',(#584),#559,.T.) ;
#609=ADVANCED_FACE('\X2\96F64EF651E04F554F53\X0\',(#608),#590,.T.) ;
#633=ADVANCED_FACE('\X2\96F64EF651E04F554F53\X0\',(#632),#614,.T.) ;
#650=ADVANCED_FACE('\X2\96F64EF651E04F554F53\X0\',(#649),#638,.T.) ;
#690=ADVANCED_FACE('\X2\96F64EF651E04F554F53\X0\',(#689),#655,.F.) ;
#721=ADVANCED_FACE('\X2\96F64EF651E04F554F53\X0\',(#720),#695,.F.) ;
#745=ADVANCED_FACE('\X2\96F64EF651E04F554F53\X0\',(#744),#726,.F.) ;
#769=ADVANCED_FACE('\X2\96F64EF651E04F554F53\X0\',(#768),#750,.F.) ;
#786=ADVANCED_FACE('\X2\96F64EF651E04F554F53\X0\',(#785),#774,.F.) ;
#804=ADVANCED_FACE('\X2\96F64EF651E04F554F53\X0\',(#797,#803),#791,.T.) ;
#1065=ADVANCED_FACE('\X2\51E04F554F53\X0\.1',(#1064),#1030,.T.) ;
#1087=ADVANCED_FACE('\X2\51E04F554F53\X0\.1',(#1086),#1070,.T.) ;
#1097=ADVANCED_FACE('\X2\51E04F554F53\X0\.1',(#1096),#1092,.T.) ;
#1309=ADVANCED_FACE('\X2\51E04F554F53\X0\.1',(#1308),#1098,.T.) ;
#1459=ADVANCED_FACE('\X2\51E04F554F53\X0\.1',(#1458),#1310,.T.) ;
#1469=ADVANCED_FACE('\X2\51E04F554F53\X0\.1',(#1468),#1464,.F.) ;
#1696=ADVANCED_FACE('\X2\51E04F554F53\X0\.2',(#1695),#1474,.T.) ;
#1853=ADVANCED_FACE('\X2\51E04F554F53\X0\.2',(#1852),#1697,.T.) ;
#1863=ADVANCED_FACE('\X2\51E04F554F53\X0\.2',(#1862),#1858,.T.) ;
#1904=ADVANCED_FACE('\X2\51E04F554F53\X0\.2',(#1903),#1868,.T.) ;
#1933=ADVANCED_FACE('\X2\51E04F554F53\X0\.2',(#1932),#1909,.T.) ;
#1943=ADVANCED_FACE('\X2\51E04F554F53\X0\.2',(#1942),#1938,.F.) ;
#1985=ADVANCED_FACE('\X2\51E04F554F53\X0\.3',(#1984),#1950,.T.) ;
#2007=ADVANCED_FACE('\X2\51E04F554F53\X0\.3',(#2006),#1990,.T.) ;
#2017=ADVANCED_FACE('\X2\51E04F554F53\X0\.3',(#2016),#2012,.T.) ;
#2187=ADVANCED_FACE('\X2\51E04F554F53\X0\.3',(#2186),#2018,.T.) ;
#2307=ADVANCED_FACE('\X2\51E04F554F53\X0\.3',(#2306),#2188,.T.) ;
#2338=ADVANCED_FACE('\X2\51E04F554F53\X0\.3',(#2337),#2312,.T.) ;
#2355=ADVANCED_FACE('\X2\51E04F554F53\X0\.3',(#2354),#2343,.T.) ;
#2365=ADVANCED_FACE('\X2\51E04F554F53\X0\.3',(#2364),#2360,.F.) ;
#2611=ADVANCED_FACE('\X2\51E04F554F53\X0\.4',(#2610),#2368,.T.) ;
#2783=ADVANCED_FACE('\X2\51E04F554F53\X0\.4',(#2782),#2612,.T.) ;
#2793=ADVANCED_FACE('\X2\51E04F554F53\X0\.4',(#2792),#2788,.T.) ;
#2803=ADVANCED_FACE('\X2\51E04F554F53\X0\.4',(#2802),#2798,.F.) ;
#4=APPLICATION_PROTOCOL_DEFINITION('international standard','config_control_design',1994,#1) ;
#35=APPROVAL_DATE_TIME(#13,#24) ;
#902=B_SPLINE_CURVE_WITH_KNOTS('',6,(#903,#904,#905,#906,#907,#908,#909),.UNSPECIFIED.,.F.,.U.,(7,7),(0.,2.4376124773),.UNSPECIFIED.) ;
#914=B_SPLINE_CURVE_WITH_KNOTS('',6,(#915,#916,#917,#918,#919,#920,#921),.UNSPECIFIED.,.F.,.U.,(7,7),(2.4376124773,213.293191305),.UNSPECIFIED.) ;
#942=B_SPLINE_CURVE_WITH_KNOTS('',6,(#943,#944,#945,#946,#947,#948,#949,#950,#951,#952,#953),.UNSPECIFIED.,.F.,.U.,(7,4,7),(0.,2.0821946384,251.27783079),.UNSPECIFIED.) ;
#958=B_SPLINE_CURVE_WITH_KNOTS('',6,(#959,#960,#961,#962,#963,#964,#965),.UNSPECIFIED.,.F.,.U.,(7,7),(251.27783079,255.442220067),.UNSPECIFIED.) ;
#971=B_SPLINE_CURVE_WITH_KNOTS('',6,(#972,#973,#974,#975,#976,#977,#978),.UNSPECIFIED.,.F.,.U.,(7,7),(0.,2.09526968709),.UNSPECIFIED.) ;
#983=B_SPLINE_CURVE_WITH_KNOTS('',6,(#984,#985,#986,#987,#988,#989,#990),.UNSPECIFIED.,.F.,.U.,(7,7),(2.09526968709,258.088882059),.UNSPECIFIED.) ;
#995=B_SPLINE_CURVE_WITH_KNOTS('',6,(#996,#997,#998,#999,#1000,#1001,#1002),.UNSPECIFIED.,.F.,.U.,(7,7),(258.088882059,262.279421433),.UNSPECIFIED.) ;
#1008=B_SPLINE_CURVE_WITH_KNOTS('',6,(#1009,#1010,#1011,#1012,#1013,#1014,#1015,#1016,#1017,#1018,#1019),.UNSPECIFIED.,.F.,.U.,(7,4,7),(0.,330.464919939,335.270007047),.UNSPECIFIED.) ;
#1869=B_SPLINE_CURVE_WITH_KNOTS('',5,(#1870,#1871,#1872,#1873,#1874,#1875,#1876,#1877,#1878,#1879,#1880,#1881,#1882,#1883,#1884),.UNSPECIFIED.,.F.,.U.,(6,3,3,3,6),(-10.2101714544,-5.10508572719,0.,5.10508572719,10.2101714544),.UNSPECIFIED.) ;
#1890=B_SPLINE_CURVE_WITH_KNOTS('',1,(#1891,#1892),.UNSPECIFIED.,.F.,.U.,(2,2),(-1.99999936008,1.99999936008),.UNSPECIFIED.) ;
#1894=B_SPLINE_CURVE_WITH_KNOTS('',1,(#1895,#1896),.UNSPECIFIED.,.F.,.U.,(2,2),(-2.00000001706,2.00000001706),.UNSPECIFIED.) ;
#1910=B_SPLINE_CURVE_WITH_KNOTS('',5,(#1911,#1912,#1913,#1914,#1915,#1916,#1917,#1918,#1919,#1920,#1921,#1922,#1923,#1924,#1925),.UNSPECIFIED.,.F.,.U.,(6,3,3,3,6),(-10.2101761242,-5.10508806208,-8.881784197E-016,5.10508806208,10.2101761242),.UNSPECIFIED.) ;
#262=MANIFOLD_SOLID_BREP('\X2\96F64EF651E04F554F53\X0\',#70) ;
#488=MANIFOLD_SOLID_BREP('\X2\96F64EF651E04F554F53\X0\',#339) ;
#805=MANIFOLD_SOLID_BREP('\X2\96F64EF651E04F554F53\X0\',#514) ;
#1470=MANIFOLD_SOLID_BREP('\X2\51E04F554F53\X0\.1',#1025) ;
#1944=MANIFOLD_SOLID_BREP('\X2\51E04F554F53\X0\.2',#1473) ;
#2366=MANIFOLD_SOLID_BREP('\X2\51E04F554F53\X0\.3',#1945) ;
#2804=MANIFOLD_SOLID_BREP('\X2\51E04F554F53\X0\.4',#2367) ;
#11=CALENDAR_DATE(2026,23,9) ;
#33=CC_DESIGN_APPROVAL(#24,(#19,#6,#17)) ;
#21=CC_DESIGN_DATE_AND_TIME_ASSIGNMENT(#13,#20,(#19)) ;
#32=CC_DESIGN_DATE_AND_TIME_ASSIGNMENT(#13,#31,(#17)) ;
#20=DATE_TIME_ROLE('classification_date') ;
#31=DATE_TIME_ROLE('creation_date') ;
#30=CC_DESIGN_PERSON_AND_ORGANIZATION_ASSIGNMENT(#28,#29,(#19)) ;
#36=CC_DESIGN_PERSON_AND_ORGANIZATION_ASSIGNMENT(#28,#37,(#6)) ;
#38=CC_DESIGN_PERSON_AND_ORGANIZATION_ASSIGNMENT(#28,#39,(#6,#17)) ;
#40=CC_DESIGN_PERSON_AND_ORGANIZATION_ASSIGNMENT(#28,#41,(#5)) ;
#29=PERSON_AND_ORGANIZATION_ROLE('classification_officer') ;
#37=PERSON_AND_ORGANIZATION_ROLE('design_supplier') ;
#39=PERSON_AND_ORGANIZATION_ROLE('creator') ;
#41=PERSON_AND_ORGANIZATION_ROLE('design_owner') ;
#42=CC_DESIGN_SECURITY_CLASSIFICATION(#19,(#6,#265,#280,#295,#308,#491,#808,#821,#842,#863,#2805,#2818,#2831)) ;
#68=DOCUMENT('1','clipA.CATPart','CATPart document',#67) ;
#337=DOCUMENT('2','conn1_female.CATPart','CATPart document',#336) ;
#512=DOCUMENT('3','conn1_male.CATPart','CATPart document',#511) ;
#900=DOCUMENT('4','MultiBranchable1.CATPart','CATPart document',#899) ;
#67=DOCUMENT_TYPE('') ;
#336=DOCUMENT_TYPE('') ;
#511=DOCUMENT_TYPE('') ;
#899=DOCUMENT_TYPE('') ;
#88=CIRCLE('generated circle',#87,3.5) ;
#102=CIRCLE('generated circle',#101,3.5) ;
#114=CIRCLE('generated circle',#113,3.5) ;
#119=CIRCLE('generated circle',#118,3.5) ;
#145=CIRCLE('generated circle',#144,3.) ;
#159=CIRCLE('generated circle',#158,7.) ;
#171=CIRCLE('generated circle',#170,3.) ;
#176=CIRCLE('generated circle',#175,7.) ;
#200=CIRCLE('generated circle',#199,3.) ;
#219=CIRCLE('generated circle',#218,3.) ;
#1034=CIRCLE('generated circle',#1033,6.5) ;
#1050=CIRCLE('generated circle',#1049,6.5) ;
#1074=CIRCLE('generated circle',#1073,6.5) ;
#1079=CIRCLE('generated circle',#1078,6.5) ;
#1954=CIRCLE('generated circle',#1953,6.5) ;
#1970=CIRCLE('generated circle',#1969,6.5) ;
#1994=CIRCLE('generated circle',#1993,6.5) ;
#1999=CIRCLE('generated circle',#1998,6.5) ;
#2316=CIRCLE('generated circle',#2315,6.5) ;
#2347=CIRCLE('generated circle',#2346,6.5) ;
#132=CONICAL_SURFACE('Cone',#131,3.,1.10714871779) ;
#267=CONTEXT_DEPENDENT_SHAPE_REPRESENTATION(#268,#266) ;
#282=CONTEXT_DEPENDENT_SHAPE_REPRESENTATION(#283,#281) ;
#297=CONTEXT_DEPENDENT_SHAPE_REPRESENTATION(#298,#296) ;
#310=CONTEXT_DEPENDENT_SHAPE_REPRESENTATION(#311,#309) ;
#493=CONTEXT_DEPENDENT_SHAPE_REPRESENTATION(#494,#492) ;
#810=CONTEXT_DEPENDENT_SHAPE_REPRESENTATION(#811,#809) ;
#823=CONTEXT_DEPENDENT_SHAPE_REPRESENTATION(#824,#822) ;
#844=CONTEXT_DEPENDENT_SHAPE_REPRESENTATION(#845,#843) ;
#865=CONTEXT_DEPENDENT_SHAPE_REPRESENTATION(#866,#864) ;
#2807=CONTEXT_DEPENDENT_SHAPE_REPRESENTATION(#2808,#2806) ;
#2820=CONTEXT_DEPENDENT_SHAPE_REPRESENTATION(#2821,#2819) ;
#2833=CONTEXT_DEPENDENT_SHAPE_REPRESENTATION(#2834,#2832) ;
#264=SHAPE_REPRESENTATION_RELATIONSHIP(' ',' ',#62,#263) ;
#490=SHAPE_REPRESENTATION_RELATIONSHIP(' ',' ',#331,#489) ;
#807=SHAPE_REPRESENTATION_RELATIONSHIP(' ',' ',#506,#806) ;
#929=SHAPE_REPRESENTATION_RELATIONSHIP(' ',' ',#894,#927) ;
#1472=SHAPE_REPRESENTATION_RELATIONSHIP(' ',' ',#894,#1471) ;
#75=CYLINDRICAL_SURFACE('generated cylinder',#74,3.5) ;
#189=CYLINDRICAL_SURFACE('generated cylinder',#188,3.) ;
#1030=CYLINDRICAL_SURFACE('generated cylinder',#1029,6.5) ;
#1070=CYLINDRICAL_SURFACE('generated cylinder',#1069,6.5) ;
#1868=CYLINDRICAL_SURFACE('generated cylinder',#1867,6.5) ;
#1909=CYLINDRICAL_SURFACE('generated cylinder',#1908,6.5) ;
#1950=CYLINDRICAL_SURFACE('generated cylinder',#1949,6.5) ;
#1990=CYLINDRICAL_SURFACE('generated cylinder',#1989,6.5) ;
#2312=CYLINDRICAL_SURFACE('generated cylinder',#2311,6.5) ;
#2343=CYLINDRICAL_SURFACE('generated cylinder',#2342,6.5) ;
#3=DESIGN_CONTEXT(' ',#1,'design') ;
#84=EDGE_CURVE('',#81,#83,#79,.T.) ;
#91=EDGE_CURVE('',#90,#83,#88,.T.) ;
#98=EDGE_CURVE('',#97,#90,#95,.T.) ;
#103=EDGE_CURVE('',#97,#81,#102,.T.) ;
#115=EDGE_CURVE('',#83,#90,#114,.T.) ;
#120=EDGE_CURVE('',#81,#97,#119,.T.) ;
#141=EDGE_CURVE('',#138,#140,#136,.F.) ;
#148=EDGE_CURVE('',#147,#140,#145,.F.) ;
#155=EDGE_CURVE('',#154,#147,#152,.F.) ;
#160=EDGE_CURVE('',#154,#138,#159,.F.) ;
#172=EDGE_CURVE('',#140,#147,#171,.F.) ;
#177=EDGE_CURVE('',#138,#154,#176,.F.) ;
#196=EDGE_CURVE('',#140,#195,#193,.T.) ;
#203=EDGE_CURVE('',#202,#195,#200,.T.) ;
#208=EDGE_CURVE('',#147,#202,#207,.T.) ;
#220=EDGE_CURVE('',#195,#202,#219,.T.) ;
#353=EDGE_CURVE('',#350,#352,#348,.T.) ;
#360=EDGE_CURVE('',#350,#359,#357,.F.) ;
#367=EDGE_CURVE('',#359,#366,#364,.T.) ;
#372=EDGE_CURVE('',#352,#366,#371,.F.) ;
#391=EDGE_CURVE('',#359,#390,#388,.F.) ;
#398=EDGE_CURVE('',#390,#397,#395,.T.) ;
#403=EDGE_CURVE('',#366,#397,#402,.F.) ;
#422=EDGE_CURVE('',#390,#421,#419,.F.) ;
#429=EDGE_CURVE('',#421,#428,#426,.T.) ;
#434=EDGE_CURVE('',#397,#428,#433,.F.) ;
#451=EDGE_CURVE('',#421,#350,#450,.F.) ;
#456=EDGE_CURVE('',#428,#352,#455,.F.) ;
#528=EDGE_CURVE('',#525,#527,#523,.T.) ;
#535=EDGE_CURVE('',#534,#525,#532,.T.) ;
#542=EDGE_CURVE('',#541,#534,#539,.T.) ;
#547=EDGE_CURVE('',#527,#541,#546,.T.) ;
#566=EDGE_CURVE('',#534,#565,#563,.T.) ;
#573=EDGE_CURVE('',#565,#572,#570,.F.) ;
#578=EDGE_CURVE('',#541,#572,#577,.T.) ;
#597=EDGE_CURVE('',#525,#596,#594,.T.) ;
#602=EDGE_CURVE('',#596,#565,#601,.F.) ;
#621=EDGE_CURVE('',#527,#620,#618,.T.) ;
#626=EDGE_CURVE('',#620,#596,#625,.F.) ;
#643=EDGE_CURVE('',#572,#620,#642,.F.) ;
#664=EDGE_CURVE('',#661,#663,#659,.F.) ;
#671=EDGE_CURVE('',#663,#670,#668,.F.) ;
#678=EDGE_CURVE('',#670,#677,#675,.F.) ;
#683=EDGE_CURVE('',#677,#661,#682,.F.) ;
#704=EDGE_CURVE('',#701,#703,#699,.F.) ;
#709=EDGE_CURVE('',#661,#701,#708,.T.) ;
#714=EDGE_CURVE('',#677,#703,#713,.T.) ;
#733=EDGE_CURVE('',#703,#732,#730,.F.) ;
#738=EDGE_CURVE('',#670,#732,#737,.T.) ;
#757=EDGE_CURVE('',#732,#756,#754,.F.) ;
#762=EDGE_CURVE('',#663,#756,#761,.T.) ;
#779=EDGE_CURVE('',#756,#701,#778,.F.) ;
#1039=EDGE_CURVE('',#1036,#1038,#1034,.T.) ;
#1046=EDGE_CURVE('',#1045,#1038,#1043,.F.) ;
#1053=EDGE_CURVE('',#1052,#1045,#1050,.T.) ;
#1058=EDGE_CURVE('',#1052,#1036,#1057,.F.) ;
#1075=EDGE_CURVE('',#1038,#1036,#1074,.T.) ;
#1080=EDGE_CURVE('',#1045,#1052,#1079,.T.) ;
#1244=EDGE_CURVE('',#1241,#1243,#1234,.T.) ;
#1273=EDGE_CURVE('',#1038,#1243,#1245,.T.) ;
#1302=EDGE_CURVE('',#1036,#1241,#1274,.T.) ;
#1452=EDGE_CURVE('',#1243,#1241,#1446,.T.) ;
#1620=EDGE_CURVE('',#1617,#1619,#1610,.T.) ;
#1651=EDGE_CURVE('',#1650,#1619,#1621,.T.) ;
#1660=EDGE_CURVE('',#1659,#1650,#1652,.T.) ;
#1689=EDGE_CURVE('',#1659,#1617,#1661,.T.) ;
#1839=EDGE_CURVE('',#1619,#1617,#1833,.T.) ;
#1846=EDGE_CURVE('',#1650,#1659,#1840,.T.) ;
#1889=EDGE_CURVE('',#1886,#1888,#1869,.T.) ;
#1893=EDGE_CURVE('',#1619,#1888,#1890,.T.) ;
#1897=EDGE_CURVE('',#1617,#1886,#1894,.T.) ;
#1926=EDGE_CURVE('',#1888,#1886,#1910,.T.) ;
#1959=EDGE_CURVE('',#1956,#1958,#1954,.T.) ;
#1966=EDGE_CURVE('',#1965,#1958,#1963,.F.) ;
#1973=EDGE_CURVE('',#1972,#1965,#1970,.T.) ;
#1978=EDGE_CURVE('',#1972,#1956,#1977,.F.) ;
#1995=EDGE_CURVE('',#1958,#1956,#1994,.T.) ;
#2000=EDGE_CURVE('',#1965,#1972,#1999,.T.) ;
#2134=EDGE_CURVE('',#2131,#2133,#2124,.T.) ;
#2157=EDGE_CURVE('',#1958,#2133,#2135,.T.) ;
#2180=EDGE_CURVE('',#1956,#2131,#2158,.T.) ;
#2300=EDGE_CURVE('',#2133,#2131,#2294,.T.) ;
#2321=EDGE_CURVE('',#2318,#2320,#2316,.T.) ;
#2326=EDGE_CURVE('',#2133,#2320,#2325,.F.) ;
#2331=EDGE_CURVE('',#2131,#2318,#2330,.F.) ;
#2348=EDGE_CURVE('',#2320,#2318,#2347,.T.) ;
#2529=EDGE_CURVE('',#2526,#2528,#2519,.T.) ;
#2563=EDGE_CURVE('',#2562,#2528,#2530,.T.) ;
#2572=EDGE_CURVE('',#2571,#2562,#2564,.T.) ;
#2604=EDGE_CURVE('',#2571,#2526,#2573,.T.) ;
#2769=EDGE_CURVE('',#2528,#2526,#2763,.T.) ;
#2776=EDGE_CURVE('',#2562,#2571,#2770,.T.) ;
#104=EDGE_LOOP('',(#105,#106,#107,#108)) ;
#121=EDGE_LOOP('',(#122,#123,#124,#125)) ;
#161=EDGE_LOOP('',(#162,#163,#164,#165)) ;
#178=EDGE_LOOP('',(#179,#180,#181,#182)) ;
#209=EDGE_LOOP('',(#210,#211,#212,#213)) ;
#221=EDGE_LOOP('',(#222,#223,#224,#225)) ;
#233=EDGE_LOOP('',(#234,#235)) ;
#243=EDGE_LOOP('',(#244,#245)) ;
#247=EDGE_LOOP('',(#248,#249)) ;
#257=EDGE_LOOP('',(#258,#259)) ;
#373=EDGE_LOOP('',(#374,#375,#376,#377)) ;
#404=EDGE_LOOP('',(#405,#406,#407,#408)) ;
#435=EDGE_LOOP('',(#436,#437,#438,#439)) ;
#457=EDGE_LOOP('',(#458,#459,#460,#461)) ;
#469=EDGE_LOOP('',(#470,#471,#472,#473)) ;
#481=EDGE_LOOP('',(#482,#483,#484,#485)) ;
#548=EDGE_LOOP('',(#549,#550,#551,#552)) ;
#579=EDGE_LOOP('',(#580,#581,#582,#583)) ;
#603=EDGE_LOOP('',(#604,#605,#606,#607)) ;
#627=EDGE_LOOP('',(#628,#629,#630,#631)) ;
#644=EDGE_LOOP('',(#645,#646,#647,#648)) ;
#684=EDGE_LOOP('',(#685,#686,#687,#688)) ;
#715=EDGE_LOOP('',(#716,#717,#718,#719)) ;
#739=EDGE_LOOP('',(#740,#741,#742,#743)) ;
#763=EDGE_LOOP('',(#764,#765,#766,#767)) ;
#780=EDGE_LOOP('',(#781,#782,#783,#784)) ;
#792=EDGE_LOOP('',(#793,#794,#795,#796)) ;
#798=EDGE_LOOP('',(#799,#800,#801,#802)) ;
#1059=EDGE_LOOP('',(#1060,#1061,#1062,#1063)) ;
#1081=EDGE_LOOP('',(#1082,#1083,#1084,#1085)) ;
#1093=EDGE_LOOP('',(#1094,#1095)) ;
#1303=EDGE_LOOP('',(#1304,#1305,#1306,#1307)) ;
#1453=EDGE_LOOP('',(#1454,#1455,#1456,#1457)) ;
#1465=EDGE_LOOP('',(#1466,#1467)) ;
#1690=EDGE_LOOP('',(#1691,#1692,#1693,#1694)) ;
#1847=EDGE_LOOP('',(#1848,#1849,#1850,#1851)) ;
#1859=EDGE_LOOP('',(#1860,#1861)) ;
#1898=EDGE_LOOP('',(#1899,#1900,#1901,#1902)) ;
#1927=EDGE_LOOP('',(#1928,#1929,#1930,#1931)) ;
#1939=EDGE_LOOP('',(#1940,#1941)) ;
#1979=EDGE_LOOP('',(#1980,#1981,#1982,#1983)) ;
#2001=EDGE_LOOP('',(#2002,#2003,#2004,#2005)) ;
#2013=EDGE_LOOP('',(#2014,#2015)) ;
#2181=EDGE_LOOP('',(#2182,#2183,#2184,#2185)) ;
#2301=EDGE_LOOP('',(#2302,#2303,#2304,#2305)) ;
#2332=EDGE_LOOP('',(#2333,#2334,#2335,#2336)) ;
#2349=EDGE_LOOP('',(#2350,#2351,#2352,#2353)) ;
#2361=EDGE_LOOP('',(#2362,#2363)) ;
#2605=EDGE_LOOP('',(#2606,#2607,#2608,#2609)) ;
#2777=EDGE_LOOP('',(#2778,#2779,#2780,#2781)) ;
#2789=EDGE_LOOP('',(#2790,#2791)) ;
#2799=EDGE_LOOP('',(#2800,#2801)) ;
#109=FACE_OUTER_BOUND('',#104,.T.) ;
#126=FACE_OUTER_BOUND('',#121,.T.) ;
#166=FACE_OUTER_BOUND('',#161,.T.) ;
#183=FACE_OUTER_BOUND('',#178,.T.) ;
#214=FACE_OUTER_BOUND('',#209,.T.) ;
#226=FACE_OUTER_BOUND('',#221,.T.) ;
#236=FACE_OUTER_BOUND('',#233,.T.) ;
#246=FACE_OUTER_BOUND('',#243,.T.) ;
#260=FACE_OUTER_BOUND('',#257,.T.) ;
#378=FACE_OUTER_BOUND('',#373,.T.) ;
#409=FACE_OUTER_BOUND('',#404,.T.) ;
#440=FACE_OUTER_BOUND('',#435,.T.) ;
#462=FACE_OUTER_BOUND('',#457,.T.) ;
#474=FACE_OUTER_BOUND('',#469,.T.) ;
#486=FACE_OUTER_BOUND('',#481,.T.) ;
#553=FACE_OUTER_BOUND('',#548,.T.) ;
#584=FACE_OUTER_BOUND('',#579,.T.) ;
#608=FACE_OUTER_BOUND('',#603,.T.) ;
#632=FACE_OUTER_BOUND('',#627,.T.) ;
#649=FACE_OUTER_BOUND('',#644,.T.) ;
#689=FACE_OUTER_BOUND('',#684,.T.) ;
#720=FACE_OUTER_BOUND('',#715,.T.) ;
#744=FACE_OUTER_BOUND('',#739,.T.) ;
#768=FACE_OUTER_BOUND('',#763,.T.) ;
#785=FACE_OUTER_BOUND('',#780,.T.) ;
#797=FACE_OUTER_BOUND('',#792,.T.) ;
#1064=FACE_OUTER_BOUND('',#1059,.T.) ;
#1086=FACE_OUTER_BOUND('',#1081,.T.) ;
#1096=FACE_OUTER_BOUND('',#1093,.T.) ;
#1308=FACE_OUTER_BOUND('',#1303,.T.) ;
#1458=FACE_OUTER_BOUND('',#1453,.T.) ;
#1468=FACE_OUTER_BOUND('',#1465,.T.) ;
#1695=FACE_OUTER_BOUND('',#1690,.T.) ;
#1852=FACE_OUTER_BOUND('',#1847,.T.) ;
#1862=FACE_OUTER_BOUND('',#1859,.T.) ;
#1903=FACE_OUTER_BOUND('',#1898,.T.) ;
#1932=FACE_OUTER_BOUND('',#1927,.T.) ;
#1942=FACE_OUTER_BOUND('',#1939,.T.) ;
#1984=FACE_OUTER_BOUND('',#1979,.T.) ;
#2006=FACE_OUTER_BOUND('',#2001,.T.) ;
#2016=FACE_OUTER_BOUND('',#2013,.T.) ;
#2186=FACE_OUTER_BOUND('',#2181,.T.) ;
#2306=FACE_OUTER_BOUND('',#2301,.T.) ;
#2337=FACE_OUTER_BOUND('',#2332,.T.) ;
#2354=FACE_OUTER_BOUND('',#2349,.T.) ;
#2364=FACE_OUTER_BOUND('',#2361,.T.) ;
#2610=FACE_OUTER_BOUND('',#2605,.T.) ;
#2782=FACE_OUTER_BOUND('',#2777,.T.) ;
#2792=FACE_OUTER_BOUND('',#2789,.T.) ;
#2802=FACE_OUTER_BOUND('',#2799,.T.) ;
#928=GEOMETRIC_SET('NONE',(#926,#930,#931,#932,#933,#934,#935,#936,#937,#938,#939,#940,#941,#970,#1007,#1024)) ;
#927=GEOMETRICALLY_BOUNDED_SURFACE_SHAPE_REPRESENTATION('NONE',(#928),#893) ;
#50=UNCERTAINTY_MEASURE_WITH_UNIT(LENGTH_MEASURE(0.005),#46,'distance_accuracy_value','CONFUSED CURVE UNCERTAINTY') ;
#52=UNCERTAINTY_MEASURE_WITH_UNIT(LENGTH_MEASURE(0.005),#46,'distance_accuracy_value','CONFUSED CURVE UNCERTAINTY') ;
#60=UNCERTAINTY_MEASURE_WITH_UNIT(LENGTH_MEASURE(0.005),#46,'distance_accuracy_value','CONFUSED CURVE UNCERTAINTY') ;
#278=UNCERTAINTY_MEASURE_WITH_UNIT(LENGTH_MEASURE(0.005),#46,'distance_accuracy_value','CONFUSED CURVE UNCERTAINTY') ;
#293=UNCERTAINTY_MEASURE_WITH_UNIT(LENGTH_MEASURE(0.005),#46,'distance_accuracy_value','CONFUSED CURVE UNCERTAINTY') ;
#321=UNCERTAINTY_MEASURE_WITH_UNIT(LENGTH_MEASURE(0.005),#46,'distance_accuracy_value','CONFUSED CURVE UNCERTAINTY') ;
#329=UNCERTAINTY_MEASURE_WITH_UNIT(LENGTH_MEASURE(0.005),#46,'distance_accuracy_value','CONFUSED CURVE UNCERTAINTY') ;
#504=UNCERTAINTY_MEASURE_WITH_UNIT(LENGTH_MEASURE(0.005),#46,'distance_accuracy_value','CONFUSED CURVE UNCERTAINTY') ;
#834=UNCERTAINTY_MEASURE_WITH_UNIT(LENGTH_MEASURE(0.005),#46,'distance_accuracy_value','CONFUSED CURVE UNCERTAINTY') ;
#855=UNCERTAINTY_MEASURE_WITH_UNIT(LENGTH_MEASURE(0.005),#46,'distance_accuracy_value','CONFUSED CURVE UNCERTAINTY') ;
#876=UNCERTAINTY_MEASURE_WITH_UNIT(LENGTH_MEASURE(0.005),#46,'distance_accuracy_value','CONFUSED CURVE UNCERTAINTY') ;
#884=UNCERTAINTY_MEASURE_WITH_UNIT(LENGTH_MEASURE(0.005),#46,'distance_accuracy_value','CONFUSED CURVE UNCERTAINTY') ;
#892=UNCERTAINTY_MEASURE_WITH_UNIT(LENGTH_MEASURE(0.005),#46,'distance_accuracy_value','CONFUSED CURVE UNCERTAINTY') ;
#79=LINE('Line',#76,#78) ;
#95=LINE('Line',#92,#94) ;
#136=LINE('Line',#133,#135) ;
#152=LINE('Line',#149,#151) ;
#193=LINE('Line',#190,#192) ;
#207=LINE('Line',#204,#206) ;
#348=LINE('Line',#345,#347) ;
#357=LINE('Line',#354,#356) ;
#364=LINE('Line',#361,#363) ;
#371=LINE('Line',#368,#370) ;
#388=LINE('Line',#385,#387) ;
#395=LINE('Line',#392,#394) ;
#402=LINE('Line',#399,#401) ;
#419=LINE('Line',#416,#418) ;
#426=LINE('Line',#423,#425) ;
#433=LINE('Line',#430,#432) ;
#450=LINE('Line',#447,#449) ;
#455=LINE('Line',#452,#454) ;
#523=LINE('Line',#520,#522) ;
#532=LINE('Line',#529,#531) ;
#539=LINE('Line',#536,#538) ;
#546=LINE('Line',#543,#545) ;
#563=LINE('Line',#560,#562) ;
#570=LINE('Line',#567,#569) ;
#577=LINE('Line',#574,#576) ;
#594=LINE('Line',#591,#593) ;
#601=LINE('Line',#598,#600) ;
#618=LINE('Line',#615,#617) ;
#625=LINE('Line',#622,#624) ;
#642=LINE('Line',#639,#641) ;
#659=LINE('Line',#656,#658) ;
#668=LINE('Line',#665,#667) ;
#675=LINE('Line',#672,#674) ;
#682=LINE('Line',#679,#681) ;
#699=LINE('Line',#696,#698) ;
#708=LINE('Line',#705,#707) ;
#713=LINE('Line',#710,#712) ;
#730=LINE('Line',#727,#729) ;
#737=LINE('Line',#734,#736) ;
#754=LINE('Line',#751,#753) ;
#761=LINE('Line',#758,#760) ;
#778=LINE('Line',#775,#777) ;
#1043=LINE('Line',#1040,#1042) ;
#1057=LINE('Line',#1054,#1056) ;
#1963=LINE('Line',#1960,#1962) ;
#1977=LINE('Line',#1974,#1976) ;
#2325=LINE('Line',#2322,#2324) ;
#2330=LINE('Line',#2327,#2329) ;
#2=MECHANICAL_CONTEXT(' ',#1,'mechanical') ;
#265=NEXT_ASSEMBLY_USAGE_OCCURRENCE('clipA.1','clipA.1','',#58,#66,' ') ;
#280=NEXT_ASSEMBLY_USAGE_OCCURRENCE('clipA.2','clipA.2','',#58,#66,' ') ;
#295=NEXT_ASSEMBLY_USAGE_OCCURRENCE('clipA.3','clipA.3','',#58,#66,' ') ;
#308=NEXT_ASSEMBLY_USAGE_OCCURRENCE('Clips ASSY-project cable example','Clips ASSY-project cable example','',#17,#58,' ') ;
#491=NEXT_ASSEMBLY_USAGE_OCCURRENCE('conn1_female.1','conn1_female.1','',#327,#335,' ') ;
#808=NEXT_ASSEMBLY_USAGE_OCCURRENCE('conn1_male.1','conn1_male.1','',#327,#510,' ') ;
#821=NEXT_ASSEMBLY_USAGE_OCCURRENCE('Connectors ASSY-project cable example','Connectors ASSY-project cable example','',#17,#327,' ') ;
#842=NEXT_ASSEMBLY_USAGE_OCCURRENCE('Grommets ASSY-project cable example','Grommets ASSY-project cable example','',#17,#840,' ') ;
#863=NEXT_ASSEMBLY_USAGE_OCCURRENCE('Eyelets ASSY-project cable example','Eyelets ASSY-project cable example','',#17,#861,' ') ;
#2805=NEXT_ASSEMBLY_USAGE_OCCURRENCE('\X2\591A5206652F\X0\1.1','\X2\591A5206652F\X0\1.1','',#890,#898,' ') ;
#2818=NEXT_ASSEMBLY_USAGE_OCCURRENCE('\X2\51E04F55675F\X0\1.1','\X2\51E04F55675F\X0\1.1','',#882,#890,' ') ;
#2831=NEXT_ASSEMBLY_USAGE_OCCURRENCE('Harness ASSY-project cable example','Harness ASSY-project cable example','',#17,#882,' ') ;
#27=PERSONAL_ADDRESS(' ',' ',' ',' ',' ',' ',' ',' ',' ',' ',' ',' ',(#25),' ') ;
#232=PLANE('Plane',#231) ;
#242=PLANE('Plane',#241) ;
#256=PLANE('Plane',#255) ;
#344=PLANE('Plane',#343) ;
#384=PLANE('Plane',#383) ;
#415=PLANE('Plane',#414) ;
#446=PLANE('Plane',#445) ;
#468=PLANE('Plane',#467) ;
#480=PLANE('Plane',#479) ;
#519=PLANE('Plane',#518) ;
#559=PLANE('Plane',#558) ;
#590=PLANE('Plane',#589) ;
#614=PLANE('Plane',#613) ;
#638=PLANE('Plane',#637) ;
#655=PLANE('Plane',#654) ;
#695=PLANE('Plane',#694) ;
#726=PLANE('Plane',#725) ;
#750=PLANE('Plane',#749) ;
#774=PLANE('Plane',#773) ;
#791=PLANE('Plane',#790) ;
#1092=PLANE('Plane',#1091) ;
#1464=PLANE('Plane',#1463) ;
#1858=PLANE('Plane',#1857) ;
#1938=PLANE('Plane',#1937) ;
#2012=PLANE('Plane',#2011) ;
#2360=PLANE('Plane',#2359) ;
#2788=PLANE('Plane',#2787) ;
#2798=PLANE('Plane',#2797) ;
#48=PLANE_ANGLE_MEASURE_WITH_UNIT(PLANE_ANGLE_MEASURE(0.0174532925199),#47) ;
#7=PRODUCT_CATEGORY('part',$) ;
#14=PRODUCT_CATEGORY('part',$) ;
#9=PRODUCT_CATEGORY_RELATIONSHIP(' ',' ',#7,#8) ;
#16=PRODUCT_CATEGORY_RELATIONSHIP(' ',' ',#14,#15) ;
#6=PRODUCT_DEFINITION_FORMATION_WITH_SPECIFIED_SOURCE('',' ',#5,.NOT_KNOWN.) ;
#57=PRODUCT_DEFINITION_FORMATION_WITH_SPECIFIED_SOURCE('',' ',#56,.NOT_KNOWN.) ;
#65=PRODUCT_DEFINITION_FORMATION_WITH_SPECIFIED_SOURCE('',' ',#64,.NOT_KNOWN.) ;
#326=PRODUCT_DEFINITION_FORMATION_WITH_SPECIFIED_SOURCE('',' ',#325,.NOT_KNOWN.) ;
#334=PRODUCT_DEFINITION_FORMATION_WITH_SPECIFIED_SOURCE('',' ',#333,.NOT_KNOWN.) ;
#509=PRODUCT_DEFINITION_FORMATION_WITH_SPECIFIED_SOURCE('',' ',#508,.NOT_KNOWN.) ;
#839=PRODUCT_DEFINITION_FORMATION_WITH_SPECIFIED_SOURCE('',' ',#838,.NOT_KNOWN.) ;
#860=PRODUCT_DEFINITION_FORMATION_WITH_SPECIFIED_SOURCE('',' ',#859,.NOT_KNOWN.) ;
#881=PRODUCT_DEFINITION_FORMATION_WITH_SPECIFIED_SOURCE('',' ',#880,.NOT_KNOWN.) ;
#889=PRODUCT_DEFINITION_FORMATION_WITH_SPECIFIED_SOURCE('',' ',#888,.NOT_KNOWN.) ;
#897=PRODUCT_DEFINITION_FORMATION_WITH_SPECIFIED_SOURCE('',' ',#896,.NOT_KNOWN.) ;
#66=PRODUCT_DEFINITION_WITH_ASSOCIATED_DOCUMENTS('',' ',#65,#3,(#68)) ;
#335=PRODUCT_DEFINITION_WITH_ASSOCIATED_DOCUMENTS('',' ',#334,#3,(#337)) ;
#510=PRODUCT_DEFINITION_WITH_ASSOCIATED_DOCUMENTS('',' ',#509,#3,(#512)) ;
#898=PRODUCT_DEFINITION_WITH_ASSOCIATED_DOCUMENTS('',' ',#897,#3,(#900)) ;
#8=PRODUCT_RELATED_PRODUCT_CATEGORY('detail',$,(#64,#333,#508,#838,#859,#896)) ;
#15=PRODUCT_RELATED_PRODUCT_CATEGORY('part',$,(#5,#56,#325,#880,#888)) ;
#43=SHAPE_DEFINITION_REPRESENTATION(#45,#44) ;
#55=SHAPE_DEFINITION_REPRESENTATION(#59,#54) ;
#63=SHAPE_DEFINITION_REPRESENTATION(#69,#62) ;
#324=SHAPE_DEFINITION_REPRESENTATION(#328,#323) ;
#332=SHAPE_DEFINITION_REPRESENTATION(#338,#331) ;
#507=SHAPE_DEFINITION_REPRESENTATION(#513,#506) ;
#837=SHAPE_DEFINITION_REPRESENTATION(#841,#836) ;
#858=SHAPE_DEFINITION_REPRESENTATION(#862,#857) ;
#879=SHAPE_DEFINITION_REPRESENTATION(#883,#878) ;
#887=SHAPE_DEFINITION_REPRESENTATION(#891,#886) ;
#895=SHAPE_DEFINITION_REPRESENTATION(#901,#894) ;
#912=TRIMMED_CURVE('',#902,(#910),(#911),.T.,.CARTESIAN.) ;
#924=TRIMMED_CURVE('',#914,(#922),(#923),.T.,.CARTESIAN.) ;
#956=TRIMMED_CURVE('',#942,(#954),(#955),.T.,.CARTESIAN.) ;
#968=TRIMMED_CURVE('',#958,(#966),(#967),.T.,.CARTESIAN.) ;
#981=TRIMMED_CURVE('',#971,(#979),(#980),.T.,.CARTESIAN.) ;
#993=TRIMMED_CURVE('',#983,(#991),(#992),.T.,.CARTESIAN.) ;
#1005=TRIMMED_CURVE('',#995,(#1003),(#1004),.T.,.CARTESIAN.) ;
#1022=TRIMMED_CURVE('',#1008,(#1020),(#1021),.T.,.CARTESIAN.) ;
#81=VERTEX_POINT('',#80) ;
#83=VERTEX_POINT('',#82) ;
#90=VERTEX_POINT('',#89) ;
#97=VERTEX_POINT('',#96) ;
#138=VERTEX_POINT('',#137) ;
#140=VERTEX_POINT('',#139) ;
#147=VERTEX_POINT('',#146) ;
#154=VERTEX_POINT('',#153) ;
#195=VERTEX_POINT('',#194) ;
#202=VERTEX_POINT('',#201) ;
#350=VERTEX_POINT('',#349) ;
#352=VERTEX_POINT('',#351) ;
#359=VERTEX_POINT('',#358) ;
#366=VERTEX_POINT('',#365) ;
#390=VERTEX_POINT('',#389) ;
#397=VERTEX_POINT('',#396) ;
#421=VERTEX_POINT('',#420) ;
#428=VERTEX_POINT('',#427) ;
#525=VERTEX_POINT('',#524) ;
#527=VERTEX_POINT('',#526) ;
#534=VERTEX_POINT('',#533) ;
#541=VERTEX_POINT('',#540) ;
#565=VERTEX_POINT('',#564) ;
#572=VERTEX_POINT('',#571) ;
#596=VERTEX_POINT('',#595) ;
#620=VERTEX_POINT('',#619) ;
#661=VERTEX_POINT('',#660) ;
#663=VERTEX_POINT('',#662) ;
#670=VERTEX_POINT('',#669) ;
#677=VERTEX_POINT('',#676) ;
#701=VERTEX_POINT('',#700) ;
#703=VERTEX_POINT('',#702) ;
#732=VERTEX_POINT('',#731) ;
#756=VERTEX_POINT('',#755) ;
#1036=VERTEX_POINT('',#1035) ;
#1038=VERTEX_POINT('',#1037) ;
#1045=VERTEX_POINT('',#1044) ;
#1052=VERTEX_POINT('',#1051) ;
#1241=VERTEX_POINT('',#1240) ;
#1243=VERTEX_POINT('',#1242) ;
#1617=VERTEX_POINT('',#1616) ;
#1619=VERTEX_POINT('',#1618) ;
#1650=VERTEX_POINT('',#1649) ;
#1659=VERTEX_POINT('',#1658) ;
#1886=VERTEX_POINT('',#1885) ;
#1888=VERTEX_POINT('',#1887) ;
#1956=VERTEX_POINT('',#1955) ;
#1958=VERTEX_POINT('',#1957) ;
#1965=VERTEX_POINT('',#1964) ;
#1972=VERTEX_POINT('',#1971) ;
#2131=VERTEX_POINT('',#2130) ;
#2133=VERTEX_POINT('',#2132) ;
#2318=VERTEX_POINT('',#2317) ;
#2320=VERTEX_POINT('',#2319) ;
#2526=VERTEX_POINT('',#2525) ;
#2528=VERTEX_POINT('',#2527) ;
#2562=VERTEX_POINT('',#2561) ;
#2571=VERTEX_POINT('',#2570) ;
#1234=(BOUNDED_CURVE()B_SPLINE_CURVE(4,(#1235,#1236,#1237,#1238,#1239),.UNSPECIFIED.,.F.,.U.)B_SPLINE_CURVE_WITH_KNOTS((5,5),(-40.8407044967,-20.4203522483),.UNSPECIFIED.)CURVE()GEOMETRIC_REPRESENTATION_ITEM()RATIONAL_B_SPLINE_CURVE((1.,0.707106781187,0.666666666667,0.707106781187,1.))REPRESENTATION_ITEM('')) ;
#1245=(BOUNDED_CURVE()B_SPLINE_CURVE(5,(#1246,#1247,#1248,#1249,#1250,#1251,#1252,#1253,#1254,#1255,#1256,#1257,#1258,#1259,#1260,#1261,#1262,#1263,#1264,#1265,#1266,#1267,#1268,#1269,#1270,#1271,#1272),.UNSPECIFIED.,.F.,.U.)B_SPLINE_CURVE_WITH_KNOTS((6,3,3,3,3,3,3,3,6),(0.,21.6214345053,53.1510846406,76.435679,89.3623568079,102.227911447,131.999908223,155.97990152,173.102354706),.UNSPECIFIED.)CURVE()GEOMETRIC_REPRESENTATION_ITEM()RATIONAL_B_SPLINE_CURVE((1.,1.,1.,1.,1.,1.,1.,1.,1.,1.,1.,1.,1.,1.,1.,1.,1.,1.,1.,1.,1.,1.,1.,1.,1.,1.,1.))REPRESENTATION_ITEM('')) ;
#1274=(BOUNDED_CURVE()B_SPLINE_CURVE(5,(#1275,#1276,#1277,#1278,#1279,#1280,#1281,#1282,#1283,#1284,#1285,#1286,#1287,#1288,#1289,#1290,#1291,#1292,#1293,#1294,#1295,#1296,#1297,#1298,#1299,#1300,#1301),.UNSPECIFIED.,.F.,.U.)B_SPLINE_CURVE_WITH_KNOTS((6,3,3,3,3,3,3,3,6),(0.,21.6214345053,53.1510846406,76.435679,89.3623568079,102.227911447,131.999908223,155.97990152,173.102354706),.UNSPECIFIED.)CURVE()GEOMETRIC_REPRESENTATION_ITEM()RATIONAL_B_SPLINE_CURVE((1.,1.,1.,1.,1.,1.,1.,1.,1.,1.,1.,1.,1.,1.,1.,1.,1.,1.,1.,1.,1.,1.,1.,1.,1.,1.,1.))REPRESENTATION_ITEM('')) ;
#1446=(BOUNDED_CURVE()B_SPLINE_CURVE(4,(#1447,#1448,#1449,#1450,#1451),.UNSPECIFIED.,.F.,.U.)B_SPLINE_CURVE_WITH_KNOTS((5,5),(-20.4203522483,1.58623114643E-014),.UNSPECIFIED.)CURVE()GEOMETRIC_REPRESENTATION_ITEM()RATIONAL_B_SPLINE_CURVE((1.,0.707106781187,0.666666666667,0.707106781187,1.))REPRESENTATION_ITEM('')) ;
#1610=(BOUNDED_CURVE()B_SPLINE_CURVE(4,(#1611,#1612,#1613,#1614,#1615),.UNSPECIFIED.,.F.,.U.)B_SPLINE_CURVE_WITH_KNOTS((5,5),(-0.0027111772112,20.4176410711),.UNSPECIFIED.)CURVE()GEOMETRIC_REPRESENTATION_ITEM()RATIONAL_B_SPLINE_CURVE((1.,0.707106781187,0.666666666667,0.707106781187,1.))REPRESENTATION_ITEM('')) ;
#1621=(BOUNDED_CURVE()B_SPLINE_CURVE(5,(#1622,#1623,#1624,#1625,#1626,#1627,#1628,#1629,#1630,#1631,#1632,#1633,#1634,#1635,#1636,#1637,#1638,#1639,#1640,#1641,#1642,#1643,#1644,#1645,#1646,#1647,#1648),.UNSPECIFIED.,.F.,.U.)B_SPLINE_CURVE_WITH_KNOTS((6,3,3,3,3,3,3,3,6),(0.,1.88561448243,3.61430541114,20.587930778,62.2471402024,92.297849447,141.903613538,190.985955252,241.283320562),.UNSPECIFIED.)CURVE()GEOMETRIC_REPRESENTATION_ITEM()RATIONAL_B_SPLINE_CURVE((1.,1.,1.,1.,1.,1.,1.,1.,1.,1.,1.,1.,1.,1.,1.,1.,1.,1.,1.,1.,1.,1.,1.,1.,1.,1.,1.))REPRESENTATION_ITEM('')) ;
#1652=(BOUNDED_CURVE()B_SPLINE_CURVE(4,(#1653,#1654,#1655,#1656,#1657),.UNSPECIFIED.,.F.,.U.)B_SPLINE_CURVE_WITH_KNOTS((5,5),(-0.0027111772112,20.4176410711),.UNSPECIFIED.)CURVE()GEOMETRIC_REPRESENTATION_ITEM()RATIONAL_B_SPLINE_CURVE((1.,0.707106781187,0.666666666667,0.707106781187,1.))REPRESENTATION_ITEM('')) ;
#1661=(BOUNDED_CURVE()B_SPLINE_CURVE(5,(#1662,#1663,#1664,#1665,#1666,#1667,#1668,#1669,#1670,#1671,#1672,#1673,#1674,#1675,#1676,#1677,#1678,#1679,#1680,#1681,#1682,#1683,#1684,#1685,#1686,#1687,#1688),.UNSPECIFIED.,.F.,.U.)B_SPLINE_CURVE_WITH_KNOTS((6,3,3,3,3,3,3,3,6),(0.,1.88561448243,3.61430541114,20.587930778,62.2471402024,92.297849447,141.903613538,190.985955252,241.283320562),.UNSPECIFIED.)CURVE()GEOMETRIC_REPRESENTATION_ITEM()RATIONAL_B_SPLINE_CURVE((1.,1.,1.,1.,1.,1.,1.,1.,1.,1.,1.,1.,1.,1.,1.,1.,1.,1.,1.,1.,1.,1.,1.,1.,1.,1.,1.))REPRESENTATION_ITEM('')) ;
#1833=(BOUNDED_CURVE()B_SPLINE_CURVE(4,(#1834,#1835,#1836,#1837,#1838),.UNSPECIFIED.,.F.,.U.)B_SPLINE_CURVE_WITH_KNOTS((5,5),(-20.4230634255,-0.0027111772112),.UNSPECIFIED.)CURVE()GEOMETRIC_REPRESENTATION_ITEM()RATIONAL_B_SPLINE_CURVE((1.,0.707106781187,0.666666666667,0.707106781187,1.))REPRESENTATION_ITEM('')) ;
#1840=(BOUNDED_CURVE()B_SPLINE_CURVE(4,(#1841,#1842,#1843,#1844,#1845),.UNSPECIFIED.,.F.,.U.)B_SPLINE_CURVE_WITH_KNOTS((5,5),(-20.4230634255,-0.0027111772112),.UNSPECIFIED.)CURVE()GEOMETRIC_REPRESENTATION_ITEM()RATIONAL_B_SPLINE_CURVE((1.,0.707106781187,0.666666666667,0.707106781187,1.))REPRESENTATION_ITEM('')) ;
#2124=(BOUNDED_CURVE()B_SPLINE_CURVE(4,(#2125,#2126,#2127,#2128,#2129),.UNSPECIFIED.,.F.,.U.)B_SPLINE_CURVE_WITH_KNOTS((5,5),(-40.4239835334,-20.0036312851),.UNSPECIFIED.)CURVE()GEOMETRIC_REPRESENTATION_ITEM()RATIONAL_B_SPLINE_CURVE((1.,0.707106781187,0.666666666667,0.707106781187,1.))REPRESENTATION_ITEM('')) ;
#2135=(BOUNDED_CURVE()B_SPLINE_CURVE(5,(#2136,#2137,#2138,#2139,#2140,#2141,#2142,#2143,#2144,#2145,#2146,#2147,#2148,#2149,#2150,#2151,#2152,#2153,#2154,#2155,#2156),.UNSPECIFIED.,.F.,.U.)B_SPLINE_CURVE_WITH_KNOTS((6,3,3,3,3,3,6),(0.,35.7258143009,75.8278433923,137.388080189,175.207157352,212.214279659,244.551459873),.UNSPECIFIED.)CURVE()GEOMETRIC_REPRESENTATION_ITEM()RATIONAL_B_SPLINE_CURVE((1.,1.,1.,1.,1.,1.,1.,1.,1.,1.,1.,1.,1.,1.,1.,1.,1.,1.,1.,1.,1.))REPRESENTATION_ITEM('')) ;
#2158=(BOUNDED_CURVE()B_SPLINE_CURVE(5,(#2159,#2160,#2161,#2162,#2163,#2164,#2165,#2166,#2167,#2168,#2169,#2170,#2171,#2172,#2173,#2174,#2175,#2176,#2177,#2178,#2179),.UNSPECIFIED.,.F.,.U.)B_SPLINE_CURVE_WITH_KNOTS((6,3,3,3,3,3,6),(0.,35.7258143009,75.8278433923,137.388080189,175.207157352,212.214279659,244.551459873),.UNSPECIFIED.)CURVE()GEOMETRIC_REPRESENTATION_ITEM()RATIONAL_B_SPLINE_CURVE((1.,1.,1.,1.,1.,1.,1.,1.,1.,1.,1.,1.,1.,1.,1.,1.,1.,1.,1.,1.,1.))REPRESENTATION_ITEM('')) ;
#2294=(BOUNDED_CURVE()B_SPLINE_CURVE(4,(#2295,#2296,#2297,#2298,#2299),.UNSPECIFIED.,.F.,.U.)B_SPLINE_CURVE_WITH_KNOTS((5,5),(-20.0036312851,0.416720963246),.UNSPECIFIED.)CURVE()GEOMETRIC_REPRESENTATION_ITEM()RATIONAL_B_SPLINE_CURVE((1.,0.707106781187,0.666666666667,0.707106781187,1.))REPRESENTATION_ITEM('')) ;
#2519=(BOUNDED_CURVE()B_SPLINE_CURVE(4,(#2520,#2521,#2522,#2523,#2524),.UNSPECIFIED.,.F.,.U.)B_SPLINE_CURVE_WITH_KNOTS((5,5),(-40.7025788813,-20.282226633),.UNSPECIFIED.)CURVE()GEOMETRIC_REPRESENTATION_ITEM()RATIONAL_B_SPLINE_CURVE((1.,0.707106781187,0.666666666667,0.707106781187,1.))REPRESENTATION_ITEM('')) ;
#2530=(BOUNDED_CURVE()B_SPLINE_CURVE(5,(#2531,#2532,#2533,#2534,#2535,#2536,#2537,#2538,#2539,#2540,#2541,#2542,#2543,#2544,#2545,#2546,#2547,#2548,#2549,#2550,#2551,#2552,#2553,#2554,#2555,#2556,#2557,#2558,#2559,#2560),.UNSPECIFIED.,.F.,.U.)B_SPLINE_CURVE_WITH_KNOTS((6,3,3,3,3,3,3,3,3,6),(0.,28.3150215532,62.8702432009,105.122765475,136.543915181,164.684029359,189.87265798,229.674829952,271.066547079,279.061490495),.UNSPECIFIED.)CURVE()GEOMETRIC_REPRESENTATION_ITEM()RATIONAL_B_SPLINE_CURVE((1.,1.,1.,1.,1.,1.,1.,1.,1.,1.,1.,1.,1.,1.,1.,1.,1.,1.,1.,1.,1.,1.,1.,1.,1.,1.,1.,1.,1.,1.))REPRESENTATION_ITEM('')) ;
#2564=(BOUNDED_CURVE()B_SPLINE_CURVE(4,(#2565,#2566,#2567,#2568,#2569),.UNSPECIFIED.,.F.,.U.)B_SPLINE_CURVE_WITH_KNOTS((5,5),(-40.7025788813,-20.282226633),.UNSPECIFIED.)CURVE()GEOMETRIC_REPRESENTATION_ITEM()RATIONAL_B_SPLINE_CURVE((1.,0.707106781187,0.666666666667,0.707106781187,1.))REPRESENTATION_ITEM('')) ;
#2573=(BOUNDED_CURVE()B_SPLINE_CURVE(5,(#2574,#2575,#2576,#2577,#2578,#2579,#2580,#2581,#2582,#2583,#2584,#2585,#2586,#2587,#2588,#2589,#2590,#2591,#2592,#2593,#2594,#2595,#2596,#2597,#2598,#2599,#2600,#2601,#2602,#2603),.UNSPECIFIED.,.F.,.U.)B_SPLINE_CURVE_WITH_KNOTS((6,3,3,3,3,3,3,3,3,6),(0.,28.3150215532,62.8702432009,105.122765475,136.543915181,164.684029359,189.87265798,229.674829952,271.066547079,279.061490495),.UNSPECIFIED.)CURVE()GEOMETRIC_REPRESENTATION_ITEM()RATIONAL_B_SPLINE_CURVE((1.,1.,1.,1.,1.,1.,1.,1.,1.,1.,1.,1.,1.,1.,1.,1.,1.,1.,1.,1.,1.,1.,1.,1.,1.,1.,1.,1.,1.,1.))REPRESENTATION_ITEM('')) ;
#2763=(BOUNDED_CURVE()B_SPLINE_CURVE(4,(#2764,#2765,#2766,#2767,#2768),.UNSPECIFIED.,.F.,.U.)B_SPLINE_CURVE_WITH_KNOTS((5,5),(-20.282226633,0.138125615341),.UNSPECIFIED.)CURVE()GEOMETRIC_REPRESENTATION_ITEM()RATIONAL_B_SPLINE_CURVE((1.,0.707106781187,0.666666666667,0.707106781187,1.))REPRESENTATION_ITEM('')) ;
#2770=(BOUNDED_CURVE()B_SPLINE_CURVE(4,(#2771,#2772,#2773,#2774,#2775),.UNSPECIFIED.,.F.,.U.)B_SPLINE_CURVE_WITH_KNOTS((5,5),(-20.282226633,0.138125615341),.UNSPECIFIED.)CURVE()GEOMETRIC_REPRESENTATION_ITEM()RATIONAL_B_SPLINE_CURVE((1.,0.707106781187,0.666666666667,0.707106781187,1.))REPRESENTATION_ITEM('')) ;
#1098=(BOUNDED_SURFACE()B_SPLINE_SURFACE(5,4,((#1099,#1100,#1101,#1102,#1103),(#1104,#1105,#1106,#1107,#1108),(#1109,#1110,#1111,#1112,#1113),(#1114,#1115,#1116,#1117,#1118),(#1119,#1120,#1121,#1122,#1123),(#1124,#1125,#1126,#1127,#1128),(#1129,#1130,#1131,#1132,#1133),(#1134,#1135,#1136,#1137,#1138),(#1139,#1140,#1141,#1142,#1143),(#1144,#1145,#1146,#1147,#1148),(#1149,#1150,#1151,#1152,#1153),(#1154,#1155,#1156,#1157,#1158),(#1159,#1160,#1161,#1162,#1163),(#1164,#1165,#1166,#1167,#1168),(#1169,#1170,#1171,#1172,#1173),(#1174,#1175,#1176,#1177,#1178),(#1179,#1180,#1181,#1182,#1183),(#1184,#1185,#1186,#1187,#1188),(#1189,#1190,#1191,#1192,#1193),(#1194,#1195,#1196,#1197,#1198),(#1199,#1200,#1201,#1202,#1203),(#1204,#1205,#1206,#1207,#1208),(#1209,#1210,#1211,#1212,#1213),(#1214,#1215,#1216,#1217,#1218),(#1219,#1220,#1221,#1222,#1223),(#1224,#1225,#1226,#1227,#1228),(#1229,#1230,#1231,#1232,#1233)),.UNSPECIFIED.,.F.,.F.,.U.)B_SPLINE_SURFACE_WITH_KNOTS((6,3,3,3,3,3,3,3,6),(5,5),(0.,21.6214345053,53.1510846406,76.435679,89.3623568079,102.227911447,131.999908223,155.97990152,173.102354706),(-40.8407044967,-20.4203522483),.UNSPECIFIED.)GEOMETRIC_REPRESENTATION_ITEM()RATIONAL_B_SPLINE_SURFACE(((1.,0.707106781187,0.666666666667,0.707106781187,1.),(1.,0.707106781187,0.666666666667,0.707106781187,1.),(1.,0.707106781187,0.666666666667,0.707106781187,1.),(1.,0.707106781187,0.666666666667,0.707106781187,1.),(1.,0.707106781187,0.666666666667,0.707106781187,1.),(1.,0.707106781187,0.666666666667,0.707106781187,1.),(1.,0.707106781187,0.666666666667,0.707106781187,1.),(1.,0.707106781187,0.666666666667,0.707106781187,1.),(1.,0.707106781187,0.666666666667,0.707106781187,1.),(1.,0.707106781187,0.666666666667,0.707106781187,1.),(1.,0.707106781187,0.666666666667,0.707106781187,1.),(1.,0.707106781187,0.666666666667,0.707106781187,1.),(1.,0.707106781187,0.666666666667,0.707106781187,1.),(1.,0.707106781187,0.666666666667,0.707106781187,1.),(1.,0.707106781187,0.666666666667,0.707106781187,1.),(1.,0.707106781187,0.666666666667,0.707106781187,1.),(1.,0.707106781187,0.666666666667,0.707106781187,1.),(1.,0.707106781187,0.666666666667,0.707106781187,1.),(1.,0.707106781187,0.666666666667,0.707106781187,1.),(1.,0.707106781187,0.666666666667,0.707106781187,1.),(1.,0.707106781187,0.666666666667,0.707106781187,1.),(1.,0.707106781187,0.666666666667,0.707106781187,1.),(1.,0.707106781187,0.666666666667,0.707106781187,1.),(1.,0.707106781187,0.666666666667,0.707106781187,1.),(1.,0.707106781187,0.666666666667,0.707106781187,1.),(1.,0.707106781187,0.666666666667,0.707106781187,1.),(1.,0.707106781187,0.666666666667,0.707106781187,1.)))REPRESENTATION_ITEM('Rational BSpline Surface')SURFACE()) ;
#1310=(BOUNDED_SURFACE()B_SPLINE_SURFACE(5,4,((#1311,#1312,#1313,#1314,#1315),(#1316,#1317,#1318,#1319,#1320),(#1321,#1322,#1323,#1324,#1325),(#1326,#1327,#1328,#1329,#1330),(#1331,#1332,#1333,#1334,#1335),(#1336,#1337,#1338,#1339,#1340),(#1341,#1342,#1343,#1344,#1345),(#1346,#1347,#1348,#1349,#1350),(#1351,#1352,#1353,#1354,#1355),(#1356,#1357,#1358,#1359,#1360),(#1361,#1362,#1363,#1364,#1365),(#1366,#1367,#1368,#1369,#1370),(#1371,#1372,#1373,#1374,#1375),(#1376,#1377,#1378,#1379,#1380),(#1381,#1382,#1383,#1384,#1385),(#1386,#1387,#1388,#1389,#1390),(#1391,#1392,#1393,#1394,#1395),(#1396,#1397,#1398,#1399,#1400),(#1401,#1402,#1403,#1404,#1405),(#1406,#1407,#1408,#1409,#1410),(#1411,#1412,#1413,#1414,#1415),(#1416,#1417,#1418,#1419,#1420),(#1421,#1422,#1423,#1424,#1425),(#1426,#1427,#1428,#1429,#1430),(#1431,#1432,#1433,#1434,#1435),(#1436,#1437,#1438,#1439,#1440),(#1441,#1442,#1443,#1444,#1445)),.UNSPECIFIED.,.F.,.F.,.U.)B_SPLINE_SURFACE_WITH_KNOTS((6,3,3,3,3,3,3,3,6),(5,5),(0.,21.6214345053,53.1510846406,76.435679,89.3623568079,102.227911447,131.999908223,155.97990152,173.102354706),(-20.4203522483,1.58623114643E-014),.UNSPECIFIED.)GEOMETRIC_REPRESENTATION_ITEM()RATIONAL_B_SPLINE_SURFACE(((1.,0.707106781187,0.666666666667,0.707106781187,1.),(1.,0.707106781187,0.666666666667,0.707106781187,1.),(1.,0.707106781187,0.666666666667,0.707106781187,1.),(1.,0.707106781187,0.666666666667,0.707106781187,1.),(1.,0.707106781187,0.666666666667,0.707106781187,1.),(1.,0.707106781187,0.666666666667,0.707106781187,1.),(1.,0.707106781187,0.666666666667,0.707106781187,1.),(1.,0.707106781187,0.666666666667,0.707106781187,1.),(1.,0.707106781187,0.666666666667,0.707106781187,1.),(1.,0.707106781187,0.666666666667,0.707106781187,1.),(1.,0.707106781187,0.666666666667,0.707106781187,1.),(1.,0.707106781187,0.666666666667,0.707106781187,1.),(1.,0.707106781187,0.666666666667,0.707106781187,1.),(1.,0.707106781187,0.666666666667,0.707106781187,1.),(1.,0.707106781187,0.666666666667,0.707106781187,1.),(1.,0.707106781187,0.666666666667,0.707106781187,1.),(1.,0.707106781187,0.666666666667,0.707106781187,1.),(1.,0.707106781187,0.666666666667,0.707106781187,1.),(1.,0.707106781187,0.666666666667,0.707106781187,1.),(1.,0.707106781187,0.666666666667,0.707106781187,1.),(1.,0.707106781187,0.666666666667,0.707106781187,1.),(1.,0.707106781187,0.666666666667,0.707106781187,1.),(1.,0.707106781187,0.666666666667,0.707106781187,1.),(1.,0.707106781187,0.666666666667,0.707106781187,1.),(1.,0.707106781187,0.666666666667,0.707106781187,1.),(1.,0.707106781187,0.666666666667,0.707106781187,1.),(1.,0.707106781187,0.666666666667,0.707106781187,1.)))REPRESENTATION_ITEM('Rational BSpline Surface')SURFACE()) ;
#1474=(BOUNDED_SURFACE()B_SPLINE_SURFACE(5,4,((#1475,#1476,#1477,#1478,#1479),(#1480,#1481,#1482,#1483,#1484),(#1485,#1486,#1487,#1488,#1489),(#1490,#1491,#1492,#1493,#1494),(#1495,#1496,#1497,#1498,#1499),(#1500,#1501,#1502,#1503,#1504),(#1505,#1506,#1507,#1508,#1509),(#1510,#1511,#1512,#1513,#1514),(#1515,#1516,#1517,#1518,#1519),(#1520,#1521,#1522,#1523,#1524),(#1525,#1526,#1527,#1528,#1529),(#1530,#1531,#1532,#1533,#1534),(#1535,#1536,#1537,#1538,#1539),(#1540,#1541,#1542,#1543,#1544),(#1545,#1546,#1547,#1548,#1549),(#1550,#1551,#1552,#1553,#1554),(#1555,#1556,#1557,#1558,#1559),(#1560,#1561,#1562,#1563,#1564),(#1565,#1566,#1567,#1568,#1569),(#1570,#1571,#1572,#1573,#1574),(#1575,#1576,#1577,#1578,#1579),(#1580,#1581,#1582,#1583,#1584),(#1585,#1586,#1587,#1588,#1589),(#1590,#1591,#1592,#1593,#1594),(#1595,#1596,#1597,#1598,#1599),(#1600,#1601,#1602,#1603,#1604),(#1605,#1606,#1607,#1608,#1609)),.UNSPECIFIED.,.F.,.F.,.U.)B_SPLINE_SURFACE_WITH_KNOTS((6,3,3,3,3,3,3,3,6),(5,5),(0.,1.88561448243,3.61430541114,20.587930778,62.2471402024,92.297849447,141.903613538,190.985955252,241.283320562),(-0.0027111772112,20.4176410711),.UNSPECIFIED.)GEOMETRIC_REPRESENTATION_ITEM()RATIONAL_B_SPLINE_SURFACE(((1.,0.707106781187,0.666666666667,0.707106781187,1.),(1.,0.707106781187,0.666666666667,0.707106781187,1.),(1.,0.707106781187,0.666666666667,0.707106781187,1.),(1.,0.707106781187,0.666666666667,0.707106781187,1.),(1.,0.707106781187,0.666666666667,0.707106781187,1.),(1.,0.707106781187,0.666666666667,0.707106781187,1.),(1.,0.707106781187,0.666666666667,0.707106781187,1.),(1.,0.707106781187,0.666666666667,0.707106781187,1.),(1.,0.707106781187,0.666666666667,0.707106781187,1.),(1.,0.707106781187,0.666666666667,0.707106781187,1.),(1.,0.707106781187,0.666666666667,0.707106781187,1.),(1.,0.707106781187,0.666666666667,0.707106781187,1.),(1.,0.707106781187,0.666666666667,0.707106781187,1.),(1.,0.707106781187,0.666666666667,0.707106781187,1.),(1.,0.707106781187,0.666666666667,0.707106781187,1.),(1.,0.707106781187,0.666666666667,0.707106781187,1.),(1.,0.707106781187,0.666666666667,0.707106781187,1.),(1.,0.707106781187,0.666666666667,0.707106781187,1.),(1.,0.707106781187,0.666666666667,0.707106781187,1.),(1.,0.707106781187,0.666666666667,0.707106781187,1.),(1.,0.707106781187,0.666666666667,0.707106781187,1.),(1.,0.707106781187,0.666666666667,0.707106781187,1.),(1.,0.707106781187,0.666666666667,0.707106781187,1.),(1.,0.707106781187,0.666666666667,0.707106781187,1.),(1.,0.707106781187,0.666666666667,0.707106781187,1.),(1.,0.707106781187,0.666666666667,0.707106781187,1.),(1.,0.707106781187,0.666666666667,0.707106781187,1.)))REPRESENTATION_ITEM('Rational BSpline Surface')SURFACE()) ;
#1697=(BOUNDED_SURFACE()B_SPLINE_SURFACE(5,4,((#1698,#1699,#1700,#1701,#1702),(#1703,#1704,#1705,#1706,#1707),(#1708,#1709,#1710,#1711,#1712),(#1713,#1714,#1715,#1716,#1717),(#1718,#1719,#1720,#1721,#1722),(#1723,#1724,#1725,#1726,#1727),(#1728,#1729,#1730,#1731,#1732),(#1733,#1734,#1735,#1736,#1737),(#1738,#1739,#1740,#1741,#1742),(#1743,#1744,#1745,#1746,#1747),(#1748,#1749,#1750,#1751,#1752),(#1753,#1754,#1755,#1756,#1757),(#1758,#1759,#1760,#1761,#1762),(#1763,#1764,#1765,#1766,#1767),(#1768,#1769,#1770,#1771,#1772),(#1773,#1774,#1775,#1776,#1777),(#1778,#1779,#1780,#1781,#1782),(#1783,#1784,#1785,#1786,#1787),(#1788,#1789,#1790,#1791,#1792),(#1793,#1794,#1795,#1796,#1797),(#1798,#1799,#1800,#1801,#1802),(#1803,#1804,#1805,#1806,#1807),(#1808,#1809,#1810,#1811,#1812),(#1813,#1814,#1815,#1816,#1817),(#1818,#1819,#1820,#1821,#1822),(#1823,#1824,#1825,#1826,#1827),(#1828,#1829,#1830,#1831,#1832)),.UNSPECIFIED.,.F.,.F.,.U.)B_SPLINE_SURFACE_WITH_KNOTS((6,3,3,3,3,3,3,3,6),(5,5),(0.,1.88561448243,3.61430541114,20.587930778,62.2471402024,92.297849447,141.903613538,190.985955252,241.283320562),(-20.4230634255,-0.0027111772112),.UNSPECIFIED.)GEOMETRIC_REPRESENTATION_ITEM()RATIONAL_B_SPLINE_SURFACE(((1.,0.707106781187,0.666666666667,0.707106781187,1.),(1.,0.707106781187,0.666666666667,0.707106781187,1.),(1.,0.707106781187,0.666666666667,0.707106781187,1.),(1.,0.707106781187,0.666666666667,0.707106781187,1.),(1.,0.707106781187,0.666666666667,0.707106781187,1.),(1.,0.707106781187,0.666666666667,0.707106781187,1.),(1.,0.707106781187,0.666666666667,0.707106781187,1.),(1.,0.707106781187,0.666666666667,0.707106781187,1.),(1.,0.707106781187,0.666666666667,0.707106781187,1.),(1.,0.707106781187,0.666666666667,0.707106781187,1.),(1.,0.707106781187,0.666666666667,0.707106781187,1.),(1.,0.707106781187,0.666666666667,0.707106781187,1.),(1.,0.707106781187,0.666666666667,0.707106781187,1.),(1.,0.707106781187,0.666666666667,0.707106781187,1.),(1.,0.707106781187,0.666666666667,0.707106781187,1.),(1.,0.707106781187,0.666666666667,0.707106781187,1.),(1.,0.707106781187,0.666666666667,0.707106781187,1.),(1.,0.707106781187,0.666666666667,0.707106781187,1.),(1.,0.707106781187,0.666666666667,0.707106781187,1.),(1.,0.707106781187,0.666666666667,0.707106781187,1.),(1.,0.707106781187,0.666666666667,0.707106781187,1.),(1.,0.707106781187,0.666666666667,0.707106781187,1.),(1.,0.707106781187,0.666666666667,0.707106781187,1.),(1.,0.707106781187,0.666666666667,0.707106781187,1.),(1.,0.707106781187,0.666666666667,0.707106781187,1.),(1.,0.707106781187,0.666666666667,0.707106781187,1.),(1.,0.707106781187,0.666666666667,0.707106781187,1.)))REPRESENTATION_ITEM('Rational BSpline Surface')SURFACE()) ;
#2018=(BOUNDED_SURFACE()B_SPLINE_SURFACE(5,4,((#2019,#2020,#2021,#2022,#2023),(#2024,#2025,#2026,#2027,#2028),(#2029,#2030,#2031,#2032,#2033),(#2034,#2035,#2036,#2037,#2038),(#2039,#2040,#2041,#2042,#2043),(#2044,#2045,#2046,#2047,#2048),(#2049,#2050,#2051,#2052,#2053),(#2054,#2055,#2056,#2057,#2058),(#2059,#2060,#2061,#2062,#2063),(#2064,#2065,#2066,#2067,#2068),(#2069,#2070,#2071,#2072,#2073),(#2074,#2075,#2076,#2077,#2078),(#2079,#2080,#2081,#2082,#2083),(#2084,#2085,#2086,#2087,#2088),(#2089,#2090,#2091,#2092,#2093),(#2094,#2095,#2096,#2097,#2098),(#2099,#2100,#2101,#2102,#2103),(#2104,#2105,#2106,#2107,#2108),(#2109,#2110,#2111,#2112,#2113),(#2114,#2115,#2116,#2117,#2118),(#2119,#2120,#2121,#2122,#2123)),.UNSPECIFIED.,.F.,.F.,.U.)B_SPLINE_SURFACE_WITH_KNOTS((6,3,3,3,3,3,6),(5,5),(0.,35.7258143009,75.8278433923,137.388080189,175.207157352,212.214279659,244.551459873),(-40.4239835334,-20.0036312851),.UNSPECIFIED.)GEOMETRIC_REPRESENTATION_ITEM()RATIONAL_B_SPLINE_SURFACE(((1.,0.707106781187,0.666666666667,0.707106781187,1.),(1.,0.707106781187,0.666666666667,0.707106781187,1.),(1.,0.707106781187,0.666666666667,0.707106781187,1.),(1.,0.707106781187,0.666666666667,0.707106781187,1.),(1.,0.707106781187,0.666666666667,0.707106781187,1.),(1.,0.707106781187,0.666666666667,0.707106781187,1.),(1.,0.707106781187,0.666666666667,0.707106781187,1.),(1.,0.707106781187,0.666666666667,0.707106781187,1.),(1.,0.707106781187,0.666666666667,0.707106781187,1.),(1.,0.707106781187,0.666666666667,0.707106781187,1.),(1.,0.707106781187,0.666666666667,0.707106781187,1.),(1.,0.707106781187,0.666666666667,0.707106781187,1.),(1.,0.707106781187,0.666666666667,0.707106781187,1.),(1.,0.707106781187,0.666666666667,0.707106781187,1.),(1.,0.707106781187,0.666666666667,0.707106781187,1.),(1.,0.707106781187,0.666666666667,0.707106781187,1.),(1.,0.707106781187,0.666666666667,0.707106781187,1.),(1.,0.707106781187,0.666666666667,0.707106781187,1.),(1.,0.707106781187,0.666666666667,0.707106781187,1.),(1.,0.707106781187,0.666666666667,0.707106781187,1.),(1.,0.707106781187,0.666666666667,0.707106781187,1.)))REPRESENTATION_ITEM('Rational BSpline Surface')SURFACE()) ;
#2188=(BOUNDED_SURFACE()B_SPLINE_SURFACE(5,4,((#2189,#2190,#2191,#2192,#2193),(#2194,#2195,#2196,#2197,#2198),(#2199,#2200,#2201,#2202,#2203),(#2204,#2205,#2206,#2207,#2208),(#2209,#2210,#2211,#2212,#2213),(#2214,#2215,#2216,#2217,#2218),(#2219,#2220,#2221,#2222,#2223),(#2224,#2225,#2226,#2227,#2228),(#2229,#2230,#2231,#2232,#2233),(#2234,#2235,#2236,#2237,#2238),(#2239,#2240,#2241,#2242,#2243),(#2244,#2245,#2246,#2247,#2248),(#2249,#2250,#2251,#2252,#2253),(#2254,#2255,#2256,#2257,#2258),(#2259,#2260,#2261,#2262,#2263),(#2264,#2265,#2266,#2267,#2268),(#2269,#2270,#2271,#2272,#2273),(#2274,#2275,#2276,#2277,#2278),(#2279,#2280,#2281,#2282,#2283),(#2284,#2285,#2286,#2287,#2288),(#2289,#2290,#2291,#2292,#2293)),.UNSPECIFIED.,.F.,.F.,.U.)B_SPLINE_SURFACE_WITH_KNOTS((6,3,3,3,3,3,6),(5,5),(0.,35.7258143009,75.8278433923,137.388080189,175.207157352,212.214279659,244.551459873),(-20.0036312851,0.416720963246),.UNSPECIFIED.)GEOMETRIC_REPRESENTATION_ITEM()RATIONAL_B_SPLINE_SURFACE(((1.,0.707106781187,0.666666666667,0.707106781187,1.),(1.,0.707106781187,0.666666666667,0.707106781187,1.),(1.,0.707106781187,0.666666666667,0.707106781187,1.),(1.,0.707106781187,0.666666666667,0.707106781187,1.),(1.,0.707106781187,0.666666666667,0.707106781187,1.),(1.,0.707106781187,0.666666666667,0.707106781187,1.),(1.,0.707106781187,0.666666666667,0.707106781187,1.),(1.,0.707106781187,0.666666666667,0.707106781187,1.),(1.,0.707106781187,0.666666666667,0.707106781187,1.),(1.,0.707106781187,0.666666666667,0.707106781187,1.),(1.,0.707106781187,0.666666666667,0.707106781187,1.),(1.,0.707106781187,0.666666666667,0.707106781187,1.),(1.,0.707106781187,0.666666666667,0.707106781187,1.),(1.,0.707106781187,0.666666666667,0.707106781187,1.),(1.,0.707106781187,0.666666666667,0.707106781187,1.),(1.,0.707106781187,0.666666666667,0.707106781187,1.),(1.,0.707106781187,0.666666666667,0.707106781187,1.),(1.,0.707106781187,0.666666666667,0.707106781187,1.),(1.,0.707106781187,0.666666666667,0.707106781187,1.),(1.,0.707106781187,0.666666666667,0.707106781187,1.),(1.,0.707106781187,0.666666666667,0.707106781187,1.)))REPRESENTATION_ITEM('Rational BSpline Surface')SURFACE()) ;
#2368=(BOUNDED_SURFACE()B_SPLINE_SURFACE(5,4,((#2369,#2370,#2371,#2372,#2373),(#2374,#2375,#2376,#2377,#2378),(#2379,#2380,#2381,#2382,#2383),(#2384,#2385,#2386,#2387,#2388),(#2389,#2390,#2391,#2392,#2393),(#2394,#2395,#2396,#2397,#2398),(#2399,#2400,#2401,#2402,#2403),(#2404,#2405,#2406,#2407,#2408),(#2409,#2410,#2411,#2412,#2413),(#2414,#2415,#2416,#2417,#2418),(#2419,#2420,#2421,#2422,#2423),(#2424,#2425,#2426,#2427,#2428),(#2429,#2430,#2431,#2432,#2433),(#2434,#2435,#2436,#2437,#2438),(#2439,#2440,#2441,#2442,#2443),(#2444,#2445,#2446,#2447,#2448),(#2449,#2450,#2451,#2452,#2453),(#2454,#2455,#2456,#2457,#2458),(#2459,#2460,#2461,#2462,#2463),(#2464,#2465,#2466,#2467,#2468),(#2469,#2470,#2471,#2472,#2473),(#2474,#2475,#2476,#2477,#2478),(#2479,#2480,#2481,#2482,#2483),(#2484,#2485,#2486,#2487,#2488),(#2489,#2490,#2491,#2492,#2493),(#2494,#2495,#2496,#2497,#2498),(#2499,#2500,#2501,#2502,#2503),(#2504,#2505,#2506,#2507,#2508),(#2509,#2510,#2511,#2512,#2513),(#2514,#2515,#2516,#2517,#2518)),.UNSPECIFIED.,.F.,.F.,.U.)B_SPLINE_SURFACE_WITH_KNOTS((6,3,3,3,3,3,3,3,3,6),(5,5),(0.,28.3150215532,62.8702432009,105.122765475,136.543915181,164.684029359,189.87265798,229.674829952,271.066547079,279.061490495),(-40.7025788813,-20.282226633),.UNSPECIFIED.)GEOMETRIC_REPRESENTATION_ITEM()RATIONAL_B_SPLINE_SURFACE(((1.,0.707106781187,0.666666666667,0.707106781187,1.),(1.,0.707106781187,0.666666666667,0.707106781187,1.),(1.,0.707106781187,0.666666666667,0.707106781187,1.),(1.,0.707106781187,0.666666666667,0.707106781187,1.),(1.,0.707106781187,0.666666666667,0.707106781187,1.),(1.,0.707106781187,0.666666666667,0.707106781187,1.),(1.,0.707106781187,0.666666666667,0.707106781187,1.),(1.,0.707106781187,0.666666666667,0.707106781187,1.),(1.,0.707106781187,0.666666666667,0.707106781187,1.),(1.,0.707106781187,0.666666666667,0.707106781187,1.),(1.,0.707106781187,0.666666666667,0.707106781187,1.),(1.,0.707106781187,0.666666666667,0.707106781187,1.),(1.,0.707106781187,0.666666666667,0.707106781187,1.),(1.,0.707106781187,0.666666666667,0.707106781187,1.),(1.,0.707106781187,0.666666666667,0.707106781187,1.),(1.,0.707106781187,0.666666666667,0.707106781187,1.),(1.,0.707106781187,0.666666666667,0.707106781187,1.),(1.,0.707106781187,0.666666666667,0.707106781187,1.),(1.,0.707106781187,0.666666666667,0.707106781187,1.),(1.,0.707106781187,0.666666666667,0.707106781187,1.),(1.,0.707106781187,0.666666666667,0.707106781187,1.),(1.,0.707106781187,0.666666666667,0.707106781187,1.),(1.,0.707106781187,0.666666666667,0.707106781187,1.),(1.,0.707106781187,0.666666666667,0.707106781187,1.),(1.,0.707106781187,0.666666666667,0.707106781187,1.),(1.,0.707106781187,0.666666666667,0.707106781187,1.),(1.,0.707106781187,0.666666666667,0.707106781187,1.),(1.,0.707106781187,0.666666666667,0.707106781187,1.),(1.,0.707106781187,0.666666666667,0.707106781187,1.),(1.,0.707106781187,0.666666666667,0.707106781187,1.)))REPRESENTATION_ITEM('Rational BSpline Surface')SURFACE()) ;
#2612=(BOUNDED_SURFACE()B_SPLINE_SURFACE(5,4,((#2613,#2614,#2615,#2616,#2617),(#2618,#2619,#2620,#2621,#2622),(#2623,#2624,#2625,#2626,#2627),(#2628,#2629,#2630,#2631,#2632),(#2633,#2634,#2635,#2636,#2637),(#2638,#2639,#2640,#2641,#2642),(#2643,#2644,#2645,#2646,#2647),(#2648,#2649,#2650,#2651,#2652),(#2653,#2654,#2655,#2656,#2657),(#2658,#2659,#2660,#2661,#2662),(#2663,#2664,#2665,#2666,#2667),(#2668,#2669,#2670,#2671,#2672),(#2673,#2674,#2675,#2676,#2677),(#2678,#2679,#2680,#2681,#2682),(#2683,#2684,#2685,#2686,#2687),(#2688,#2689,#2690,#2691,#2692),(#2693,#2694,#2695,#2696,#2697),(#2698,#2699,#2700,#2701,#2702),(#2703,#2704,#2705,#2706,#2707),(#2708,#2709,#2710,#2711,#2712),(#2713,#2714,#2715,#2716,#2717),(#2718,#2719,#2720,#2721,#2722),(#2723,#2724,#2725,#2726,#2727),(#2728,#2729,#2730,#2731,#2732),(#2733,#2734,#2735,#2736,#2737),(#2738,#2739,#2740,#2741,#2742),(#2743,#2744,#2745,#2746,#2747),(#2748,#2749,#2750,#2751,#2752),(#2753,#2754,#2755,#2756,#2757),(#2758,#2759,#2760,#2761,#2762)),.UNSPECIFIED.,.F.,.F.,.U.)B_SPLINE_SURFACE_WITH_KNOTS((6,3,3,3,3,3,3,3,3,6),(5,5),(0.,28.3150215532,62.8702432009,105.122765475,136.543915181,164.684029359,189.87265798,229.674829952,271.066547079,279.061490495),(-20.282226633,0.138125615341),.UNSPECIFIED.)GEOMETRIC_REPRESENTATION_ITEM()RATIONAL_B_SPLINE_SURFACE(((1.,0.707106781187,0.666666666667,0.707106781187,1.),(1.,0.707106781187,0.666666666667,0.707106781187,1.),(1.,0.707106781187,0.666666666667,0.707106781187,1.),(1.,0.707106781187,0.666666666667,0.707106781187,1.),(1.,0.707106781187,0.666666666667,0.707106781187,1.),(1.,0.707106781187,0.666666666667,0.707106781187,1.),(1.,0.707106781187,0.666666666667,0.707106781187,1.),(1.,0.707106781187,0.666666666667,0.707106781187,1.),(1.,0.707106781187,0.666666666667,0.707106781187,1.),(1.,0.707106781187,0.666666666667,0.707106781187,1.),(1.,0.707106781187,0.666666666667,0.707106781187,1.),(1.,0.707106781187,0.666666666667,0.707106781187,1.),(1.,0.707106781187,0.666666666667,0.707106781187,1.),(1.,0.707106781187,0.666666666667,0.707106781187,1.),(1.,0.707106781187,0.666666666667,0.707106781187,1.),(1.,0.707106781187,0.666666666667,0.707106781187,1.),(1.,0.707106781187,0.666666666667,0.707106781187,1.),(1.,0.707106781187,0.666666666667,0.707106781187,1.),(1.,0.707106781187,0.666666666667,0.707106781187,1.),(1.,0.707106781187,0.666666666667,0.707106781187,1.),(1.,0.707106781187,0.666666666667,0.707106781187,1.),(1.,0.707106781187,0.666666666667,0.707106781187,1.),(1.,0.707106781187,0.666666666667,0.707106781187,1.),(1.,0.707106781187,0.666666666667,0.707106781187,1.),(1.,0.707106781187,0.666666666667,0.707106781187,1.),(1.,0.707106781187,0.666666666667,0.707106781187,1.),(1.,0.707106781187,0.666666666667,0.707106781187,1.),(1.,0.707106781187,0.666666666667,0.707106781187,1.),(1.,0.707106781187,0.666666666667,0.707106781187,1.),(1.,0.707106781187,0.666666666667,0.707106781187,1.)))REPRESENTATION_ITEM('Rational BSpline Surface')SURFACE()) ;
#46=(LENGTH_UNIT()NAMED_UNIT(*)SI_UNIT(.MILLI.,.METRE.)) ;
#47=(NAMED_UNIT(*)PLANE_ANGLE_UNIT()SI_UNIT($,.RADIAN.)) ;
#49=(NAMED_UNIT(*)SI_UNIT($,.STERADIAN.)SOLID_ANGLE_UNIT()) ;
#51=(GEOMETRIC_REPRESENTATION_CONTEXT(3)GLOBAL_UNCERTAINTY_ASSIGNED_CONTEXT((#50))GLOBAL_UNIT_ASSIGNED_CONTEXT((#46,#47,#49))REPRESENTATION_CONTEXT(' ',' ')) ;
#53=(GEOMETRIC_REPRESENTATION_CONTEXT(3)GLOBAL_UNCERTAINTY_ASSIGNED_CONTEXT((#52))GLOBAL_UNIT_ASSIGNED_CONTEXT((#46,#47,#49))REPRESENTATION_CONTEXT(' ',' ')) ;
#61=(GEOMETRIC_REPRESENTATION_CONTEXT(3)GLOBAL_UNCERTAINTY_ASSIGNED_CONTEXT((#60))GLOBAL_UNIT_ASSIGNED_CONTEXT((#46,#47,#49))REPRESENTATION_CONTEXT(' ',' ')) ;
#279=(GEOMETRIC_REPRESENTATION_CONTEXT(3)GLOBAL_UNCERTAINTY_ASSIGNED_CONTEXT((#278))GLOBAL_UNIT_ASSIGNED_CONTEXT((#46,#47,#49))REPRESENTATION_CONTEXT(' ',' ')) ;
#294=(GEOMETRIC_REPRESENTATION_CONTEXT(3)GLOBAL_UNCERTAINTY_ASSIGNED_CONTEXT((#293))GLOBAL_UNIT_ASSIGNED_CONTEXT((#46,#47,#49))REPRESENTATION_CONTEXT(' ',' ')) ;
#322=(GEOMETRIC_REPRESENTATION_CONTEXT(3)GLOBAL_UNCERTAINTY_ASSIGNED_CONTEXT((#321))GLOBAL_UNIT_ASSIGNED_CONTEXT((#46,#47,#49))REPRESENTATION_CONTEXT(' ',' ')) ;
#330=(GEOMETRIC_REPRESENTATION_CONTEXT(3)GLOBAL_UNCERTAINTY_ASSIGNED_CONTEXT((#329))GLOBAL_UNIT_ASSIGNED_CONTEXT((#46,#47,#49))REPRESENTATION_CONTEXT(' ',' ')) ;
#505=(GEOMETRIC_REPRESENTATION_CONTEXT(3)GLOBAL_UNCERTAINTY_ASSIGNED_CONTEXT((#504))GLOBAL_UNIT_ASSIGNED_CONTEXT((#46,#47,#49))REPRESENTATION_CONTEXT(' ',' ')) ;
#835=(GEOMETRIC_REPRESENTATION_CONTEXT(3)GLOBAL_UNCERTAINTY_ASSIGNED_CONTEXT((#834))GLOBAL_UNIT_ASSIGNED_CONTEXT((#46,#47,#49))REPRESENTATION_CONTEXT(' ',' ')) ;
#856=(GEOMETRIC_REPRESENTATION_CONTEXT(3)GLOBAL_UNCERTAINTY_ASSIGNED_CONTEXT((#855))GLOBAL_UNIT_ASSIGNED_CONTEXT((#46,#47,#49))REPRESENTATION_CONTEXT(' ',' ')) ;
#877=(GEOMETRIC_REPRESENTATION_CONTEXT(3)GLOBAL_UNCERTAINTY_ASSIGNED_CONTEXT((#876))GLOBAL_UNIT_ASSIGNED_CONTEXT((#46,#47,#49))REPRESENTATION_CONTEXT(' ',' ')) ;
#885=(GEOMETRIC_REPRESENTATION_CONTEXT(3)GLOBAL_UNCERTAINTY_ASSIGNED_CONTEXT((#884))GLOBAL_UNIT_ASSIGNED_CONTEXT((#46,#47,#49))REPRESENTATION_CONTEXT(' ',' ')) ;
#893=(GEOMETRIC_REPRESENTATION_CONTEXT(3)GLOBAL_UNCERTAINTY_ASSIGNED_CONTEXT((#892))GLOBAL_UNIT_ASSIGNED_CONTEXT((#46,#47,#49))REPRESENTATION_CONTEXT(' ',' ')) ;
#268=(REPRESENTATION_RELATIONSHIP(' ',' ',#62,#54)REPRESENTATION_RELATIONSHIP_WITH_TRANSFORMATION(#269)SHAPE_REPRESENTATION_RELATIONSHIP()) ;
#283=(REPRESENTATION_RELATIONSHIP(' ',' ',#62,#54)REPRESENTATION_RELATIONSHIP_WITH_TRANSFORMATION(#284)SHAPE_REPRESENTATION_RELATIONSHIP()) ;
#298=(REPRESENTATION_RELATIONSHIP(' ',' ',#62,#54)REPRESENTATION_RELATIONSHIP_WITH_TRANSFORMATION(#299)SHAPE_REPRESENTATION_RELATIONSHIP()) ;
#311=(REPRESENTATION_RELATIONSHIP(' ',' ',#54,#44)REPRESENTATION_RELATIONSHIP_WITH_TRANSFORMATION(#312)SHAPE_REPRESENTATION_RELATIONSHIP()) ;
#494=(REPRESENTATION_RELATIONSHIP(' ',' ',#331,#323)REPRESENTATION_RELATIONSHIP_WITH_TRANSFORMATION(#495)SHAPE_REPRESENTATION_RELATIONSHIP()) ;
#811=(REPRESENTATION_RELATIONSHIP(' ',' ',#506,#323)REPRESENTATION_RELATIONSHIP_WITH_TRANSFORMATION(#812)SHAPE_REPRESENTATION_RELATIONSHIP()) ;
#824=(REPRESENTATION_RELATIONSHIP(' ',' ',#323,#44)REPRESENTATION_RELATIONSHIP_WITH_TRANSFORMATION(#825)SHAPE_REPRESENTATION_RELATIONSHIP()) ;
#845=(REPRESENTATION_RELATIONSHIP(' ',' ',#836,#44)REPRESENTATION_RELATIONSHIP_WITH_TRANSFORMATION(#846)SHAPE_REPRESENTATION_RELATIONSHIP()) ;
#866=(REPRESENTATION_RELATIONSHIP(' ',' ',#857,#44)REPRESENTATION_RELATIONSHIP_WITH_TRANSFORMATION(#867)SHAPE_REPRESENTATION_RELATIONSHIP()) ;
#2808=(REPRESENTATION_RELATIONSHIP(' ',' ',#894,#886)REPRESENTATION_RELATIONSHIP_WITH_TRANSFORMATION(#2809)SHAPE_REPRESENTATION_RELATIONSHIP()) ;
#2821=(REPRESENTATION_RELATIONSHIP(' ',' ',#886,#878)REPRESENTATION_RELATIONSHIP_WITH_TRANSFORMATION(#2822)SHAPE_REPRESENTATION_RELATIONSHIP()) ;
#2834=(REPRESENTATION_RELATIONSHIP(' ',' ',#878,#44)REPRESENTATION_RELATIONSHIP_WITH_TRANSFORMATION(#2835)SHAPE_REPRESENTATION_RELATIONSHIP()) ;
ENDSEC;
END-ISO-10303-21;
