ISO-10303-21;
HEADER;
FILE_DESCRIPTION(('CATIA V5 STEP Exchange'),'2;1');

FILE_NAME('E:\\office\\CatiaProject\\_tmp_branch\\harness_full.stp','2026-09-23T03:35:09+00:00',('none'),('none'),'CATIA Version 5 Release 20 GA (IN-10)','CATIA V5 STEP AP203','none');

FILE_SCHEMA(('CONFIG_CONTROL_DESIGN'));

ENDSEC;
/* file written by CATIA V5R20 */
DATA;
#5=PRODUCT('\X2\591A5206652F\X0\1','','',(#2)) ;
#1=APPLICATION_CONTEXT('configuration controlled 3D design of mechanical parts and assemblies') ;
#14=PRODUCT_DEFINITION('',' ',#6,#3) ;
#16=SECURITY_CLASSIFICATION(' ',' ',#15) ;
#15=SECURITY_CLASSIFICATION_LEVEL('unclassified') ;
#47=CARTESIAN_POINT(' ',(0.,0.,0.)) ;
#52=CARTESIAN_POINT('Control Point',(0.,0.,11.5)) ;
#53=CARTESIAN_POINT('Control Point',(1.6439150918E-015,-0.333333333333,11.5)) ;
#54=CARTESIAN_POINT('Control Point',(1.35397800307E-015,-0.666666666667,11.5)) ;
#55=CARTESIAN_POINT('Control Point',(6.86559745592E-015,-1.,11.5)) ;
#56=CARTESIAN_POINT('Control Point',(2.70795600614E-015,-1.33333333333,11.5)) ;
#57=CARTESIAN_POINT('Control Point',(8.21957545899E-015,-1.66666666667,11.5)) ;
#58=CARTESIAN_POINT('Control Point',(7.92963837026E-015,-2.,11.5)) ;
#59=CARTESIAN_POINT('Limit',(0.,2.22044604925E-016,11.5)) ;
#60=CARTESIAN_POINT('Limit',(7.92963837026E-015,-2.,11.5)) ;
#64=CARTESIAN_POINT('Control Point',(7.92963837026E-015,-2.,11.5)) ;
#65=CARTESIAN_POINT('Control Point',(-1.71501695309E-014,-30.8336204368,11.5)) ;
#66=CARTESIAN_POINT('Control Point',(-3.72458605692,-61.7298602109,17.5484339818)) ;
#67=CARTESIAN_POINT('Control Point',(-34.0964176395,-87.5292871018,6.84690133406)) ;
#68=CARTESIAN_POINT('Control Point',(3.78994220629,-110.258665762,-9.70051624777)) ;
#69=CARTESIAN_POINT('Control Point',(5.07137971981,-142.2798015,7.82354484521E-015)) ;
#70=CARTESIAN_POINT('Control Point',(6.02885734158,-171.097520079,-2.27373675443E-013)) ;
#71=CARTESIAN_POINT('Limit',(7.92963837026E-015,-2.,11.5)) ;
#72=CARTESIAN_POINT('Limit',(6.02885734158,-171.097520079,-2.30926389122E-013)) ;
#79=CARTESIAN_POINT('\X2\70B9\X0\.2',(0.,0.,11.5)) ;
#80=CARTESIAN_POINT('\X2\987976EE\X0\.2',(0.,-2.,11.5)) ;
#81=CARTESIAN_POINT('\X2\70B9\X0\.6',(-38.0927678501,227.484110648,71.4643866291)) ;
#82=CARTESIAN_POINT('\X2\987976EE\X0\.4',(-38.0950176766,225.551824885,70.9483762913)) ;
#83=CARTESIAN_POINT('\X2\70B9\X0\.9',(0.,2.,11.5)) ;
#84=CARTESIAN_POINT('\X2\987976EE\X0\.6',(0.,-2.,11.5)) ;
#85=CARTESIAN_POINT('\X2\70B9\X0\.11',(-166.536674771,415.285985266,150.291679617)) ;
#86=CARTESIAN_POINT('\X2\987976EE\X0\.8',(-166.342255039,413.360911727,149.785425891)) ;
#87=CARTESIAN_POINT('\X2\70B9\X0\.14',(-38.0905180236,229.416396411,71.9803969668)) ;
#88=CARTESIAN_POINT('\X2\987976EE\X0\.10',(-38.0950176766,225.551824885,70.9483762913)) ;
#89=CARTESIAN_POINT('\X2\70B9\X0\.16',(-166.731094503,417.211058806,150.797933343)) ;
#90=CARTESIAN_POINT('\X2\987976EE\X0\.12',(-166.342255039,413.360911727,149.785425891)) ;
#92=CARTESIAN_POINT('Control Point',(-38.0927678501,227.484110648,71.4643866291)) ;
#93=CARTESIAN_POINT('Control Point',(-38.093140676,227.162050567,71.3784825436)) ;
#94=CARTESIAN_POINT('Control Point',(-38.0935276674,226.84007272,71.2919337273)) ;
#95=CARTESIAN_POINT('Control Point',(-38.093875566,226.517867934,71.2071641774)) ;
#96=CARTESIAN_POINT('Control Point',(-38.0942806769,226.195995271,71.1197906776)) ;
#97=CARTESIAN_POINT('Control Point',(-38.1377025883,187.320887427,60.8244218395)) ;
#98=CARTESIAN_POINT('Control Point',(-38.40344101,149.736351981,40.4105660633)) ;
#99=CARTESIAN_POINT('Control Point',(-17.6862543006,118.168851675,10.1282000899)) ;
#100=CARTESIAN_POINT('Control Point',(-4.8006401937,81.1112136015,9.02478850906)) ;
#101=CARTESIAN_POINT('Control Point',(-2.1158550912E-006,41.8931185845,11.4999036992)) ;
#102=CARTESIAN_POINT('Control Point',(-5.87648874532E-009,2.00000003411,11.4999997325)) ;
#103=CARTESIAN_POINT('Limit',(-38.0927678501,227.484110648,71.4643866291)) ;
#104=CARTESIAN_POINT('Limit',(-5.87648329997E-009,2.00000003411,11.4999997325)) ;
#108=CARTESIAN_POINT('Control Point',(-5.87648874532E-009,2.00000003411,11.4999997325)) ;
#109=CARTESIAN_POINT('Control Point',(2.9384049529E-008,1.33333316276,11.5000013374)) ;
#110=CARTESIAN_POINT('Control Point',(-5.87680678038E-008,0.666667007819,11.4999973253)) ;
#111=CARTESIAN_POINT('Control Point',(5.87680834309E-008,-3.41152521857E-007,11.5000026747)) ;
#112=CARTESIAN_POINT('Control Point',(-2.93840339019E-008,-0.66666649609,11.4999986626)) ;
#113=CARTESIAN_POINT('Control Point',(5.8768099058E-009,-1.33333336745,11.5000002675)) ;
#114=CARTESIAN_POINT('Control Point',(0.,-2.,11.5)) ;
#115=CARTESIAN_POINT('Limit',(-5.87648329997E-009,2.00000003411,11.4999997325)) ;
#116=CARTESIAN_POINT('Limit',(1.15184900298E-022,-2.,11.5)) ;
#121=CARTESIAN_POINT('Control Point',(-166.536674771,415.285985266,150.291679617)) ;
#122=CARTESIAN_POINT('Control Point',(-166.504271483,414.965139676,150.207303996)) ;
#123=CARTESIAN_POINT('Control Point',(-166.471868194,414.644294086,150.122928375)) ;
#124=CARTESIAN_POINT('Control Point',(-166.439464905,414.323448496,150.038552754)) ;
#125=CARTESIAN_POINT('Control Point',(-166.407061617,414.002602907,149.954177133)) ;
#126=CARTESIAN_POINT('Control Point',(-166.374658328,413.681757317,149.869801512)) ;
#127=CARTESIAN_POINT('Control Point',(-166.342255039,413.360911727,149.785425891)) ;
#128=CARTESIAN_POINT('Limit',(-166.536674771,415.285985266,150.291679617)) ;
#129=CARTESIAN_POINT('Limit',(-166.342255039,413.360911727,149.785425891)) ;
#133=CARTESIAN_POINT('Control Point',(-166.342255039,413.360911727,149.785425891)) ;
#134=CARTESIAN_POINT('Control Point',(-162.383320793,374.160983391,139.47667177)) ;
#135=CARTESIAN_POINT('Control Point',(-136.777727209,344.817928695,126.202181496)) ;
#136=CARTESIAN_POINT('Control Point',(-98.3287338072,321.531225769,111.075504195)) ;
#137=CARTESIAN_POINT('Control Point',(-60.8858894747,298.207610805,95.8991090761)) ;
#138=CARTESIAN_POINT('Control Point',(-38.044705209,268.763185962,82.4878232259)) ;
#139=CARTESIAN_POINT('Control Point',(-38.0905180236,229.416396411,71.9803969668)) ;
#140=CARTESIAN_POINT('Limit',(-166.342255039,413.360911727,149.785425891)) ;
#141=CARTESIAN_POINT('Limit',(-38.0905180236,229.416396411,71.9803969668)) ;
#145=CARTESIAN_POINT('Control Point',(-38.0905180236,229.416396411,71.9803969668)) ;
#146=CARTESIAN_POINT('Control Point',(-38.0912679658,228.772301156,71.8083935209)) ;
#147=CARTESIAN_POINT('Control Point',(-38.092017908,228.128205902,71.636390075)) ;
#148=CARTESIAN_POINT('Control Point',(-38.0927678501,227.484110648,71.4643866291)) ;
#149=CARTESIAN_POINT('Control Point',(-38.0935177923,226.840015393,71.2923831832)) ;
#150=CARTESIAN_POINT('Control Point',(-38.0942677345,226.195920139,71.1203797372)) ;
#151=CARTESIAN_POINT('Control Point',(-38.0950176766,225.551824885,70.9483762913)) ;
#152=CARTESIAN_POINT('Limit',(-38.0905180236,229.416396411,71.9803969668)) ;
#153=CARTESIAN_POINT('Limit',(-38.0950176766,225.551824885,70.9483762913)) ;
#158=CARTESIAN_POINT('Control Point',(-252.264158027,665.613050684,211.216254782)) ;
#159=CARTESIAN_POINT('Control Point',(-244.686479084,622.244500511,198.413589167)) ;
#160=CARTESIAN_POINT('Control Point',(-247.571717656,575.717171397,180.145057491)) ;
#161=CARTESIAN_POINT('Control Point',(-159.550797753,553.830086894,165.072477512)) ;
#162=CARTESIAN_POINT('Control Point',(-176.4660428,505.195617258,173.092478096)) ;
#163=CARTESIAN_POINT('Control Point',(-171.111477669,460.705030016,162.248071352)) ;
#164=CARTESIAN_POINT('Control Point',(-166.601627308,415.927626887,150.460267848)) ;
#165=CARTESIAN_POINT('Control Point',(-166.53648131,415.286050955,150.29189568)) ;
#166=CARTESIAN_POINT('Control Point',(-166.471979175,414.644256404,150.122804429)) ;
#167=CARTESIAN_POINT('Control Point',(-166.40703752,414.002611088,149.954204045)) ;
#168=CARTESIAN_POINT('Control Point',(-166.342255039,413.360911727,149.785425891)) ;
#169=CARTESIAN_POINT('Limit',(-252.264158027,665.613050684,211.216254782)) ;
#170=CARTESIAN_POINT('Limit',(-166.342255039,413.360911727,149.785425891)) ;
#175=CARTESIAN_POINT('Axis2P3D Location',(8.881784197E-016,-1.,11.5)) ;
#180=CARTESIAN_POINT('Axis2P3D Location',(5.53577324876E-015,-2.,11.5)) ;
#184=CARTESIAN_POINT('Vertex',(6.49857139555,-2.,11.6362711154)) ;
#186=CARTESIAN_POINT('Vertex',(-6.49857139555,-2.,11.3637288846)) ;
#189=CARTESIAN_POINT('Line Origine',(-6.49857139555,-1.,11.3637288846)) ;
#193=CARTESIAN_POINT('Vertex',(-6.49857139555,-1.42108547146E-014,11.3637288846)) ;
#196=CARTESIAN_POINT('Axis2P3D Location',(-3.75941640936E-015,-2.13162820728E-014,11.5)) ;
#200=CARTESIAN_POINT('Vertex',(6.49857139555,-1.42108547158E-014,11.6362711154)) ;
#203=CARTESIAN_POINT('Line Origine',(6.49857139555,-1.,11.6362711154)) ;
#215=CARTESIAN_POINT('Axis2P3D Location',(3.10862446895E-015,-1.,11.5)) ;
#220=CARTESIAN_POINT('Axis2P3D Location',(8.81901479296E-015,-2.,11.5)) ;
#225=CARTESIAN_POINT('Axis2P3D Location',(-2.60176585506E-015,-1.42108547152E-014,11.5)) ;
#237=CARTESIAN_POINT('Axis2P3D Location',(-4.60742555219E-015,-1.5560644477E-014,11.5)) ;
#248=CARTESIAN_POINT('Control Point',(6.49857139555,-2.,11.6362711154)) ;
#249=CARTESIAN_POINT('Control Point',(6.63484251091,-2.,5.1376997198)) ;
#250=CARTESIAN_POINT('Control Point',(0.204406673037,-2.,1.75214290667)) ;
#251=CARTESIAN_POINT('Control Point',(-6.3623002802,-2.,4.86515748909)) ;
#252=CARTESIAN_POINT('Control Point',(-6.49857139555,-2.,11.3637288846)) ;
#253=CARTESIAN_POINT('Control Point',(6.49857142963,-6.42166528568,11.6362711475)) ;
#254=CARTESIAN_POINT('Control Point',(6.63484254326,-6.59408176364,5.13769975604)) ;
#255=CARTESIAN_POINT('Control Point',(0.204406702248,-6.57903993013,1.75214294796)) ;
#256=CARTESIAN_POINT('Control Point',(-6.36230025253,-6.39158161915,4.86515753134)) ;
#257=CARTESIAN_POINT('Control Point',(-6.49857136614,-6.21916514087,11.3637289228)) ;
#258=CARTESIAN_POINT('Control Point',(6.4094917996,-10.9221700852,11.7776601361)) ;
#259=CARTESIAN_POINT('Control Point',(6.53890367139,-11.1828020949,5.28466282928)) ;
#260=CARTESIAN_POINT('Control Point',(0.107008678431,-11.0317783523,1.90196064475)) ;
#261=CARTESIAN_POINT('Control Point',(-6.45429821039,-10.6201225656,5.01225576479)) ;
#262=CARTESIAN_POINT('Control Point',(-6.58371006441,-10.3594904976,11.5052530971)) ;
#263=CARTESIAN_POINT('Control Point',(6.13829190296,-15.4608686946,11.9748592411)) ;
#264=CARTESIAN_POINT('Control Point',(6.26023935224,-15.7489991358,5.48255513263)) ;
#265=CARTESIAN_POINT('Control Point',(-0.163952757407,-15.4077904534,2.09248081505)) ;
#266=CARTESIAN_POINT('Control Point',(-6.71009231578,-14.7784513277,5.19471060526)) ;
#267=CARTESIAN_POINT('Control Point',(-6.83203976396,-14.4903208855,11.6870147135)) ;
#268=CARTESIAN_POINT('Control Point',(5.03218774032,-26.5163174117,12.4405189982)) ;
#269=CARTESIAN_POINT('Control Point',(5.16202169897,-26.7564575329,5.94531658229)) ;
#270=CARTESIAN_POINT('Control Point',(-1.20750300885,-25.9031854978,2.52800535105)) ;
#271=CARTESIAN_POINT('Control Point',(-7.70686167614,-24.8097733447,5.60589653673)) ;
#272=CARTESIAN_POINT('Control Point',(-7.8366956364,-24.5696332252,12.1010989531)) ;
#273=CARTESIAN_POINT('Control Point',(3.02875245372,-37.3264449884,12.5994592643)) ;
#274=CARTESIAN_POINT('Control Point',(3.21905927865,-37.3059582095,6.09911434339)) ;
#275=CARTESIAN_POINT('Control Point',(-3.05075344333,-35.9708475788,2.65747640183)) ;
#276=CARTESIAN_POINT('Control Point',(-9.51087298908,-34.6562237224,5.71618337972)) ;
#277=CARTESIAN_POINT('Control Point',(-9.70117981165,-34.676710499,12.2165283001)) ;
#278=CARTESIAN_POINT('Control Point',(1.61988860457,-43.6196656985,12.4507166156)) ;
#279=CARTESIAN_POINT('Control Point',(1.86249247158,-43.4044526825,5.95284230822)) ;
#280=CARTESIAN_POINT('Control Point',(-4.35139384864,-41.8631928847,2.51322465282)) ;
#281=CARTESIAN_POINT('Control Point',(-10.8078840371,-40.5371461004,5.57148130515)) ;
#282=CARTESIAN_POINT('Control Point',(-11.0504879035,-40.7523591093,12.0693556126)) ;
#283=CARTESIAN_POINT('Control Point',(-0.803470267196,-54.2767639098,11.6812232651)) ;
#284=CARTESIAN_POINT('Control Point',(-0.500673693412,-53.6697161278,5.20903329099)) ;
#285=CARTESIAN_POINT('Control Point',(-6.69414113984,-51.9452945412,1.81861103811)) ;
#286=CARTESIAN_POINT('Control Point',(-13.1904051592,-50.8279207383,4.90037875913)) ;
#287=CARTESIAN_POINT('Control Point',(-13.4932017334,-51.4349685255,11.3725687333)) ;
#288=CARTESIAN_POINT('Control Point',(-2.66428511115,-64.5737000644,10.0892190532)) ;
#289=CARTESIAN_POINT('Control Point',(-2.3981330147,-63.5733415283,3.6688346764)) ;
#290=CARTESIAN_POINT('Control Point',(-8.6845690537,-62.0354251037,0.361178107796)) ;
#291=CARTESIAN_POINT('Control Point',(-15.2371571898,-61.4978672139,3.47390591621)) ;
#292=CARTESIAN_POINT('Control Point',(-15.5033092859,-62.4982257461,9.89429029306)) ;
#293=CARTESIAN_POINT('Control Point',(-3.28044172065,-68.8910525155,9.27235570193)) ;
#294=CARTESIAN_POINT('Control Point',(-3.05411314819,-67.735046511,2.87763689966)) ;
#295=CARTESIAN_POINT('Control Point',(-9.39961217049,-66.35163572,-0.394082733342)) ;
#296=CARTESIAN_POINT('Control Point',(-15.9714397652,-66.1242309283,2.72891643581)) ;
#297=CARTESIAN_POINT('Control Point',(-16.1977683387,-67.2802369327,9.12363523802)) ;
#298=CARTESIAN_POINT('Control Point',(-3.87096419567,-75.5167548584,7.84805439117)) ;
#299=CARTESIAN_POINT('Control Point',(-3.73517132089,-74.1735303816,1.48869237463)) ;
#300=CARTESIAN_POINT('Control Point',(-10.169433323,-73.1453708789,-1.74917014859)) ;
#301=CARTESIAN_POINT('Control Point',(-16.7394882,-73.460435856,1.37232934478)) ;
#302=CARTESIAN_POINT('Control Point',(-16.8752810742,-74.8036603328,7.73169136136)) ;
#303=CARTESIAN_POINT('Control Point',(-3.84122632152,-82.0721119627,6.30321806997)) ;
#304=CARTESIAN_POINT('Control Point',(-3.79897433398,-80.6479314337,-0.038881811911)) ;
#305=CARTESIAN_POINT('Control Point',(-10.279551406,-80.0850322886,-3.28564041538)) ;
#306=CARTESIAN_POINT('Control Point',(-16.8023804655,-80.9463136709,-0.190299136997)) ;
#307=CARTESIAN_POINT('Control Point',(-16.8446324534,-82.3704941998,6.15180074487)) ;
#308=CARTESIAN_POINT('Control Point',(-3.74799460747,-84.4048445351,5.74533244399)) ;
#309=CARTESIAN_POINT('Control Point',(-3.73675684688,-82.9668250843,-0.593656205012)) ;
#310=CARTESIAN_POINT('Control Point',(-10.2259115253,-82.5792372269,-3.84963840315)) ;
#311=CARTESIAN_POINT('Control Point',(-16.7263039644,-83.6296688202,-0.766631952312)) ;
#312=CARTESIAN_POINT('Control Point',(-16.7375417248,-85.0676882701,5.57235669664)) ;
#313=CARTESIAN_POINT('Control Point',(-3.39675264578,-89.0602240792,4.63538334806)) ;
#314=CARTESIAN_POINT('Control Point',(-3.43700098539,-87.624099327,-1.70398845706)) ;
#315=CARTESIAN_POINT('Control Point',(-9.92536481307,-87.5924431611,-4.98893841165)) ;
#316=CARTESIAN_POINT('Control Point',(-16.3734803011,-88.9969117474,-1.93451656111)) ;
#317=CARTESIAN_POINT('Control Point',(-16.3332319616,-90.4330365004,4.40485524406)) ;
#318=CARTESIAN_POINT('Control Point',(-2.73140175954,-93.7220909143,3.56484637194)) ;
#319=CARTESIAN_POINT('Control Point',(-2.79741792986,-92.3417145381,-2.78665975794)) ;
#320=CARTESIAN_POINT('Control Point',(-9.25331636484,-92.6569824358,-6.11535441582)) ;
#321=CARTESIAN_POINT('Control Point',(-15.6431986296,-94.3526267097,-3.09254294385)) ;
#322=CARTESIAN_POINT('Control Point',(-15.5771824591,-95.7330030851,3.25896318598)) ;
#323=CARTESIAN_POINT('Control Point',(-2.32370129341,-96.0602824305,3.04664006394)) ;
#324=CARTESIAN_POINT('Control Point',(-2.39491535744,-94.7200091336,-3.31354219598)) ;
#325=CARTESIAN_POINT('Control Point',(-8.82760203545,-95.2014635725,-6.66628160505)) ;
#326=CARTESIAN_POINT('Control Point',(-15.1890746493,-97.0231913068,-3.65883875415)) ;
#327=CARTESIAN_POINT('Control Point',(-15.1178605853,-98.3634646029,2.7013435058)) ;
#328=CARTESIAN_POINT('Control Point',(-0.753182061671,-103.815817035,1.41377978217)) ;
#329=CARTESIAN_POINT('Control Point',(-0.817039066863,-102.642249341,-4.98102328651)) ;
#330=CARTESIAN_POINT('Control Point',(-7.15857341206,-103.636167445,-8.41357789559)) ;
#331=CARTESIAN_POINT('Control Point',(-13.4362507524,-105.803653248,-5.45132943608)) ;
#332=CARTESIAN_POINT('Control Point',(-13.3723937471,-106.977220945,0.943473632546)) ;
#333=CARTESIAN_POINT('Control Point',(1.44842879745,-111.69154189,0.103565347843)) ;
#334=CARTESIAN_POINT('Control Point',(1.46064684271,-110.781393202,-6.33720879425)) ;
#335=CARTESIAN_POINT('Control Point',(-4.76925615097,-112.143443081,-9.83458337754)) ;
#336=CARTESIAN_POINT('Control Point',(-11.0113771891,-114.415641639,-6.89118381848)) ;
#337=CARTESIAN_POINT('Control Point',(-11.0235952346,-115.325790323,-0.450409676258)) ;
#338=CARTESIAN_POINT('Control Point',(3.17645530786,-117.292874184,-0.591173709661)) ;
#339=CARTESIAN_POINT('Control Point',(3.26091754347,-116.595036102,-7.06003671278)) ;
#340=CARTESIAN_POINT('Control Point',(-2.91319750008,-118.120851127,-10.5764527859)) ;
#341=CARTESIAN_POINT('Control Point',(-9.1717747795,-120.344504208,-7.62400585388)) ;
#342=CARTESIAN_POINT('Control Point',(-9.25623701589,-121.042342282,-1.15514285049)) ;
#343=CARTESIAN_POINT('Control Point',(6.31186142528,-127.642433767,-1.38185091428)) ;
#344=CARTESIAN_POINT('Control Point',(6.50511754881,-127.365903986,-7.88118227578)) ;
#345=CARTESIAN_POINT('Control Point',(0.355400639978,-129.02182805,-11.3827780192)) ;
#346=CARTESIAN_POINT('Control Point',(-5.98757239217,-130.954281916,-8.38504240284)) ;
#347=CARTESIAN_POINT('Control Point',(-6.18082851507,-131.230811704,-1.88571104155)) ;
#348=CARTESIAN_POINT('Control Point',(8.99278024655,-138.443974672,-1.38085745742)) ;
#349=CARTESIAN_POINT('Control Point',(9.22176429443,-138.557077938,-7.87922011212)) ;
#350=CARTESIAN_POINT('Control Point',(2.99397886018,-140.041155272,-11.319548604)) ;
#351=CARTESIAN_POINT('Control Point',(-3.46279062211,-141.412129323,-8.26151443975)) ;
#352=CARTESIAN_POINT('Control Point',(-3.6917746705,-141.299026052,-1.76315178488)) ;
#353=CARTESIAN_POINT('Control Point',(10.0193429911,-143.346155538,-1.23085321838)) ;
#354=CARTESIAN_POINT('Control Point',(10.2431725503,-143.61032124,-7.72288690572)) ;
#355=CARTESIAN_POINT('Control Point',(3.96471924161,-144.958114016,-11.1329733989)) ;
#356=CARTESIAN_POINT('Control Point',(-2.53756362539,-146.041741085,-8.05102620337)) ;
#357=CARTESIAN_POINT('Control Point',(-2.7613931839,-145.777575394,-1.55899251467)) ;
#358=CARTESIAN_POINT('Control Point',(11.3763924744,-151.859068526,-0.769475407723)) ;
#359=CARTESIAN_POINT('Control Point',(11.5677051154,-152.302297239,-7.25185886577)) ;
#360=CARTESIAN_POINT('Control Point',(5.20774672996,-153.330437638,-10.6271008779)) ;
#361=CARTESIAN_POINT('Control Point',(-1.34352429711,-153.915349327,-7.51995943295)) ;
#362=CARTESIAN_POINT('Control Point',(-1.5348369386,-153.472120606,-1.03757597587)) ;
#363=CARTESIAN_POINT('Control Point',(12.0943356836,-160.393209664,-0.220997103566)) ;
#364=CARTESIAN_POINT('Control Point',(12.2505269593,-160.796406429,-6.70653832624)) ;
#365=CARTESIAN_POINT('Control Point',(5.84238576397,-161.439920377,-10.0791676141)) ;
#366=CARTESIAN_POINT('Control Point',(-0.721946706522,-161.680237557,-6.96625567851)) ;
#367=CARTESIAN_POINT('Control Point',(-0.878137981803,-161.277040797,-0.480714455144)) ;
#368=CARTESIAN_POINT('Control Point',(12.2904419699,-163.950923559,-0.00947886282539)) ;
#369=CARTESIAN_POINT('Control Point',(12.4348939241,-164.288430329,-6.49914885424)) ;
#370=CARTESIAN_POINT('Control Point',(6.01530396893,-164.770278978,-9.87655555871)) ;
#371=CARTESIAN_POINT('Control Point',(-0.548737946992,-164.914620961,-6.76429230007)) ;
#372=CARTESIAN_POINT('Control Point',(-0.69318989966,-164.577114252,-0.274622315091)) ;
#373=CARTESIAN_POINT('Control Point',(12.4100077416,-167.45550364,0.136273243797)) ;
#374=CARTESIAN_POINT('Control Point',(12.5533757789,-167.666775068,-6.36229826325)) ;
#375=CARTESIAN_POINT('Control Point',(6.13038508026,-167.997623577,-9.74785730619)) ;
#376=CARTESIAN_POINT('Control Point',(-0.435973655686,-168.117200656,-6.63484484202)) ;
#377=CARTESIAN_POINT('Control Point',(-0.579341692918,-167.905929228,-0.136273335075)) ;
#378=CARTESIAN_POINT('Control Point',(12.5238137823,-170.88172314,0.137740751639)) ;
#379=CARTESIAN_POINT('Control Point',(12.6614785693,-170.877149185,-6.36079966028)) ;
#380=CARTESIAN_POINT('Control Point',(6.23535452217,-171.090659146,-9.74781061788)) ;
#381=CARTESIAN_POINT('Control Point',(-0.328434312061,-171.308743062,-6.63628116356)) ;
#382=CARTESIAN_POINT('Control Point',(-0.466099099121,-171.313317017,-0.137740751639)) ;
#384=CARTESIAN_POINT('Control Point',(12.5238137823,-170.88172314,0.137740751639)) ;
#385=CARTESIAN_POINT('Control Point',(12.6614785693,-170.877149185,-6.36079966028)) ;
#386=CARTESIAN_POINT('Control Point',(6.23535452217,-171.090659146,-9.74781061788)) ;
#387=CARTESIAN_POINT('Control Point',(-0.328434312061,-171.308743062,-6.63628116356)) ;
#388=CARTESIAN_POINT('Control Point',(-0.466099099121,-171.313317017,-0.137740751639)) ;
#389=CARTESIAN_POINT('Vertex',(12.5238137823,-170.88172314,0.137740751639)) ;
#391=CARTESIAN_POINT('Vertex',(-0.466099099121,-171.313317017,-0.137740751639)) ;
#395=CARTESIAN_POINT('Control Point',(-6.49857139555,-2.,11.3637288846)) ;
#396=CARTESIAN_POINT('Control Point',(-6.49857136614,-6.21916514087,11.3637289228)) ;
#397=CARTESIAN_POINT('Control Point',(-6.58371006441,-10.3594904976,11.5052530971)) ;
#398=CARTESIAN_POINT('Control Point',(-6.83203976396,-14.4903208855,11.6870147135)) ;
#399=CARTESIAN_POINT('Control Point',(-7.8366956364,-24.5696332252,12.1010989531)) ;
#400=CARTESIAN_POINT('Control Point',(-9.70117981165,-34.676710499,12.2165283001)) ;
#401=CARTESIAN_POINT('Control Point',(-11.0504879035,-40.7523591093,12.0693556126)) ;
#402=CARTESIAN_POINT('Control Point',(-13.4932017334,-51.4349685255,11.3725687333)) ;
#403=CARTESIAN_POINT('Control Point',(-15.5033092859,-62.4982257461,9.89429029306)) ;
#404=CARTESIAN_POINT('Control Point',(-16.1977683387,-67.2802369327,9.12363523802)) ;
#405=CARTESIAN_POINT('Control Point',(-16.8752810742,-74.8036603328,7.73169136136)) ;
#406=CARTESIAN_POINT('Control Point',(-16.8446324534,-82.3704941998,6.15180074487)) ;
#407=CARTESIAN_POINT('Control Point',(-16.7375417248,-85.0676882701,5.57235669664)) ;
#408=CARTESIAN_POINT('Control Point',(-16.3332319616,-90.4330365004,4.40485524406)) ;
#409=CARTESIAN_POINT('Control Point',(-15.5771824591,-95.7330030851,3.25896318598)) ;
#410=CARTESIAN_POINT('Control Point',(-15.1178605853,-98.3634646029,2.7013435058)) ;
#411=CARTESIAN_POINT('Control Point',(-13.3723937471,-106.977220945,0.943473632546)) ;
#412=CARTESIAN_POINT('Control Point',(-11.0235952346,-115.325790323,-0.450409676258)) ;
#413=CARTESIAN_POINT('Control Point',(-9.25623701589,-121.042342282,-1.15514285049)) ;
#414=CARTESIAN_POINT('Control Point',(-6.18082851507,-131.230811704,-1.88571104155)) ;
#415=CARTESIAN_POINT('Control Point',(-3.6917746705,-141.299026052,-1.76315178488)) ;
#416=CARTESIAN_POINT('Control Point',(-2.7613931839,-145.777575394,-1.55899251467)) ;
#417=CARTESIAN_POINT('Control Point',(-1.5348369386,-153.472120606,-1.03757597587)) ;
#418=CARTESIAN_POINT('Control Point',(-0.878137981803,-161.277040797,-0.480714455144)) ;
#419=CARTESIAN_POINT('Control Point',(-0.69318989966,-164.577114252,-0.274622315091)) ;
#420=CARTESIAN_POINT('Control Point',(-0.579341692918,-167.905929228,-0.136273335075)) ;
#421=CARTESIAN_POINT('Control Point',(-0.466099099121,-171.313317017,-0.137740751639)) ;
#424=CARTESIAN_POINT('Control Point',(6.49857139555,-2.,11.6362711154)) ;
#425=CARTESIAN_POINT('Control Point',(6.49857142963,-6.42166528568,11.6362711475)) ;
#426=CARTESIAN_POINT('Control Point',(6.4094917996,-10.9221700852,11.7776601361)) ;
#427=CARTESIAN_POINT('Control Point',(6.13829190296,-15.4608686946,11.9748592411)) ;
#428=CARTESIAN_POINT('Control Point',(5.03218774032,-26.5163174117,12.4405189982)) ;
#429=CARTESIAN_POINT('Control Point',(3.02875245372,-37.3264449884,12.5994592643)) ;
#430=CARTESIAN_POINT('Control Point',(1.61988860457,-43.6196656985,12.4507166156)) ;
#431=CARTESIAN_POINT('Control Point',(-0.803470267196,-54.2767639098,11.6812232651)) ;
#432=CARTESIAN_POINT('Control Point',(-2.66428511115,-64.5737000644,10.0892190532)) ;
#433=CARTESIAN_POINT('Control Point',(-3.28044172065,-68.8910525155,9.27235570193)) ;
#434=CARTESIAN_POINT('Control Point',(-3.87096419567,-75.5167548584,7.84805439117)) ;
#435=CARTESIAN_POINT('Control Point',(-3.84122632152,-82.0721119627,6.30321806997)) ;
#436=CARTESIAN_POINT('Control Point',(-3.74799460747,-84.4048445351,5.74533244399)) ;
#437=CARTESIAN_POINT('Control Point',(-3.39675264578,-89.0602240792,4.63538334806)) ;
#438=CARTESIAN_POINT('Control Point',(-2.73140175954,-93.7220909143,3.56484637194)) ;
#439=CARTESIAN_POINT('Control Point',(-2.32370129341,-96.0602824305,3.04664006394)) ;
#440=CARTESIAN_POINT('Control Point',(-0.753182061671,-103.815817035,1.41377978217)) ;
#441=CARTESIAN_POINT('Control Point',(1.44842879745,-111.69154189,0.103565347843)) ;
#442=CARTESIAN_POINT('Control Point',(3.17645530786,-117.292874184,-0.591173709661)) ;
#443=CARTESIAN_POINT('Control Point',(6.31186142528,-127.642433767,-1.38185091428)) ;
#444=CARTESIAN_POINT('Control Point',(8.99278024655,-138.443974672,-1.38085745742)) ;
#445=CARTESIAN_POINT('Control Point',(10.0193429911,-143.346155538,-1.23085321838)) ;
#446=CARTESIAN_POINT('Control Point',(11.3763924744,-151.859068526,-0.769475407723)) ;
#447=CARTESIAN_POINT('Control Point',(12.0943356836,-160.393209664,-0.220997103566)) ;
#448=CARTESIAN_POINT('Control Point',(12.2904419699,-163.950923559,-0.00947886282539)) ;
#449=CARTESIAN_POINT('Control Point',(12.4100077416,-167.45550364,0.136273243797)) ;
#450=CARTESIAN_POINT('Control Point',(12.5238137823,-170.88172314,0.137740751639)) ;
#460=CARTESIAN_POINT('Control Point',(-6.49857139555,-2.,11.3637288846)) ;
#461=CARTESIAN_POINT('Control Point',(-6.63484251091,-2.,17.8623002802)) ;
#462=CARTESIAN_POINT('Control Point',(-0.204406673037,-2.,21.2478570933)) ;
#463=CARTESIAN_POINT('Control Point',(6.3623002802,-2.,18.1348425109)) ;
#464=CARTESIAN_POINT('Control Point',(6.49857139555,-2.,11.6362711154)) ;
#465=CARTESIAN_POINT('Control Point',(-6.49857136614,-6.21916514087,11.3637289228)) ;
#466=CARTESIAN_POINT('Control Point',(-6.63484247984,-6.0467486629,17.8623003143)) ;
#467=CARTESIAN_POINT('Control Point',(-0.204406638783,-6.06179049646,21.2478571223)) ;
#468=CARTESIAN_POINT('Control Point',(6.36230031593,-6.24924880772,18.1348425389)) ;
#469=CARTESIAN_POINT('Control Point',(6.49857142963,-6.42166528568,11.6362711475)) ;
#470=CARTESIAN_POINT('Control Point',(-6.58371006441,-10.3594904976,11.5052530971)) ;
#471=CARTESIAN_POINT('Control Point',(-6.71312196845,-10.0988584436,17.9982504228)) ;
#472=CARTESIAN_POINT('Control Point',(-0.281226968212,-10.2498823457,21.3809525817)) ;
#473=CARTESIAN_POINT('Control Point',(6.28007991715,-10.6615381375,18.2706574528)) ;
#474=CARTESIAN_POINT('Control Point',(6.4094917996,-10.9221700852,11.7776601162)) ;
#475=CARTESIAN_POINT('Control Point',(-6.83203976396,-14.4903208855,11.6870147135)) ;
#476=CARTESIAN_POINT('Control Point',(-6.95398721491,-14.2021904465,18.1793188215)) ;
#477=CARTESIAN_POINT('Control Point',(-0.529795105263,-14.5433991256,21.5693931399)) ;
#478=CARTESIAN_POINT('Control Point',(6.01634445422,-15.1727382535,18.4671633503)) ;
#479=CARTESIAN_POINT('Control Point',(6.13829190296,-15.4608686958,11.9748592411)) ;
#480=CARTESIAN_POINT('Control Point',(-7.8366956364,-24.5696332252,12.1010989531)) ;
#481=CARTESIAN_POINT('Control Point',(-7.96652959263,-24.3294931008,18.5963013696)) ;
#482=CARTESIAN_POINT('Control Point',(-1.5970048848,-25.1827651407,22.0136125996)) ;
#483=CARTESIAN_POINT('Control Point',(4.90235378086,-26.2761772905,18.9357214131)) ;
#484=CARTESIAN_POINT('Control Point',(5.03218774032,-26.5163174101,12.4405189982)) ;
#485=CARTESIAN_POINT('Control Point',(-9.70117981165,-34.676710499,12.2165283001)) ;
#486=CARTESIAN_POINT('Control Point',(-9.89148664012,-34.6971972827,18.7168732201)) ;
#487=CARTESIAN_POINT('Control Point',(-3.62167391813,-36.0323079063,22.1585111634)) ;
#488=CARTESIAN_POINT('Control Point',(2.83844562996,-37.3469317674,19.0998041867)) ;
#489=CARTESIAN_POINT('Control Point',(3.02875245372,-37.3264449908,12.5994592643)) ;
#490=CARTESIAN_POINT('Control Point',(-11.0504879035,-40.7523591093,12.0693556126)) ;
#491=CARTESIAN_POINT('Control Point',(-11.2930917699,-40.967572123,18.5672299209)) ;
#492=CARTESIAN_POINT('Control Point',(-5.07920545085,-42.5088319232,22.0068475733)) ;
#493=CARTESIAN_POINT('Control Point',(1.37728473874,-43.8348787051,18.9485909245)) ;
#494=CARTESIAN_POINT('Control Point',(1.61988860457,-43.6196656962,12.4507166156)) ;
#495=CARTESIAN_POINT('Control Point',(-13.4932017334,-51.4349685255,11.3725687333)) ;
#496=CARTESIAN_POINT('Control Point',(-13.7959983076,-52.0420163092,17.8447587067)) ;
#497=CARTESIAN_POINT('Control Point',(-7.60253086032,-53.7664378941,21.2351809618)) ;
#498=CARTESIAN_POINT('Control Point',(-1.10626684185,-54.8838116987,18.1534132382)) ;
#499=CARTESIAN_POINT('Control Point',(-0.803470267196,-54.2767639115,11.6812232651)) ;
#500=CARTESIAN_POINT('Control Point',(-15.5033092859,-62.4982257461,9.89429029306)) ;
#501=CARTESIAN_POINT('Control Point',(-15.7694613821,-63.498584281,16.3146746704)) ;
#502=CARTESIAN_POINT('Control Point',(-9.48302534369,-65.0365007068,19.6223312374)) ;
#503=CARTESIAN_POINT('Control Point',(-2.93043720695,-65.5740585953,16.5096034309)) ;
#504=CARTESIAN_POINT('Control Point',(-2.66428511115,-64.5737000631,10.0892190532)) ;
#505=CARTESIAN_POINT('Control Point',(-16.1977683387,-67.2802369327,9.12363523802)) ;
#506=CARTESIAN_POINT('Control Point',(-16.4240969121,-68.4362429398,15.5183540403)) ;
#507=CARTESIAN_POINT('Control Point',(-10.0785978882,-69.8196537283,18.7900736736)) ;
#508=CARTESIAN_POINT('Control Point',(-3.50677029374,-70.0470585174,15.667074504)) ;
#509=CARTESIAN_POINT('Control Point',(-3.28044172065,-68.8910525155,9.27235570193)) ;
#510=CARTESIAN_POINT('Control Point',(-16.8752810742,-74.8036603328,7.73169136136)) ;
#511=CARTESIAN_POINT('Control Point',(-17.0110739485,-76.1468848082,14.0910533779)) ;
#512=CARTESIAN_POINT('Control Point',(-10.5768119472,-77.1750443122,17.3289159009)) ;
#513=CARTESIAN_POINT('Control Point',(-4.00675707009,-76.8599793366,14.2074164078)) ;
#514=CARTESIAN_POINT('Control Point',(-3.87096419567,-75.5167548584,7.84805439117)) ;
#515=CARTESIAN_POINT('Control Point',(-16.8446324534,-82.3704941998,6.15180074487)) ;
#516=CARTESIAN_POINT('Control Point',(-16.8868844412,-83.7946747295,12.4939006267)) ;
#517=CARTESIAN_POINT('Control Point',(-10.4063073687,-84.3575738739,15.7406592303)) ;
#518=CARTESIAN_POINT('Control Point',(-3.88347830925,-83.4962924908,12.6453179518)) ;
#519=CARTESIAN_POINT('Control Point',(-3.84122632152,-82.0721119627,6.30321806997)) ;
#520=CARTESIAN_POINT('Control Point',(-16.7375417248,-85.0676882701,5.57235669664)) ;
#521=CARTESIAN_POINT('Control Point',(-16.7487794854,-86.5057077192,11.9113453457)) ;
#522=CARTESIAN_POINT('Control Point',(-10.259624807,-86.8932955775,15.1673275438)) ;
#523=CARTESIAN_POINT('Control Point',(-3.75923236803,-85.842863985,12.0843210931)) ;
#524=CARTESIAN_POINT('Control Point',(-3.74799460745,-84.4048445351,5.74533244399)) ;
#525=CARTESIAN_POINT('Control Point',(-16.3332319616,-90.4330365004,4.40485524406)) ;
#526=CARTESIAN_POINT('Control Point',(-16.292983622,-91.8691612542,10.7442270491)) ;
#527=CARTESIAN_POINT('Control Point',(-9.80461979429,-91.9008174193,14.0291770037)) ;
#528=CARTESIAN_POINT('Control Point',(-3.35650430619,-90.4963488322,10.9747551531)) ;
#529=CARTESIAN_POINT('Control Point',(-3.3967526458,-89.0602240792,4.63538334806)) ;
#530=CARTESIAN_POINT('Control Point',(-15.5771824591,-95.7330030851,3.25896318598)) ;
#531=CARTESIAN_POINT('Control Point',(-15.5111662888,-97.1133794598,9.61046931594)) ;
#532=CARTESIAN_POINT('Control Point',(-9.05526785384,-96.7981115628,12.9391639738)) ;
#533=CARTESIAN_POINT('Control Point',(-2.6653855892,-95.1024672897,9.91635250189)) ;
#534=CARTESIAN_POINT('Control Point',(-2.73140175951,-93.7220909143,3.56484637194)) ;
#535=CARTESIAN_POINT('Control Point',(-15.1178605853,-98.3634646029,2.7013435058)) ;
#536=CARTESIAN_POINT('Control Point',(-15.0466465211,-99.7037378998,9.0615257658)) ;
#537=CARTESIAN_POINT('Control Point',(-8.61395984317,-99.2222834617,12.4142651748)) ;
#538=CARTESIAN_POINT('Control Point',(-2.25248722923,-97.4005557275,9.40682232396)) ;
#539=CARTESIAN_POINT('Control Point',(-2.32370129336,-96.0602824305,3.04664006394)) ;
#540=CARTESIAN_POINT('Control Point',(-13.3723937471,-106.977220945,0.943473632546)) ;
#541=CARTESIAN_POINT('Control Point',(-13.3085367422,-108.150788639,7.33827670106)) ;
#542=CARTESIAN_POINT('Control Point',(-6.96700239694,-107.156870533,10.7708313104)) ;
#543=CARTESIAN_POINT('Control Point',(-0.68932505682,-104.98938473,7.80858285063)) ;
#544=CARTESIAN_POINT('Control Point',(-0.753182061784,-103.815817035,1.41377978217)) ;
#545=CARTESIAN_POINT('Control Point',(-11.0235952346,-115.325790323,-0.450409676258)) ;
#546=CARTESIAN_POINT('Control Point',(-11.0358132791,-116.235939011,5.99036446623)) ;
#547=CARTESIAN_POINT('Control Point',(-4.80591028569,-114.873889137,9.48773904899)) ;
#548=CARTESIAN_POINT('Control Point',(1.43621075298,-112.601690578,6.54433949046)) ;
#549=CARTESIAN_POINT('Control Point',(1.44842879771,-111.69154189,0.103565347843)) ;
#550=CARTESIAN_POINT('Control Point',(-9.25623701589,-121.042342282,-1.15514285049)) ;
#551=CARTESIAN_POINT('Control Point',(-9.34069925176,-121.740180363,5.31372015394)) ;
#552=CARTESIAN_POINT('Control Point',(-3.166584209,-120.214365347,8.83013622684)) ;
#553=CARTESIAN_POINT('Control Point',(3.09199307121,-117.990712266,5.87768929477)) ;
#554=CARTESIAN_POINT('Control Point',(3.17645530839,-117.292874184,-0.591173709137)) ;
#555=CARTESIAN_POINT('Control Point',(-6.18082851507,-131.230811704,-1.88571104155)) ;
#556=CARTESIAN_POINT('Control Point',(-6.37408463839,-131.507341485,4.6136203189)) ;
#557=CARTESIAN_POINT('Control Point',(-0.224367728923,-129.851417414,8.11521606255)) ;
#558=CARTESIAN_POINT('Control Point',(6.11860530259,-127.918963548,5.11748044617)) ;
#559=CARTESIAN_POINT('Control Point',(6.31186142485,-127.642433767,-1.3818509147)) ;
#560=CARTESIAN_POINT('Control Point',(-3.6917746705,-141.299026052,-1.76315178488)) ;
#561=CARTESIAN_POINT('Control Point',(-3.92075871854,-141.185922786,4.73521087067)) ;
#562=CARTESIAN_POINT('Control Point',(2.30702671519,-139.701845458,8.17553936234)) ;
#563=CARTESIAN_POINT('Control Point',(8.76379619799,-138.330871407,5.11750519813)) ;
#564=CARTESIAN_POINT('Control Point',(8.99278024689,-138.443974672,-1.38085745708)) ;
#565=CARTESIAN_POINT('Control Point',(-2.7613931839,-145.777575394,-1.55899251467)) ;
#566=CARTESIAN_POINT('Control Point',(-2.9852227424,-145.513409681,4.93304117266)) ;
#567=CARTESIAN_POINT('Control Point',(3.29323056593,-144.165616905,8.34312766481)) ;
#568=CARTESIAN_POINT('Control Point',(9.79551343259,-143.081989836,5.26118046963)) ;
#569=CARTESIAN_POINT('Control Point',(10.0193429911,-143.346155538,-1.23085321838)) ;
#570=CARTESIAN_POINT('Control Point',(-1.5348369386,-153.472120606,-1.03757597587)) ;
#571=CARTESIAN_POINT('Control Point',(-1.7261495801,-153.028891901,5.44480748218)) ;
#572=CARTESIAN_POINT('Control Point',(4.63380880559,-152.000751503,8.82004949503)) ;
#573=CARTESIAN_POINT('Control Point',(11.1850798329,-151.415839813,5.71290804984)) ;
#574=CARTESIAN_POINT('Control Point',(11.3763924744,-151.859068526,-0.769475407723)) ;
#575=CARTESIAN_POINT('Control Point',(-0.878137981803,-161.277040797,-0.480714455144)) ;
#576=CARTESIAN_POINT('Control Point',(-1.03432925708,-160.873844026,6.00482676753)) ;
#577=CARTESIAN_POINT('Control Point',(5.37381193804,-160.230330078,9.37745605483)) ;
#578=CARTESIAN_POINT('Control Point',(11.9381444084,-159.990012898,6.26454411946)) ;
#579=CARTESIAN_POINT('Control Point',(12.0943356836,-160.393209664,-0.220997103566)) ;
#580=CARTESIAN_POINT('Control Point',(-0.69318989966,-164.577114252,-0.274622315091)) ;
#581=CARTESIAN_POINT('Control Point',(-0.837641858609,-164.239607488,6.21504767637)) ;
#582=CARTESIAN_POINT('Control Point',(5.58194809545,-163.757758861,9.59245438918)) ;
#583=CARTESIAN_POINT('Control Point',(12.1459900142,-163.613416955,6.48019109811)) ;
#584=CARTESIAN_POINT('Control Point',(12.2904419713,-163.950923559,-0.00947886897971)) ;
#585=CARTESIAN_POINT('Control Point',(-0.579341692918,-167.905929228,-0.136273335075)) ;
#586=CARTESIAN_POINT('Control Point',(-0.722709730168,-167.6946578,6.36229817199)) ;
#587=CARTESIAN_POINT('Control Point',(5.70028096846,-167.363809291,9.74785721495)) ;
#588=CARTESIAN_POINT('Control Point',(12.2666397044,-167.244232211,6.63484475087)) ;
#589=CARTESIAN_POINT('Control Point',(12.4100077416,-167.45550364,0.136273243842)) ;
#590=CARTESIAN_POINT('Control Point',(-0.466099099121,-171.313317017,-0.137740751639)) ;
#591=CARTESIAN_POINT('Control Point',(-0.60376388618,-171.317890973,6.36079966028)) ;
#592=CARTESIAN_POINT('Control Point',(5.82236016099,-171.104381012,9.74781061788)) ;
#593=CARTESIAN_POINT('Control Point',(12.3861489952,-170.886297095,6.63628116356)) ;
#594=CARTESIAN_POINT('Control Point',(12.5238137823,-170.88172314,0.137740751639)) ;
#596=CARTESIAN_POINT('Control Point',(-0.466099099121,-171.313317017,-0.137740751639)) ;
#597=CARTESIAN_POINT('Control Point',(-0.60376388618,-171.317890973,6.36079966028)) ;
#598=CARTESIAN_POINT('Control Point',(5.82236016099,-171.104381012,9.74781061788)) ;
#599=CARTESIAN_POINT('Control Point',(12.3861489952,-170.886297095,6.63628116356)) ;
#600=CARTESIAN_POINT('Control Point',(12.5238137823,-170.88172314,0.137740751639)) ;
#609=CARTESIAN_POINT('Axis2P3D Location',(6.02885734158,-171.097520079,-2.30041680149E-013)) ;
#624=CARTESIAN_POINT('Control Point',(-31.5963821982,227.421264013,71.6718083314)) ;
#625=CARTESIAN_POINT('Control Point',(-31.3797705561,229.09529625,65.3948110025)) ;
#626=CARTESIAN_POINT('Control Point',(-37.7678503869,229.995159002,62.0488906356)) ;
#627=CARTESIAN_POINT('Control Point',(-44.3725418599,229.220989519,64.9799675977)) ;
#628=CARTESIAN_POINT('Control Point',(-44.589153502,227.546957282,71.2569649267)) ;
#629=CARTESIAN_POINT('Control Point',(-31.5967538645,227.056799909,71.5730193424)) ;
#630=CARTESIAN_POINT('Control Point',(-31.3816498299,228.74226146,65.2990181398)) ;
#631=CARTESIAN_POINT('Control Point',(-37.7705334436,229.648077331,61.9562334376)) ;
#632=CARTESIAN_POINT('Control Point',(-44.3745210919,228.868431651,64.8874499379)) ;
#633=CARTESIAN_POINT('Control Point',(-44.5896251265,227.1829701,71.1614511405)) ;
#634=CARTESIAN_POINT('Control Point',(-31.5973183306,226.693391509,71.4791561152)) ;
#635=CARTESIAN_POINT('Control Point',(-31.378457246,228.350294353,65.1976879311)) ;
#636=CARTESIAN_POINT('Control Point',(-37.7653374681,229.241227611,61.8470877546)) ;
#637=CARTESIAN_POINT('Control Point',(-44.3710787748,228.475258025,64.777955762)) ;
#638=CARTESIAN_POINT('Control Point',(-44.5899398595,226.81835518,71.0594239463)) ;
#639=CARTESIAN_POINT('Control Point',(-31.5975773996,226.327870746,71.3765970118)) ;
#640=CARTESIAN_POINT('Control Point',(-31.3836040726,228.021898712,65.1048428748)) ;
#641=CARTESIAN_POINT('Control Point',(-37.7730905014,228.932175977,61.7644098367)) ;
#642=CARTESIAN_POINT('Control Point',(-44.3765502573,228.148425276,64.6957309356)) ;
#643=CARTESIAN_POINT('Control Point',(-44.5905235843,226.45439731,70.9674850726)) ;
#644=CARTESIAN_POINT('Control Point',(-31.5985742513,225.630271186,71.19739945)) ;
#645=CARTESIAN_POINT('Control Point',(-31.3785579482,227.278495913,64.9136359284)) ;
#646=CARTESIAN_POINT('Control Point',(-37.7648225943,228.164916808,61.560634282)) ;
#647=CARTESIAN_POINT('Control Point',(-44.3711035435,227.403112977,64.4913961572)) ;
#648=CARTESIAN_POINT('Control Point',(-44.5911198466,225.75488825,70.7751596788)) ;
#649=CARTESIAN_POINT('Control Point',(-31.5991515234,224.930821735,71.0028168789)) ;
#650=CARTESIAN_POINT('Control Point',(-31.3863913117,226.63405005,64.733473634)) ;
#651=CARTESIAN_POINT('Control Point',(-37.7765245294,227.549119796,61.3955638048)) ;
#652=CARTESIAN_POINT('Control Point',(-44.3794179589,226.760961227,64.3269972205)) ;
#653=CARTESIAN_POINT('Control Point',(-44.5921781706,225.057732912,70.5963404655)) ;
#654=CARTESIAN_POINT('Control Point',(-31.5997161124,224.445940656,70.8694306043)) ;
#655=CARTESIAN_POINT('Control Point',(-31.3881289869,226.157208722,64.6022939963)) ;
#656=CARTESIAN_POINT('Control Point',(-37.7788866721,227.075839921,61.2665944539)) ;
#657=CARTESIAN_POINT('Control Point',(-44.3812314828,226.283203055,64.1980315195)) ;
#658=CARTESIAN_POINT('Control Point',(-44.5928186084,224.57193499,70.4651681275)) ;
#659=CARTESIAN_POINT('Control Point',(-31.6033785159,220.844453992,69.8626558695)) ;
#660=CARTESIAN_POINT('Control Point',(-31.4090085301,222.677832092,63.628460795)) ;
#661=CARTESIAN_POINT('Control Point',(-37.8089362299,223.653822741,60.3262242188)) ;
#662=CARTESIAN_POINT('Control Point',(-44.4032339153,222.79643529,63.258182717)) ;
#663=CARTESIAN_POINT('Control Point',(-44.5976039012,220.96305719,69.4923777916)) ;
#664=CARTESIAN_POINT('Control Point',(-31.6033735427,217.288134555,68.7704241496)) ;
#665=CARTESIAN_POINT('Control Point',(-31.4299461241,219.242598381,62.5720169674)) ;
#666=CARTESIAN_POINT('Control Point',(-37.8409825162,220.254503392,59.3025845621)) ;
#667=CARTESIAN_POINT('Control Point',(-44.4254463284,219.311944574,62.2315593397)) ;
#668=CARTESIAN_POINT('Control Point',(-44.5988737469,217.357480748,68.4299665213)) ;
#669=CARTESIAN_POINT('Control Point',(-31.5861957337,214.091339953,67.7089738171)) ;
#670=CARTESIAN_POINT('Control Point',(-31.4347530467,216.152575713,61.5447978667)) ;
#671=CARTESIAN_POINT('Control Point',(-37.8573109838,217.181384522,58.3035185799)) ;
#672=CARTESIAN_POINT('Control Point',(-44.4313116074,216.148957575,61.2264152443)) ;
#673=CARTESIAN_POINT('Control Point',(-44.5827542942,214.087721812,67.3905911948)) ;
#674=CARTESIAN_POINT('Control Point',(-31.4344370286,203.185018169,63.8282467058)) ;
#675=CARTESIAN_POINT('Control Point',(-31.3667021851,205.596493148,57.7847082265)) ;
#676=CARTESIAN_POINT('Control Point',(-37.8311560828,206.63600115,54.6304801403)) ;
#677=CARTESIAN_POINT('Control Point',(-44.3633448248,205.264034159,57.5197905317)) ;
#678=CARTESIAN_POINT('Control Point',(-44.4310796687,202.852559184,63.563329011)) ;
#679=CARTESIAN_POINT('Control Point',(-30.8814823307,192.662046831,59.2577394156)) ;
#680=CARTESIAN_POINT('Control Point',(-30.9149585912,195.34637202,53.3324919099)) ;
#681=CARTESIAN_POINT('Control Point',(-37.4201467893,196.255823285,50.2210734188)) ;
#682=CARTESIAN_POINT('Control Point',(-43.891858725,194.480949394,53.0349024378)) ;
#683=CARTESIAN_POINT('Control Point',(-43.8583824634,191.796624196,58.9601499436)) ;
#684=CARTESIAN_POINT('Control Point',(-30.1857548993,185.341350513,55.7483122497)) ;
#685=CARTESIAN_POINT('Control Point',(-30.2871511271,188.161348613,49.8912611814)) ;
#686=CARTESIAN_POINT('Control Point',(-36.8089373971,188.936977718,46.7751708953)) ;
#687=CARTESIAN_POINT('Control Point',(-43.2293274404,186.892608714,49.516131669)) ;
#688=CARTESIAN_POINT('Control Point',(-43.1279312115,184.072610622,55.3731827374)) ;
#689=CARTESIAN_POINT('Control Point',(-28.4617374648,172.937308486,49.4680218178)) ;
#690=CARTESIAN_POINT('Control Point',(-28.650128347,175.899168873,43.6846831349)) ;
#691=CARTESIAN_POINT('Control Point',(-35.1713857478,176.417255173,40.5114359257)) ;
#692=CARTESIAN_POINT('Control Point',(-41.5042522656,173.973481091,43.1215274054)) ;
#693=CARTESIAN_POINT('Control Point',(-41.3158613841,171.011620697,48.9048660883)) ;
#694=CARTESIAN_POINT('Control Point',(-25.8961363948,160.700937501,43.0702373964)) ;
#695=CARTESIAN_POINT('Control Point',(-26.1121673742,163.658224444,37.2860768977)) ;
#696=CARTESIAN_POINT('Control Point',(-32.59119792,163.900972135,33.9997014356)) ;
#697=CARTESIAN_POINT('Control Point',(-38.854197487,161.186432878,36.4974864677)) ;
#698=CARTESIAN_POINT('Control Point',(-38.6381665071,158.229145939,42.2816469664)) ;
#699=CARTESIAN_POINT('Control Point',(-24.6796178401,155.572447223,40.4020828596)) ;
#700=CARTESIAN_POINT('Control Point',(-24.8955316234,158.503581289,34.60431299)) ;
#701=CARTESIAN_POINT('Control Point',(-31.3503550275,158.631624183,31.2641649301)) ;
#702=CARTESIAN_POINT('Control Point',(-37.5892646472,155.828533019,33.7217867393)) ;
#703=CARTESIAN_POINT('Control Point',(-37.3733508639,152.897398961,39.5195566085)) ;
#704=CARTESIAN_POINT('Control Point',(-21.1368479236,141.969390361,33.4862120479)) ;
#705=CARTESIAN_POINT('Control Point',(-21.3225732518,144.770195648,27.6211323428)) ;
#706=CARTESIAN_POINT('Control Point',(-27.7011866091,144.600029139,24.132539336)) ;
#707=CARTESIAN_POINT('Control Point',(-33.89407464,141.629057327,26.5090260352)) ;
#708=CARTESIAN_POINT('Control Point',(-33.7083493118,138.828252025,32.3741057413)) ;
#709=CARTESIAN_POINT('Control Point',(-16.8871143934,128.137109907,27.1875418442)) ;
#710=CARTESIAN_POINT('Control Point',(-16.97359934,130.650505536,21.1878106395)) ;
#711=CARTESIAN_POINT('Control Point',(-23.2584465819,130.203143231,17.558352214)) ;
#712=CARTESIAN_POINT('Control Point',(-29.4568088743,127.242385319,19.9286249919)) ;
#713=CARTESIAN_POINT('Control Point',(-29.3703239278,124.728989714,25.9283561951)) ;
#714=CARTESIAN_POINT('Control Point',(-14.0586746523,119.335055822,23.6498540723)) ;
#715=CARTESIAN_POINT('Control Point',(-14.0622745459,121.61122324,17.549348284)) ;
#716=CARTESIAN_POINT('Control Point',(-20.2908131611,121.002406747,13.8500981589)) ;
#717=CARTESIAN_POINT('Control Point',(-26.5157518796,118.117422856,16.2513538237)) ;
#718=CARTESIAN_POINT('Control Point',(-26.5121519882,115.841255438,22.351859612)) ;
#719=CARTESIAN_POINT('Control Point',(-8.37042270718,101.348454938,17.6793805295)) ;
#720=CARTESIAN_POINT('Control Point',(-8.20340114581,103.045838108,11.385442521)) ;
#721=CARTESIAN_POINT('Control Point',(-14.3531840502,102.157191085,7.61286347557)) ;
#722=CARTESIAN_POINT('Control Point',(-20.6699885189,99.5711608748,10.1342224371)) ;
#723=CARTESIAN_POINT('Control Point',(-20.8370100781,97.8737777052,16.4281604456)) ;
#724=CARTESIAN_POINT('Control Point',(-3.14314065932,82.3991770273,13.9979127762)) ;
#725=CARTESIAN_POINT('Control Point',(-2.85073276242,83.4321489985,7.57315503643)) ;
#726=CARTESIAN_POINT('Control Point',(-9.00166627468,82.4168624364,3.83839132607)) ;
#727=CARTESIAN_POINT('Control Point',(-15.4450076809,80.3686039208,6.52838535692)) ;
#728=CARTESIAN_POINT('Control Point',(-15.73741558,79.3356319497,12.9531430967)) ;
#729=CARTESIAN_POINT('Control Point',(-0.812270504836,72.7764519611,12.7862090089)) ;
#730=CARTESIAN_POINT('Control Point',(-0.483604239763,73.48965819,6.32488034911)) ;
#731=CARTESIAN_POINT('Control Point',(-6.6588592043,72.4671792836,2.63219001518)) ;
#732=CARTESIAN_POINT('Control Point',(-13.1627804378,70.7314941338,5.4008283499)) ;
#733=CARTESIAN_POINT('Control Point',(-13.4914467061,70.018287902,11.8621570097)) ;
#734=CARTESIAN_POINT('Control Point',(3.148673222,52.9268759498,11.3908376485)) ;
#735=CARTESIAN_POINT('Control Point',(3.50560395068,53.1076256073,4.89527267594)) ;
#736=CARTESIAN_POINT('Control Point',(-2.73624038491,52.1960085881,1.28213066902)) ;
#737=CARTESIAN_POINT('Control Point',(-9.33501544523,51.1036419263,4.16455362567)) ;
#738=CARTESIAN_POINT('Control Point',(-9.69194617052,50.9228922717,10.6601185983)) ;
#739=CARTESIAN_POINT('Control Point',(5.45292762705,32.7247350268,11.4441734631)) ;
#740=CARTESIAN_POINT('Control Point',(5.79161393378,32.6561728613,4.95284552532)) ;
#741=CARTESIAN_POINT('Control Point',(-0.511449626334,32.050719404,1.38086775555)) ;
#742=CARTESIAN_POINT('Control Point',(-7.15319949721,31.5138280969,4.30021793282)) ;
#743=CARTESIAN_POINT('Control Point',(-7.4918858074,31.5823902593,10.7915458706)) ;
#744=CARTESIAN_POINT('Control Point',(6.16858709361,22.4766107481,11.6599203335)) ;
#745=CARTESIAN_POINT('Control Point',(6.49760209907,22.3674449021,5.1693756858)) ;
#746=CARTESIAN_POINT('Control Point',(0.175641363497,21.9524485475,1.60024735845)) ;
#747=CARTESIAN_POINT('Control Point',(-6.47533451056,21.6466179272,4.52166375299)) ;
#748=CARTESIAN_POINT('Control Point',(-6.80434947885,21.755783996,11.0122083026)) ;
#749=CARTESIAN_POINT('Control Point',(6.49185864333,12.2264764625,11.8251894359)) ;
#750=CARTESIAN_POINT('Control Point',(6.81707298223,12.1500607591,5.33333043852)) ;
#751=CARTESIAN_POINT('Control Point',(0.487820978435,11.9434755244,1.76218701069)) ;
#752=CARTESIAN_POINT('Control Point',(-6.16664536445,11.8133059926,4.68290258025)) ;
#753=CARTESIAN_POINT('Control Point',(-6.49185970327,11.8897216964,11.1747615779)) ;
#754=CARTESIAN_POINT('Control Point',(6.49185917592,2.00000116035,11.8252140675)) ;
#755=CARTESIAN_POINT('Control Point',(6.8170735109,1.99998554992,5.33335488572)) ;
#756=CARTESIAN_POINT('Control Point',(0.487821496594,1.99997661846,1.76221095985)) ;
#757=CARTESIAN_POINT('Control Point',(-6.1666448527,1.99998329744,4.68292621577)) ;
#758=CARTESIAN_POINT('Control Point',(-6.49185918768,1.99999890788,11.1747853975)) ;
#760=CARTESIAN_POINT('Control Point',(6.49185917592,2.00000116035,11.8252140675)) ;
#761=CARTESIAN_POINT('Control Point',(6.8170735109,1.99998554992,5.33335488572)) ;
#762=CARTESIAN_POINT('Control Point',(0.487821496594,1.99997661846,1.76221095985)) ;
#763=CARTESIAN_POINT('Control Point',(-6.1666448527,1.99998329744,4.68292621577)) ;
#764=CARTESIAN_POINT('Control Point',(-6.49185918768,1.99999890788,11.1747853975)) ;
#765=CARTESIAN_POINT('Vertex',(6.49185883944,2.00000116035,11.8252140506)) ;
#767=CARTESIAN_POINT('Vertex',(-6.49185929052,1.99999890786,11.1747807168)) ;
#771=CARTESIAN_POINT('Control Point',(-44.589153502,227.546957282,71.2569649267)) ;
#772=CARTESIAN_POINT('Control Point',(-44.5896251265,227.1829701,71.1614511405)) ;
#773=CARTESIAN_POINT('Control Point',(-44.5899398595,226.81835518,71.0594239463)) ;
#774=CARTESIAN_POINT('Control Point',(-44.5905235843,226.45439731,70.9674850726)) ;
#775=CARTESIAN_POINT('Control Point',(-44.5911198466,225.75488825,70.7751596788)) ;
#776=CARTESIAN_POINT('Control Point',(-44.5921781706,225.057732912,70.5963404655)) ;
#777=CARTESIAN_POINT('Control Point',(-44.5928186084,224.57193499,70.4651681275)) ;
#778=CARTESIAN_POINT('Control Point',(-44.5976039012,220.96305719,69.4923777916)) ;
#779=CARTESIAN_POINT('Control Point',(-44.5988737469,217.357480748,68.4299665213)) ;
#780=CARTESIAN_POINT('Control Point',(-44.5827542942,214.087721812,67.3905911948)) ;
#781=CARTESIAN_POINT('Control Point',(-44.4310796687,202.852559184,63.563329011)) ;
#782=CARTESIAN_POINT('Control Point',(-43.8583824634,191.796624196,58.9601499436)) ;
#783=CARTESIAN_POINT('Control Point',(-43.1279312115,184.072610622,55.3731827374)) ;
#784=CARTESIAN_POINT('Control Point',(-41.3158613841,171.011620697,48.9048660883)) ;
#785=CARTESIAN_POINT('Control Point',(-38.6381665071,158.229145939,42.2816469664)) ;
#786=CARTESIAN_POINT('Control Point',(-37.3733508639,152.897398961,39.5195566085)) ;
#787=CARTESIAN_POINT('Control Point',(-33.7083493118,138.828252025,32.3741057413)) ;
#788=CARTESIAN_POINT('Control Point',(-29.3703239278,124.728989714,25.9283561951)) ;
#789=CARTESIAN_POINT('Control Point',(-26.5121519882,115.841255438,22.351859612)) ;
#790=CARTESIAN_POINT('Control Point',(-20.8370100781,97.8737777052,16.4281604456)) ;
#791=CARTESIAN_POINT('Control Point',(-15.73741558,79.3356319497,12.9531430967)) ;
#792=CARTESIAN_POINT('Control Point',(-13.4914467061,70.018287902,11.8621570097)) ;
#793=CARTESIAN_POINT('Control Point',(-9.69194617052,50.9228922717,10.6601185983)) ;
#794=CARTESIAN_POINT('Control Point',(-7.4918858074,31.5823902593,10.7915458706)) ;
#795=CARTESIAN_POINT('Control Point',(-6.80434947885,21.755783996,11.0122083026)) ;
#796=CARTESIAN_POINT('Control Point',(-6.49185970327,11.8897216964,11.1747615779)) ;
#797=CARTESIAN_POINT('Control Point',(-6.49185918768,1.99999890788,11.1747853975)) ;
#798=CARTESIAN_POINT('Vertex',(-44.589153502,227.546957282,71.2569649267)) ;
#802=CARTESIAN_POINT('Control Point',(-31.5963821982,227.421264013,71.6718083314)) ;
#803=CARTESIAN_POINT('Control Point',(-31.3797705561,229.09529625,65.3948110025)) ;
#804=CARTESIAN_POINT('Control Point',(-37.7678503869,229.995159002,62.0488906356)) ;
#805=CARTESIAN_POINT('Control Point',(-44.3725418599,229.220989519,64.9799675977)) ;
#806=CARTESIAN_POINT('Control Point',(-44.589153502,227.546957282,71.2569649267)) ;
#807=CARTESIAN_POINT('Vertex',(-31.5963821982,227.421264013,71.6718083314)) ;
#811=CARTESIAN_POINT('Control Point',(-31.5963821982,227.421264013,71.6718083314)) ;
#812=CARTESIAN_POINT('Control Point',(-31.5967538645,227.056799909,71.5730193424)) ;
#813=CARTESIAN_POINT('Control Point',(-31.5973183306,226.693391509,71.4791561152)) ;
#814=CARTESIAN_POINT('Control Point',(-31.5975773996,226.327870746,71.3765970118)) ;
#815=CARTESIAN_POINT('Control Point',(-31.5985742513,225.630271186,71.19739945)) ;
#816=CARTESIAN_POINT('Control Point',(-31.5991515234,224.930821735,71.0028168789)) ;
#817=CARTESIAN_POINT('Control Point',(-31.5997161124,224.445940656,70.8694306043)) ;
#818=CARTESIAN_POINT('Control Point',(-31.6033785159,220.844453992,69.8626558695)) ;
#819=CARTESIAN_POINT('Control Point',(-31.6033735427,217.288134555,68.7704241496)) ;
#820=CARTESIAN_POINT('Control Point',(-31.5861957337,214.091339953,67.7089738171)) ;
#821=CARTESIAN_POINT('Control Point',(-31.4344370286,203.185018169,63.8282467058)) ;
#822=CARTESIAN_POINT('Control Point',(-30.8814823307,192.662046831,59.2577394156)) ;
#823=CARTESIAN_POINT('Control Point',(-30.1857548993,185.341350513,55.7483122497)) ;
#824=CARTESIAN_POINT('Control Point',(-28.4617374648,172.937308486,49.4680218178)) ;
#825=CARTESIAN_POINT('Control Point',(-25.8961363948,160.700937501,43.0702373964)) ;
#826=CARTESIAN_POINT('Control Point',(-24.6796178401,155.572447223,40.4020828596)) ;
#827=CARTESIAN_POINT('Control Point',(-21.1368479236,141.969390361,33.4862120479)) ;
#828=CARTESIAN_POINT('Control Point',(-16.8871143934,128.137109907,27.1875418442)) ;
#829=CARTESIAN_POINT('Control Point',(-14.0586746523,119.335055822,23.6498540723)) ;
#830=CARTESIAN_POINT('Control Point',(-8.37042270718,101.348454938,17.6793805295)) ;
#831=CARTESIAN_POINT('Control Point',(-3.14314065932,82.3991770273,13.9979127762)) ;
#832=CARTESIAN_POINT('Control Point',(-0.812270504836,72.7764519611,12.7862090089)) ;
#833=CARTESIAN_POINT('Control Point',(3.148673222,52.9268759498,11.3908376485)) ;
#834=CARTESIAN_POINT('Control Point',(5.45292762705,32.7247350268,11.4441734631)) ;
#835=CARTESIAN_POINT('Control Point',(6.16858709361,22.4766107481,11.6599203335)) ;
#836=CARTESIAN_POINT('Control Point',(6.49185864333,12.2264764625,11.8251894359)) ;
#837=CARTESIAN_POINT('Control Point',(6.49185917592,2.00000116035,11.8252140675)) ;
#847=CARTESIAN_POINT('Control Point',(-44.589153502,227.546957282,71.2569649267)) ;
#848=CARTESIAN_POINT('Control Point',(-44.8057651441,225.872925046,77.5339622557)) ;
#849=CARTESIAN_POINT('Control Point',(-38.4176853133,224.973062293,80.8798826225)) ;
#850=CARTESIAN_POINT('Control Point',(-31.8129938404,225.747231777,77.9488056604)) ;
#851=CARTESIAN_POINT('Control Point',(-31.5963821982,227.421264013,71.6718083314)) ;
#852=CARTESIAN_POINT('Control Point',(-44.5896251265,227.1829701,71.1614511405)) ;
#853=CARTESIAN_POINT('Control Point',(-44.8047291611,225.497508549,77.4354523431)) ;
#854=CARTESIAN_POINT('Control Point',(-38.4158455474,224.591692678,80.7782370453)) ;
#855=CARTESIAN_POINT('Control Point',(-31.8118578991,225.371338358,77.847020545)) ;
#856=CARTESIAN_POINT('Control Point',(-31.5967538645,227.056799909,71.5730193424)) ;
#857=CARTESIAN_POINT('Control Point',(-44.5899398595,226.81835518,71.0594239463)) ;
#858=CARTESIAN_POINT('Control Point',(-44.8088009442,225.161452336,77.3408921302)) ;
#859=CARTESIAN_POINT('Control Point',(-38.4219207221,224.270519078,80.6914923068)) ;
#860=CARTESIAN_POINT('Control Point',(-31.8161794154,225.036488665,77.7606242992)) ;
#861=CARTESIAN_POINT('Control Point',(-31.5973183307,226.693391509,71.4791561152)) ;
#862=CARTESIAN_POINT('Control Point',(-44.5905235843,226.45439731,70.9674850726)) ;
#863=CARTESIAN_POINT('Control Point',(-44.8044969114,224.760369344,77.2392392097)) ;
#864=CARTESIAN_POINT('Control Point',(-38.4150104826,223.850092079,80.5796722477)) ;
#865=CARTESIAN_POINT('Control Point',(-31.8115507267,224.63384278,77.6483511488)) ;
#866=CARTESIAN_POINT('Control Point',(-31.5975773996,226.327870746,71.3765970118)) ;
#867=CARTESIAN_POINT('Control Point',(-44.5911198466,225.75488825,70.7751596788)) ;
#868=CARTESIAN_POINT('Control Point',(-44.8111361497,224.106663523,77.0589232004)) ;
#869=CARTESIAN_POINT('Control Point',(-38.4248715036,223.220242628,80.4119248468)) ;
#870=CARTESIAN_POINT('Control Point',(-31.8185905545,223.982046459,77.4811629716)) ;
#871=CARTESIAN_POINT('Control Point',(-31.5985742513,225.630271186,71.19739945)) ;
#872=CARTESIAN_POINT('Control Point',(-44.5921781706,225.057732912,70.5963404655)) ;
#873=CARTESIAN_POINT('Control Point',(-44.8049383823,223.354504597,76.8656837104)) ;
#874=CARTESIAN_POINT('Control Point',(-38.4148051645,222.43943485,80.2035935396)) ;
#875=CARTESIAN_POINT('Control Point',(-31.8119117351,223.227593419,77.2721601239)) ;
#876=CARTESIAN_POINT('Control Point',(-31.5991515234,224.930821735,71.0028168789)) ;
#877=CARTESIAN_POINT('Control Point',(-44.5928186084,224.57193499,70.4651681275)) ;
#878=CARTESIAN_POINT('Control Point',(-44.804405734,222.860666924,76.7323047355)) ;
#879=CARTESIAN_POINT('Control Point',(-38.4136480488,221.942035724,80.0680042778)) ;
#880=CARTESIAN_POINT('Control Point',(-31.811303238,222.73467259,77.1365672122)) ;
#881=CARTESIAN_POINT('Control Point',(-31.5997161124,224.445940656,70.8694306043)) ;
#882=CARTESIAN_POINT('Control Point',(-44.5976039012,220.96305719,69.4923777916)) ;
#883=CARTESIAN_POINT('Control Point',(-44.7919738869,219.12967909,75.7265728662)) ;
#884=CARTESIAN_POINT('Control Point',(-38.3920461871,218.153688441,79.0288094425)) ;
#885=CARTESIAN_POINT('Control Point',(-31.7977485016,219.011075892,76.0968509442)) ;
#886=CARTESIAN_POINT('Control Point',(-31.6033785159,220.844453992,69.8626558696)) ;
#887=CARTESIAN_POINT('Control Point',(-44.5988737469,217.357480748,68.4299665213)) ;
#888=CARTESIAN_POINT('Control Point',(-44.7723011662,215.403016922,74.6283737035)) ;
#889=CARTESIAN_POINT('Control Point',(-38.3612647735,214.391111912,77.8978061081)) ;
#890=CARTESIAN_POINT('Control Point',(-31.7768009618,215.333670729,74.9688313305)) ;
#891=CARTESIAN_POINT('Control Point',(-31.6033735427,217.288134555,68.7704241489)) ;
#892=CARTESIAN_POINT('Control Point',(-44.5827542942,214.087721812,67.3905911948)) ;
#893=CARTESIAN_POINT('Control Point',(-44.734196981,212.026486053,73.5547671459)) ;
#894=CARTESIAN_POINT('Control Point',(-38.3116390438,210.997677245,76.796046432)) ;
#895=CARTESIAN_POINT('Control Point',(-31.7376384203,212.030104193,73.8731497683)) ;
#896=CARTESIAN_POINT('Control Point',(-31.5861957337,214.091339953,67.7089738164)) ;
#897=CARTESIAN_POINT('Control Point',(-44.4310796687,202.852559184,63.563329011)) ;
#898=CARTESIAN_POINT('Control Point',(-44.4988145127,200.441084201,69.6068674885)) ;
#899=CARTESIAN_POINT('Control Point',(-38.0343606154,199.4015762,72.7610955764)) ;
#900=CARTESIAN_POINT('Control Point',(-31.5021718729,200.773543187,69.8717851833)) ;
#901=CARTESIAN_POINT('Control Point',(-31.4344370286,203.185018169,63.8282467075)) ;
#902=CARTESIAN_POINT('Control Point',(-43.8583824634,191.796624196,58.9601499436)) ;
#903=CARTESIAN_POINT('Control Point',(-43.8249062019,189.112299014,64.8853974536)) ;
#904=CARTESIAN_POINT('Control Point',(-37.3197180027,188.20284775,67.9968159403)) ;
#905=CARTESIAN_POINT('Control Point',(-30.8480060682,189.977721649,65.1829869256)) ;
#906=CARTESIAN_POINT('Control Point',(-30.8814823307,192.662046831,59.2577394114)) ;
#907=CARTESIAN_POINT('Control Point',(-43.1279312115,184.072610622,55.3731827374)) ;
#908=CARTESIAN_POINT('Control Point',(-43.0265349847,181.252612514,61.2302338057)) ;
#909=CARTESIAN_POINT('Control Point',(-36.5047487147,180.476983417,64.3463240918)) ;
#910=CARTESIAN_POINT('Control Point',(-30.0843586704,182.521352413,61.605363316)) ;
#911=CARTESIAN_POINT('Control Point',(-30.1857548993,185.341350513,55.7483122497)) ;
#912=CARTESIAN_POINT('Control Point',(-41.3158613841,171.011620697,48.9048660883)) ;
#913=CARTESIAN_POINT('Control Point',(-41.1274705012,168.049760316,54.6882047712)) ;
#914=CARTESIAN_POINT('Control Point',(-34.6062131004,167.53167401,57.8614519804)) ;
#915=CARTESIAN_POINT('Control Point',(-28.2733465834,169.975448098,55.2513605022)) ;
#916=CARTESIAN_POINT('Control Point',(-28.4617374648,172.937308486,49.4680218178)) ;
#917=CARTESIAN_POINT('Control Point',(-38.6381665071,158.229145939,42.2816469664)) ;
#918=CARTESIAN_POINT('Control Point',(-38.4221355283,155.271858992,48.0658074651)) ;
#919=CARTESIAN_POINT('Control Point',(-31.9431049825,155.029111305,51.3521829273)) ;
#920=CARTESIAN_POINT('Control Point',(-25.680105415,157.743650558,48.854397894)) ;
#921=CARTESIAN_POINT('Control Point',(-25.8961363948,160.700937501,43.0702373964)) ;
#922=CARTESIAN_POINT('Control Point',(-37.3733508639,152.897398961,39.5195566085)) ;
#923=CARTESIAN_POINT('Control Point',(-37.1574370828,149.966264899,45.3173264771)) ;
#924=CARTESIAN_POINT('Control Point',(-30.7026136781,149.838222001,48.6574745369)) ;
#925=CARTESIAN_POINT('Control Point',(-24.4637040579,152.641313165,46.1998527282)) ;
#926=CARTESIAN_POINT('Control Point',(-24.6796178406,155.572447223,40.4020828596)) ;
#927=CARTESIAN_POINT('Control Point',(-33.7083493118,138.828252025,32.3741057413)) ;
#928=CARTESIAN_POINT('Control Point',(-33.5226239799,136.027446731,38.2391854482)) ;
#929=CARTESIAN_POINT('Control Point',(-27.1440106235,136.197613247,41.727778455)) ;
#930=CARTESIAN_POINT('Control Point',(-20.9511225935,139.168585059,39.3512917549)) ;
#931=CARTESIAN_POINT('Control Point',(-21.1368479227,141.969390361,33.4862120479)) ;
#932=CARTESIAN_POINT('Control Point',(-29.3703239278,124.728989714,25.9283561951)) ;
#933=CARTESIAN_POINT('Control Point',(-29.2838389872,122.215594096,31.9280873969)) ;
#934=CARTESIAN_POINT('Control Point',(-22.9989917438,122.66295639,35.5575458223)) ;
#935=CARTESIAN_POINT('Control Point',(-16.8006294499,125.623714301,33.1872730459)) ;
#936=CARTESIAN_POINT('Control Point',(-16.8871143949,128.137109907,27.1875418442)) ;
#937=CARTESIAN_POINT('Control Point',(-26.5121519882,115.841255438,22.351859612)) ;
#938=CARTESIAN_POINT('Control Point',(-26.5085520938,113.565088021,28.4523654033)) ;
#939=CARTESIAN_POINT('Control Point',(-20.2800134794,114.173904507,32.1516155261)) ;
#940=CARTESIAN_POINT('Control Point',(-14.0550747594,117.058888411,29.7503598636)) ;
#941=CARTESIAN_POINT('Control Point',(-14.0586746523,119.335055822,23.6498540723)) ;
#942=CARTESIAN_POINT('Control Point',(-20.8370100781,97.8737777052,16.4281604456)) ;
#943=CARTESIAN_POINT('Control Point',(-21.0040316402,96.1763945355,22.7220984511)) ;
#944=CARTESIAN_POINT('Control Point',(-14.854248735,97.0650415642,26.4946774988)) ;
#945=CARTESIAN_POINT('Control Point',(-8.5374442678,99.6510717625,23.9733185351)) ;
#946=CARTESIAN_POINT('Control Point',(-8.37042270718,101.348454938,17.6793805295)) ;
#947=CARTESIAN_POINT('Control Point',(-15.73741558,79.3356319497,12.9531430967)) ;
#948=CARTESIAN_POINT('Control Point',(-16.0298234762,78.3026599786,19.3779008393)) ;
#949=CARTESIAN_POINT('Control Point',(-9.87888996465,79.3179465348,23.1126645475)) ;
#950=CARTESIAN_POINT('Control Point',(-3.43554855696,81.3662050621,20.4226705188)) ;
#951=CARTESIAN_POINT('Control Point',(-3.14314065932,82.3991770273,13.9979127762)) ;
#952=CARTESIAN_POINT('Control Point',(-13.4914467061,70.018287902,11.8621570097)) ;
#953=CARTESIAN_POINT('Control Point',(-13.8201129745,69.3050816761,18.323485674)) ;
#954=CARTESIAN_POINT('Control Point',(-7.64485800777,70.3275605853,22.0161760057)) ;
#955=CARTESIAN_POINT('Control Point',(-1.14093677376,72.0632457264,19.2475376725)) ;
#956=CARTESIAN_POINT('Control Point',(-0.812270505019,72.7764519611,12.7862090082)) ;
#957=CARTESIAN_POINT('Control Point',(-9.69194617052,50.9228922717,10.6601185983)) ;
#958=CARTESIAN_POINT('Control Point',(-10.0488768958,50.7421426112,17.1556835663)) ;
#959=CARTESIAN_POINT('Control Point',(-3.80703256248,51.6537596274,20.7688255755)) ;
#960=CARTESIAN_POINT('Control Point',(2.79174249728,52.7461262982,17.8864026174)) ;
#961=CARTESIAN_POINT('Control Point',(3.14867322219,52.9268759498,11.3908376493)) ;
#962=CARTESIAN_POINT('Control Point',(-7.4918858074,31.5823902593,10.7915458706)) ;
#963=CARTESIAN_POINT('Control Point',(-7.8305721176,31.6509524279,17.282873813)) ;
#964=CARTESIAN_POINT('Control Point',(-1.52750855517,32.2564058882,20.8548515805)) ;
#965=CARTESIAN_POINT('Control Point',(5.11424131628,32.7932971861,17.9355014048)) ;
#966=CARTESIAN_POINT('Control Point',(5.45292762686,32.7247350268,11.4441734623)) ;
#967=CARTESIAN_POINT('Control Point',(-6.80434947885,21.755783996,11.0122083026)) ;
#968=CARTESIAN_POINT('Control Point',(-7.13336454353,21.864949731,17.5027529229)) ;
#969=CARTESIAN_POINT('Control Point',(-0.811403749786,22.279946346,21.0718812317)) ;
#970=CARTESIAN_POINT('Control Point',(5.8395720914,22.5857765334,18.1504650312)) ;
#971=CARTESIAN_POINT('Control Point',(6.16858710903,22.4766109093,11.6599203336)) ;
#972=CARTESIAN_POINT('Control Point',(-6.49185970327,11.8897216964,11.1747615779)) ;
#973=CARTESIAN_POINT('Control Point',(-6.81707404209,11.9661373998,17.6666205754)) ;
#974=CARTESIAN_POINT('Control Point',(-0.487822038131,12.1727226352,21.2377640032)) ;
#975=CARTESIAN_POINT('Control Point',(6.16664430451,12.3028921664,18.3170484335)) ;
#976=CARTESIAN_POINT('Control Point',(6.49185864333,12.2264764629,11.8251894359)) ;
#977=CARTESIAN_POINT('Control Point',(-6.49185918768,1.99999890788,11.1747853975)) ;
#978=CARTESIAN_POINT('Control Point',(-6.81707352266,2.00001451831,17.6666445793)) ;
#979=CARTESIAN_POINT('Control Point',(-0.487821508347,2.00002344977,21.2377885052)) ;
#980=CARTESIAN_POINT('Control Point',(6.16664484094,2.00001677079,18.3170732493)) ;
#981=CARTESIAN_POINT('Control Point',(6.49185917592,2.00000116035,11.8252140675)) ;
#983=CARTESIAN_POINT('Control Point',(-6.49185918768,1.99999890788,11.1747853975)) ;
#984=CARTESIAN_POINT('Control Point',(-6.81707352266,2.00001451831,17.6666445793)) ;
#985=CARTESIAN_POINT('Control Point',(-0.487821508347,2.00002344977,21.2377885052)) ;
#986=CARTESIAN_POINT('Control Point',(6.16664484094,2.00001677079,18.3170732493)) ;
#987=CARTESIAN_POINT('Control Point',(6.49185917592,2.00000116035,11.8252140675)) ;
#990=CARTESIAN_POINT('Control Point',(-44.589153502,227.546957282,71.2569649267)) ;
#991=CARTESIAN_POINT('Control Point',(-44.8057651441,225.872925046,77.5339622557)) ;
#992=CARTESIAN_POINT('Control Point',(-38.4176853133,224.973062293,80.8798826225)) ;
#993=CARTESIAN_POINT('Control Point',(-31.8129938404,225.747231777,77.9488056604)) ;
#994=CARTESIAN_POINT('Control Point',(-31.5963821982,227.421264013,71.6718083314)) ;
#1003=CARTESIAN_POINT('Axis2P3D Location',(-38.0927678501,227.484110648,71.4643866291)) ;
#1013=CARTESIAN_POINT('Axis2P3D Location',(-2.93825141995E-009,1.70566560875E-008,11.4999998663)) ;
#1019=CARTESIAN_POINT('Control Point',(6.49185951829,-1.99999887377,11.8252143518)) ;
#1020=CARTESIAN_POINT('Control Point',(6.54294331059,-2.00000126015,10.8054759258)) ;
#1021=CARTESIAN_POINT('Control Point',(6.39380202275,-2.00000368127,9.77570722528)) ;
#1022=CARTESIAN_POINT('Control Point',(6.04160838887,-2.00000601094,8.78838634034)) ;
#1023=CARTESIAN_POINT('Control Point',(4.96907048348,-2.00001022927,7.00503857753)) ;
#1024=CARTESIAN_POINT('Control Point',(3.30184043641,-2.00001318406,5.75964274817)) ;
#1025=CARTESIAN_POINT('Control Point',(2.35466079798,-2.00001424957,5.31053962179)) ;
#1026=CARTESIAN_POINT('Control Point',(0.335244856246,-2.00001543492,4.80792042607)) ;
#1027=CARTESIAN_POINT('Control Point',(-1.72429275918,-2.00001469441,5.10620152213)) ;
#1028=CARTESIAN_POINT('Control Point',(-2.71161389715,-2.00001383311,5.45839444669)) ;
#1029=CARTESIAN_POINT('Control Point',(-4.49496243051,-2.00001121416,6.53093107086)) ;
#1030=CARTESIAN_POINT('Control Point',(-5.74035945766,-2.00000713517,8.19816022319)) ;
#1031=CARTESIAN_POINT('Control Point',(-6.18946326452,-2.00000481311,9.14533953898)) ;
#1032=CARTESIAN_POINT('Control Point',(-6.44077358779,-2.00000233007,10.1550473293)) ;
#1033=CARTESIAN_POINT('Control Point',(-6.49185884531,-1.99999981229,11.1747856819)) ;
#1034=CARTESIAN_POINT('Vertex',(6.49185928464,-1.99999887376,11.8252190158)) ;
#1036=CARTESIAN_POINT('Vertex',(-6.49185884531,-1.99999981229,11.1747856819)) ;
#1040=CARTESIAN_POINT('Control Point',(-6.49185929052,1.99999890786,11.1747807168)) ;
#1041=CARTESIAN_POINT('Control Point',(-6.49185884531,-1.99999981229,11.1747856819)) ;
#1044=CARTESIAN_POINT('Control Point',(6.49185907308,2.00000116034,11.8252093867)) ;
#1045=CARTESIAN_POINT('Control Point',(6.49185951829,-1.99999887377,11.8252143518)) ;
#1054=CARTESIAN_POINT('Axis2P3D Location',(-2.93825075381E-009,1.70566560875E-008,11.4999998663)) ;
#1060=CARTESIAN_POINT('Control Point',(-6.49185907896,-1.99999981228,11.1747903458)) ;
#1061=CARTESIAN_POINT('Control Point',(-6.54294362724,-1.9999974259,12.1945292015)) ;
#1062=CARTESIAN_POINT('Control Point',(-6.39380291942,-1.99999500478,13.2242984848)) ;
#1063=CARTESIAN_POINT('Control Point',(-6.04160964777,-1.9999926751,14.2116200354)) ;
#1064=CARTESIAN_POINT('Control Point',(-4.96907202845,-1.99998845677,15.9949691221)) ;
#1065=CARTESIAN_POINT('Control Point',(-3.30184153021,-1.99998550198,17.2403659969)) ;
#1066=CARTESIAN_POINT('Control Point',(-2.35466151591,-1.99998443647,17.6894695099)) ;
#1067=CARTESIAN_POINT('Control Point',(-0.335244659736,-1.99998325112,18.1920891187)) ;
#1068=CARTESIAN_POINT('Control Point',(1.72429390683,-1.99998399163,17.893807703)) ;
#1069=CARTESIAN_POINT('Control Point',(2.71161545743,-1.99998485293,17.5416144314)) ;
#1070=CARTESIAN_POINT('Control Point',(4.49496454418,-1.99998747188,16.4690768121)) ;
#1071=CARTESIAN_POINT('Control Point',(5.74036141901,-1.99999155088,14.8018463138)) ;
#1072=CARTESIAN_POINT('Control Point',(6.18946493198,-1.99999387294,13.8546662995)) ;
#1073=CARTESIAN_POINT('Control Point',(6.44077473636,-1.99999635598,12.8449578715)) ;
#1074=CARTESIAN_POINT('Control Point',(6.49185928464,-1.99999887376,11.8252190158)) ;
#1083=CARTESIAN_POINT('Axis2P3D Location',(1.33950025516E-007,-1.99999934302,11.5000040597)) ;
#1095=CARTESIAN_POINT('Axis2P3D Location',(-166.439464905,414.323448497,150.038552754)) ;
#1100=CARTESIAN_POINT('Axis2P3D Location',(-166.342255039,413.360911727,149.785425891)) ;
#1104=CARTESIAN_POINT('Vertex',(-159.877602805,413.909486348,150.182083649)) ;
#1106=CARTESIAN_POINT('Vertex',(-172.806907273,412.812337106,149.388768134)) ;
#1109=CARTESIAN_POINT('Line Origine',(-172.904117139,413.774873876,149.641894997)) ;
#1113=CARTESIAN_POINT('Vertex',(-173.001327006,414.737410645,149.89502186)) ;
#1116=CARTESIAN_POINT('Axis2P3D Location',(-166.536674771,415.285985266,150.291679617)) ;
#1120=CARTESIAN_POINT('Vertex',(-160.072022537,415.834559887,150.688337375)) ;
#1123=CARTESIAN_POINT('Line Origine',(-159.974812671,414.872023117,150.435210512)) ;
#1135=CARTESIAN_POINT('Axis2P3D Location',(-166.439464905,414.323448497,150.038552754)) ;
#1140=CARTESIAN_POINT('Axis2P3D Location',(-166.342255039,413.360911727,149.785425891)) ;
#1145=CARTESIAN_POINT('Axis2P3D Location',(-166.536674771,415.285985266,150.291679617)) ;
#1157=CARTESIAN_POINT('Axis2P3D Location',(-166.536674771,415.285985266,150.291679617)) ;
#1168=CARTESIAN_POINT('Control Point',(-159.877602805,413.909486348,150.182083649)) ;
#1169=CARTESIAN_POINT('Control Point',(-159.634664101,415.584422536,143.906291304)) ;
#1170=CARTESIAN_POINT('Control Point',(-165.977846984,415.873316009,140.371737374)) ;
#1171=CARTESIAN_POINT('Control Point',(-172.56396857,414.487273294,143.112975789)) ;
#1172=CARTESIAN_POINT('Control Point',(-172.806907273,412.812337106,149.388768134)) ;
#1173=CARTESIAN_POINT('Control Point',(-159.235315245,407.541084543,148.52165442)) ;
#1174=CARTESIAN_POINT('Control Point',(-158.992647425,409.356410522,142.283319996)) ;
#1175=CARTESIAN_POINT('Control Point',(-165.285249072,409.22202449,138.623395587)) ;
#1176=CARTESIAN_POINT('Control Point',(-171.820518538,407.272312478,141.2018056)) ;
#1177=CARTESIAN_POINT('Control Point',(-172.063186359,405.4569865,147.440140024)) ;
#1178=CARTESIAN_POINT('Control Point',(-157.934510318,401.289616615,146.727305732)) ;
#1179=CARTESIAN_POINT('Control Point',(-157.70739864,403.250325996,140.531375521)) ;
#1180=CARTESIAN_POINT('Control Point',(-163.904067125,402.689068285,136.734222694)) ;
#1181=CARTESIAN_POINT('Control Point',(-170.327847048,400.167101048,139.133000463)) ;
#1182=CARTESIAN_POINT('Control Point',(-170.554958727,398.206392008,145.328930831)) ;
#1183=CARTESIAN_POINT('Control Point',(-155.963135855,395.242140453,144.814804521)) ;
#1184=CARTESIAN_POINT('Control Point',(-155.769909551,397.342649143,138.664136072)) ;
#1185=CARTESIAN_POINT('Control Point',(-161.823210166,396.383390308,134.726085295)) ;
#1186=CARTESIAN_POINT('Control Point',(-168.069737066,393.323622781,136.938702956)) ;
#1187=CARTESIAN_POINT('Control Point',(-168.262963364,391.22311409,143.089371392)) ;
#1188=CARTESIAN_POINT('Control Point',(-150.480969171,382.866415889,140.537884698)) ;
#1189=CARTESIAN_POINT('Control Point',(-150.382765264,385.228279126,134.479370002)) ;
#1190=CARTESIAN_POINT('Control Point',(-156.087563899,383.53990462,130.262598727)) ;
#1191=CARTESIAN_POINT('Control Point',(-161.890566461,379.489666877,132.104342162)) ;
#1192=CARTESIAN_POINT('Control Point',(-161.988770375,377.12780364,138.162856872)) ;
#1193=CARTESIAN_POINT('Control Point',(-142.724271014,371.575410607,135.939853951)) ;
#1194=CARTESIAN_POINT('Control Point',(-142.739883691,374.119999343,129.957055218)) ;
#1195=CARTESIAN_POINT('Control Point',(-148.083512982,371.94207417,125.522634711)) ;
#1196=CARTESIAN_POINT('Control Point',(-153.411529573,367.219560261,127.071012921)) ;
#1197=CARTESIAN_POINT('Control Point',(-153.395916888,364.674971524,133.053811637)) ;
#1198=CARTESIAN_POINT('Control Point',(-138.111826302,365.892380022,133.444678342)) ;
#1199=CARTESIAN_POINT('Control Point',(-138.183733142,368.510678373,127.494902949)) ;
#1200=CARTESIAN_POINT('Control Point',(-143.357604229,366.138429998,122.967761651)) ;
#1201=CARTESIAN_POINT('Control Point',(-148.459568476,361.147883287,124.390395761)) ;
#1202=CARTESIAN_POINT('Control Point',(-148.387661628,358.529584935,130.340171165)) ;
#1203=CARTESIAN_POINT('Control Point',(-125.54488314,352.15468586,127.046796688)) ;
#1204=CARTESIAN_POINT('Control Point',(-125.740630958,354.918324459,121.165202351)) ;
#1205=CARTESIAN_POINT('Control Point',(-130.553118049,352.168385912,116.450308786)) ;
#1206=CARTESIAN_POINT('Control Point',(-135.169857322,346.654808743,117.617009535)) ;
#1207=CARTESIAN_POINT('Control Point',(-134.974109515,343.891170143,123.498603854)) ;
#1208=CARTESIAN_POINT('Control Point',(-111.294297758,339.64494193,120.481673491)) ;
#1209=CARTESIAN_POINT('Control Point',(-111.562573043,342.46979313,114.633649022)) ;
#1210=CARTESIAN_POINT('Control Point',(-116.1891989,339.574728595,109.835330503)) ;
#1211=CARTESIAN_POINT('Control Point',(-120.547549473,333.854812897,110.885036489)) ;
#1212=CARTESIAN_POINT('Control Point',(-120.27927417,331.029961696,116.733060985)) ;
#1213=CARTESIAN_POINT('Control Point',(-102.36077468,332.269506764,116.460500122)) ;
#1214=CARTESIAN_POINT('Control Point',(-102.651893808,335.113286042,110.622942384)) ;
#1215=CARTESIAN_POINT('Control Point',(-107.230808554,332.180465786,105.803057445)) ;
#1216=CARTESIAN_POINT('Control Point',(-111.518604191,326.403866108,106.820730272)) ;
#1217=CARTESIAN_POINT('Control Point',(-111.227485063,323.56008683,112.658288011)) ;
#1218=CARTESIAN_POINT('Control Point',(-87.7999419557,320.398651265,109.909777801)) ;
#1219=CARTESIAN_POINT('Control Point',(-88.0975736935,323.248751612,104.075400925)) ;
#1220=CARTESIAN_POINT('Control Point',(-92.6937284684,320.325412475,99.2621261549)) ;
#1221=CARTESIAN_POINT('Control Point',(-96.9922514944,314.55197308,100.283228243)) ;
#1222=CARTESIAN_POINT('Control Point',(-96.6946197566,311.701872733,106.117605119)) ;
#1223=CARTESIAN_POINT('Control Point',(-73.5356803892,307.821279494,103.194044999)) ;
#1224=CARTESIAN_POINT('Control Point',(-73.7858799991,310.628855187,97.3369114777)) ;
#1225=CARTESIAN_POINT('Control Point',(-78.5652551998,307.864427688,92.6099668982)) ;
#1226=CARTESIAN_POINT('Control Point',(-83.0944307974,302.292424443,93.7401558506)) ;
#1227=CARTESIAN_POINT('Control Point',(-82.8442311875,299.48484875,99.5972893723)) ;
#1228=CARTESIAN_POINT('Control Point',(-68.1987110237,302.865077923,100.608841158)) ;
#1229=CARTESIAN_POINT('Control Point',(-68.4227663375,305.648454979,94.738970437)) ;
#1230=CARTESIAN_POINT('Control Point',(-73.2966995595,302.969577438,90.0575317648)) ;
#1231=CARTESIAN_POINT('Control Point',(-77.9465774696,297.507322828,91.2459638142)) ;
#1232=CARTESIAN_POINT('Control Point',(-77.7225221507,294.723945758,97.115834529)) ;
#1233=CARTESIAN_POINT('Control Point',(-57.9700173678,292.59938022,95.4396654479)) ;
#1234=CARTESIAN_POINT('Control Point',(-58.1247426953,295.314644539,89.5349752855)) ;
#1235=CARTESIAN_POINT('Control Point',(-63.2395586652,292.86918234,84.9736072992)) ;
#1236=CARTESIAN_POINT('Control Point',(-68.1996493059,287.708455836,86.3169294751)) ;
#1237=CARTESIAN_POINT('Control Point',(-68.0449239834,284.993191531,92.2216196442)) ;
#1238=CARTESIAN_POINT('Control Point',(-48.8077486494,281.090919108,90.176220794)) ;
#1239=CARTESIAN_POINT('Control Point',(-48.8622445428,283.682334218,84.2144204842)) ;
#1240=CARTESIAN_POINT('Control Point',(-54.3104814543,281.647154984,79.8425692609)) ;
#1241=CARTESIAN_POINT('Control Point',(-59.704222474,277.020560626,81.4325183473)) ;
#1242=CARTESIAN_POINT('Control Point',(-59.6497265757,274.429145503,87.3943186507)) ;
#1243=CARTESIAN_POINT('Control Point',(-44.6312403403,275.013238623,87.5514131186)) ;
#1244=CARTESIAN_POINT('Control Point',(-44.6292020641,277.526236827,81.5551129525)) ;
#1245=CARTESIAN_POINT('Control Point',(-50.2627785593,275.748520231,77.2964686273)) ;
#1246=CARTESIAN_POINT('Control Point',(-55.8983933257,271.45780543,79.0341244617)) ;
#1247=CARTESIAN_POINT('Control Point',(-55.9004316018,268.944807213,85.0304246245)) ;
#1248=CARTESIAN_POINT('Control Point',(-37.8452808086,262.82257108,82.6631730832)) ;
#1249=CARTESIAN_POINT('Control Point',(-37.7339672729,265.145390545,76.5898678029)) ;
#1250=CARTESIAN_POINT('Control Point',(-43.7210137102,263.986168684,72.5812034027)) ;
#1251=CARTESIAN_POINT('Control Point',(-49.8193736875,260.504127358,74.6458442884)) ;
#1252=CARTESIAN_POINT('Control Point',(-49.9306872232,258.181307905,80.7191495716)) ;
#1253=CARTESIAN_POINT('Control Point',(-33.5580539633,249.276522144,78.0078413777)) ;
#1254=CARTESIAN_POINT('Control Point',(-33.3625826362,251.342016939,71.8455948097)) ;
#1255=CARTESIAN_POINT('Control Point',(-39.6171143898,251.00869331,68.1217645322)) ;
#1256=CARTESIAN_POINT('Control Point',(-46.0671174667,248.609874886,70.5601808177)) ;
#1257=CARTESIAN_POINT('Control Point',(-46.2625887938,246.544380081,76.7224273833)) ;
#1258=CARTESIAN_POINT('Control Point',(-32.2215689366,242.728658706,75.9342035775)) ;
#1259=CARTESIAN_POINT('Control Point',(-31.9985673849,244.66256157,69.7301866179)) ;
#1260=CARTESIAN_POINT('Control Point',(-38.3396455229,244.749217352,66.1393510551)) ;
#1261=CARTESIAN_POINT('Control Point',(-44.9037261549,242.901969793,68.7525325706)) ;
#1262=CARTESIAN_POINT('Control Point',(-45.1267277082,240.968066415,74.9565497035)) ;
#1263=CARTESIAN_POINT('Control Point',(-31.5869729631,236.043959263,73.9934105308)) ;
#1264=CARTESIAN_POINT('Control Point',(-31.3519131284,237.845533505,67.7511308372)) ;
#1265=CARTESIAN_POINT('Control Point',(-37.7306701026,238.352495936,64.2816759876)) ;
#1266=CARTESIAN_POINT('Control Point',(-44.3444869119,237.057884125,67.0545008315)) ;
#1267=CARTESIAN_POINT('Control Point',(-44.5795467474,235.256309883,73.2967805251)) ;
#1268=CARTESIAN_POINT('Control Point',(-31.5947684673,229.348727735,72.2054717376)) ;
#1269=CARTESIAN_POINT('Control Point',(-31.3598552118,231.024411507,65.9295734226)) ;
#1270=CARTESIAN_POINT('Control Point',(-37.7381481403,231.929922068,62.5665494944)) ;
#1271=CARTESIAN_POINT('Control Point',(-44.3513543243,231.159748858,65.4794238811)) ;
#1272=CARTESIAN_POINT('Control Point',(-44.5862675799,229.484065086,71.755322196)) ;
#1274=CARTESIAN_POINT('Control Point',(-31.5947684673,229.348727735,72.2054717376)) ;
#1275=CARTESIAN_POINT('Control Point',(-31.3598552118,231.024411507,65.9295734226)) ;
#1276=CARTESIAN_POINT('Control Point',(-37.7381481403,231.929922068,62.5665494944)) ;
#1277=CARTESIAN_POINT('Control Point',(-44.3513543243,231.159748858,65.4794238811)) ;
#1278=CARTESIAN_POINT('Control Point',(-44.5862675799,229.484065086,71.755322196)) ;
#1279=CARTESIAN_POINT('Vertex',(-31.5947684673,229.348727735,72.2054717376)) ;
#1281=CARTESIAN_POINT('Vertex',(-44.5862675799,229.484065086,71.755322196)) ;
#1285=CARTESIAN_POINT('Control Point',(-172.806907273,412.812337106,149.388768134)) ;
#1286=CARTESIAN_POINT('Control Point',(-172.063186359,405.4569865,147.440140024)) ;
#1287=CARTESIAN_POINT('Control Point',(-170.554958727,398.206392008,145.328930831)) ;
#1288=CARTESIAN_POINT('Control Point',(-168.262963364,391.22311409,143.089371392)) ;
#1289=CARTESIAN_POINT('Control Point',(-161.988770375,377.12780364,138.162856872)) ;
#1290=CARTESIAN_POINT('Control Point',(-153.395916888,364.674971524,133.053811637)) ;
#1291=CARTESIAN_POINT('Control Point',(-148.387661628,358.529584935,130.340171165)) ;
#1292=CARTESIAN_POINT('Control Point',(-134.974109515,343.891170143,123.498603854)) ;
#1293=CARTESIAN_POINT('Control Point',(-120.27927417,331.029961696,116.733060985)) ;
#1294=CARTESIAN_POINT('Control Point',(-111.227485063,323.56008683,112.658288011)) ;
#1295=CARTESIAN_POINT('Control Point',(-96.6946197566,311.701872733,106.117605119)) ;
#1296=CARTESIAN_POINT('Control Point',(-82.8442311875,299.48484875,99.5972893723)) ;
#1297=CARTESIAN_POINT('Control Point',(-77.7225221507,294.723945758,97.115834529)) ;
#1298=CARTESIAN_POINT('Control Point',(-68.0449239834,284.993191531,92.2216196442)) ;
#1299=CARTESIAN_POINT('Control Point',(-59.6497265757,274.429145503,87.3943186507)) ;
#1300=CARTESIAN_POINT('Control Point',(-55.9004316018,268.944807213,85.0304246245)) ;
#1301=CARTESIAN_POINT('Control Point',(-49.9306872232,258.181307905,80.7191495716)) ;
#1302=CARTESIAN_POINT('Control Point',(-46.2625887938,246.544380081,76.7224273833)) ;
#1303=CARTESIAN_POINT('Control Point',(-45.1267277082,240.968066415,74.9565497035)) ;
#1304=CARTESIAN_POINT('Control Point',(-44.5795467474,235.256309883,73.2967805251)) ;
#1305=CARTESIAN_POINT('Control Point',(-44.5862675799,229.484065086,71.755322196)) ;
#1308=CARTESIAN_POINT('Control Point',(-159.877602805,413.909486348,150.182083649)) ;
#1309=CARTESIAN_POINT('Control Point',(-159.235315245,407.541084543,148.52165442)) ;
#1310=CARTESIAN_POINT('Control Point',(-157.934510318,401.289616615,146.727305732)) ;
#1311=CARTESIAN_POINT('Control Point',(-155.963135855,395.242140453,144.814804521)) ;
#1312=CARTESIAN_POINT('Control Point',(-150.480969171,382.866415889,140.537884698)) ;
#1313=CARTESIAN_POINT('Control Point',(-142.724271014,371.575410607,135.939853951)) ;
#1314=CARTESIAN_POINT('Control Point',(-138.111826302,365.892380022,133.444678342)) ;
#1315=CARTESIAN_POINT('Control Point',(-125.54488314,352.15468586,127.046796688)) ;
#1316=CARTESIAN_POINT('Control Point',(-111.294297758,339.64494193,120.481673491)) ;
#1317=CARTESIAN_POINT('Control Point',(-102.36077468,332.269506764,116.460500122)) ;
#1318=CARTESIAN_POINT('Control Point',(-87.7999419557,320.398651265,109.909777801)) ;
#1319=CARTESIAN_POINT('Control Point',(-73.5356803892,307.821279494,103.194044999)) ;
#1320=CARTESIAN_POINT('Control Point',(-68.1987110237,302.865077923,100.608841158)) ;
#1321=CARTESIAN_POINT('Control Point',(-57.9700173678,292.59938022,95.4396654479)) ;
#1322=CARTESIAN_POINT('Control Point',(-48.8077486494,281.090919108,90.176220794)) ;
#1323=CARTESIAN_POINT('Control Point',(-44.6312403403,275.013238623,87.5514131186)) ;
#1324=CARTESIAN_POINT('Control Point',(-37.8452808086,262.82257108,82.6631730832)) ;
#1325=CARTESIAN_POINT('Control Point',(-33.5580539633,249.276522144,78.0078413777)) ;
#1326=CARTESIAN_POINT('Control Point',(-32.2215689366,242.728658706,75.9342035775)) ;
#1327=CARTESIAN_POINT('Control Point',(-31.5869729631,236.043959263,73.9934105308)) ;
#1328=CARTESIAN_POINT('Control Point',(-31.5947684673,229.348727735,72.2054717376)) ;
#1338=CARTESIAN_POINT('Control Point',(-172.806907273,412.812337106,149.388768134)) ;
#1339=CARTESIAN_POINT('Control Point',(-173.049845977,411.137400917,155.664560478)) ;
#1340=CARTESIAN_POINT('Control Point',(-166.706663095,410.848507444,159.199114408)) ;
#1341=CARTESIAN_POINT('Control Point',(-160.120541509,412.234550159,156.457875993)) ;
#1342=CARTESIAN_POINT('Control Point',(-159.877602805,413.909486348,150.182083649)) ;
#1343=CARTESIAN_POINT('Control Point',(-172.063186359,405.4569865,147.440140024)) ;
#1344=CARTESIAN_POINT('Control Point',(-172.305854178,403.641660519,153.678474448)) ;
#1345=CARTESIAN_POINT('Control Point',(-166.013252532,403.776046553,157.338398858)) ;
#1346=CARTESIAN_POINT('Control Point',(-159.477983065,405.725758563,154.759988844)) ;
#1347=CARTESIAN_POINT('Control Point',(-159.235315245,407.541084543,148.52165442)) ;
#1348=CARTESIAN_POINT('Control Point',(-170.554958727,398.206392008,145.328930831)) ;
#1349=CARTESIAN_POINT('Control Point',(-170.782070151,396.245682263,151.524861271)) ;
#1350=CARTESIAN_POINT('Control Point',(-164.585401653,396.806940314,155.322013665)) ;
#1351=CARTESIAN_POINT('Control Point',(-158.161621693,399.328906774,152.923235944)) ;
#1352=CARTESIAN_POINT('Control Point',(-157.934510318,401.289616615,146.727305732)) ;
#1353=CARTESIAN_POINT('Control Point',(-168.262963364,391.22311409,143.089371392)) ;
#1354=CARTESIAN_POINT('Control Point',(-168.456189656,389.122605412,149.240039835)) ;
#1355=CARTESIAN_POINT('Control Point',(-162.402889041,390.08186426,153.178090612)) ;
#1356=CARTESIAN_POINT('Control Point',(-156.156362135,393.141631774,150.965472958)) ;
#1357=CARTESIAN_POINT('Control Point',(-155.963135855,395.242140453,144.814804521)) ;
#1358=CARTESIAN_POINT('Control Point',(-161.988770375,377.12780364,138.162856872)) ;
#1359=CARTESIAN_POINT('Control Point',(-162.086974296,374.765940389,144.221371575)) ;
#1360=CARTESIAN_POINT('Control Point',(-156.382175661,376.454314881,148.43814285)) ;
#1361=CARTESIAN_POINT('Control Point',(-150.579173105,380.504552638,146.596399408)) ;
#1362=CARTESIAN_POINT('Control Point',(-150.480969171,382.866415889,140.537884698)) ;
#1363=CARTESIAN_POINT('Control Point',(-153.395916888,364.674971524,133.053811637)) ;
#1364=CARTESIAN_POINT('Control Point',(-153.380304196,362.130382803,139.036610362)) ;
#1365=CARTESIAN_POINT('Control Point',(-148.036674905,364.308307991,143.471030869)) ;
#1366=CARTESIAN_POINT('Control Point',(-142.708658306,369.030821885,141.922652667)) ;
#1367=CARTESIAN_POINT('Control Point',(-142.724271014,371.575410607,135.939853951)) ;
#1368=CARTESIAN_POINT('Control Point',(-148.387661628,358.529584935,130.340171165)) ;
#1369=CARTESIAN_POINT('Control Point',(-148.315754788,355.911286599,136.289946569)) ;
#1370=CARTESIAN_POINT('Control Point',(-143.141883701,358.283534974,140.817087867)) ;
#1371=CARTESIAN_POINT('Control Point',(-138.039919462,363.274081686,139.394453757)) ;
#1372=CARTESIAN_POINT('Control Point',(-138.111826302,365.892380022,133.444678342)) ;
#1373=CARTESIAN_POINT('Control Point',(-134.974109515,343.891170143,123.498603854)) ;
#1374=CARTESIAN_POINT('Control Point',(-134.778361697,341.12753152,129.380198174)) ;
#1375=CARTESIAN_POINT('Control Point',(-129.965874607,343.877470067,134.095091738)) ;
#1376=CARTESIAN_POINT('Control Point',(-125.349135322,349.391047237,132.928390989)) ;
#1377=CARTESIAN_POINT('Control Point',(-125.54488314,352.15468586,127.046796688)) ;
#1378=CARTESIAN_POINT('Control Point',(-120.27927417,331.029961696,116.733060985)) ;
#1379=CARTESIAN_POINT('Control Point',(-120.010998886,328.205110532,122.581085482)) ;
#1380=CARTESIAN_POINT('Control Point',(-115.384373029,331.100175067,127.379404001)) ;
#1381=CARTESIAN_POINT('Control Point',(-111.026022474,336.820090765,126.329698015)) ;
#1382=CARTESIAN_POINT('Control Point',(-111.294297758,339.64494193,120.481673491)) ;
#1383=CARTESIAN_POINT('Control Point',(-111.227485063,323.56008683,112.658288011)) ;
#1384=CARTESIAN_POINT('Control Point',(-110.936365935,320.716307444,118.495845759)) ;
#1385=CARTESIAN_POINT('Control Point',(-106.357451162,323.649127808,123.315730679)) ;
#1386=CARTESIAN_POINT('Control Point',(-102.069655543,329.42572745,122.29805787)) ;
#1387=CARTESIAN_POINT('Control Point',(-102.36077468,332.269506764,116.460500122)) ;
#1388=CARTESIAN_POINT('Control Point',(-96.6946197566,311.701872733,106.117605119)) ;
#1389=CARTESIAN_POINT('Control Point',(-96.3969880188,308.851772452,111.951981989)) ;
#1390=CARTESIAN_POINT('Control Point',(-91.8008332605,311.775111522,116.76525677)) ;
#1391=CARTESIAN_POINT('Control Point',(-87.5023102234,317.54855094,115.744154671)) ;
#1392=CARTESIAN_POINT('Control Point',(-87.7999419557,320.398651265,109.909777801)) ;
#1393=CARTESIAN_POINT('Control Point',(-82.8442311875,299.48484875,99.5972893723)) ;
#1394=CARTESIAN_POINT('Control Point',(-82.5940315776,296.677273017,105.454422897)) ;
#1395=CARTESIAN_POINT('Control Point',(-77.8146563667,299.441700556,110.18136747)) ;
#1396=CARTESIAN_POINT('Control Point',(-73.2854807759,305.013703788,109.051178524)) ;
#1397=CARTESIAN_POINT('Control Point',(-73.5356803892,307.821279494,103.194044999)) ;
#1398=CARTESIAN_POINT('Control Point',(-77.7225221507,294.723945758,97.115834529)) ;
#1399=CARTESIAN_POINT('Control Point',(-77.4984668387,291.940568689,102.98570525)) ;
#1400=CARTESIAN_POINT('Control Point',(-72.624533615,294.61944623,107.667143923)) ;
#1401=CARTESIAN_POINT('Control Point',(-67.9746557066,300.08170084,106.47871188)) ;
#1402=CARTESIAN_POINT('Control Point',(-68.1987110237,302.865077923,100.608841158)) ;
#1403=CARTESIAN_POINT('Control Point',(-68.0449239834,284.993191531,92.2216196442)) ;
#1404=CARTESIAN_POINT('Control Point',(-67.8901986541,282.277927226,98.1263098065)) ;
#1405=CARTESIAN_POINT('Control Point',(-62.7753826859,284.723389425,102.687677793)) ;
#1406=CARTESIAN_POINT('Control Point',(-57.8152920435,289.884115929,101.34435561)) ;
#1407=CARTESIAN_POINT('Control Point',(-57.9700173678,292.59938022,95.4396654479)) ;
#1408=CARTESIAN_POINT('Control Point',(-59.6497265757,274.429145503,87.3943186507)) ;
#1409=CARTESIAN_POINT('Control Point',(-59.5952306839,271.83773038,93.3561189605)) ;
#1410=CARTESIAN_POINT('Control Point',(-54.1469937708,273.872909614,97.7279701838)) ;
#1411=CARTESIAN_POINT('Control Point',(-48.7532527527,278.499503972,96.1380211039)) ;
#1412=CARTESIAN_POINT('Control Point',(-48.8077486494,281.090919108,90.176220794)) ;
#1413=CARTESIAN_POINT('Control Point',(-55.9004316018,268.944807213,85.0304246245)) ;
#1414=CARTESIAN_POINT('Control Point',(-55.9024698747,266.431809009,91.0267247939)) ;
#1415=CARTESIAN_POINT('Control Point',(-50.2688933877,268.209525605,95.285369119)) ;
#1416=CARTESIAN_POINT('Control Point',(-44.6332786229,272.500240406,93.5477132782)) ;
#1417=CARTESIAN_POINT('Control Point',(-44.6312403403,275.013238623,87.5514131186)) ;
#1418=CARTESIAN_POINT('Control Point',(-49.9306872232,258.181307905,80.7191495716)) ;
#1419=CARTESIAN_POINT('Control Point',(-50.0420007618,255.85848844,86.792454849)) ;
#1420=CARTESIAN_POINT('Control Point',(-44.0549543174,257.017710301,90.8011192493)) ;
#1421=CARTESIAN_POINT('Control Point',(-37.9565943387,260.499751627,88.7364783692)) ;
#1422=CARTESIAN_POINT('Control Point',(-37.8452808086,262.82257108,82.6631730832)) ;
#1423=CARTESIAN_POINT('Control Point',(-46.2625887938,246.544380081,76.7224273833)) ;
#1424=CARTESIAN_POINT('Control Point',(-46.4580601184,244.478885286,82.8846739538)) ;
#1425=CARTESIAN_POINT('Control Point',(-40.2035283711,244.812208915,86.6085042313)) ;
#1426=CARTESIAN_POINT('Control Point',(-33.7535252954,247.211027339,84.1700879408)) ;
#1427=CARTESIAN_POINT('Control Point',(-33.5580539633,249.276522144,78.0078413777)) ;
#1428=CARTESIAN_POINT('Control Point',(-45.1267277082,240.968066415,74.9565497035)) ;
#1429=CARTESIAN_POINT('Control Point',(-45.3497293384,239.034163395,81.1605666982)) ;
#1430=CARTESIAN_POINT('Control Point',(-39.0086511106,238.947507771,84.751402377)) ;
#1431=CARTESIAN_POINT('Control Point',(-32.444570925,240.794755251,82.1382207701)) ;
#1432=CARTESIAN_POINT('Control Point',(-32.2215689366,242.728658706,75.9342035775)) ;
#1433=CARTESIAN_POINT('Control Point',(-44.5795467474,235.256309883,73.2967805251)) ;
#1434=CARTESIAN_POINT('Control Point',(-44.8146065817,233.454735642,79.5390602189)) ;
#1435=CARTESIAN_POINT('Control Point',(-38.4358496073,232.947773211,83.0085150682)) ;
#1436=CARTESIAN_POINT('Control Point',(-31.8220327982,234.242385023,80.2356902244)) ;
#1437=CARTESIAN_POINT('Control Point',(-31.5869729631,236.043959263,73.9934105308)) ;
#1438=CARTESIAN_POINT('Control Point',(-44.5862675799,229.484065086,71.755322196)) ;
#1439=CARTESIAN_POINT('Control Point',(-44.8211808355,227.808381314,78.031220511)) ;
#1440=CARTESIAN_POINT('Control Point',(-38.442887907,226.902870753,81.3942444393)) ;
#1441=CARTESIAN_POINT('Control Point',(-31.8296817229,227.673043964,78.4813700526)) ;
#1442=CARTESIAN_POINT('Control Point',(-31.5947684673,229.348727735,72.2054717376)) ;
#1444=CARTESIAN_POINT('Control Point',(-44.5862675799,229.484065086,71.755322196)) ;
#1445=CARTESIAN_POINT('Control Point',(-44.8211808355,227.808381314,78.031220511)) ;
#1446=CARTESIAN_POINT('Control Point',(-38.442887907,226.902870753,81.3942444393)) ;
#1447=CARTESIAN_POINT('Control Point',(-31.8296817229,227.673043964,78.4813700526)) ;
#1448=CARTESIAN_POINT('Control Point',(-31.5947684673,229.348727735,72.2054717376)) ;
#1457=CARTESIAN_POINT('Axis2P3D Location',(-38.0927678501,227.484110648,71.4643866291)) ;
#1462=CARTESIAN_POINT('Axis2P3D Location',(-38.0950176766,225.551824885,70.9483762913)) ;
#1466=CARTESIAN_POINT('Vertex',(-31.5992681203,225.484156209,71.1734510621)) ;
#1468=CARTESIAN_POINT('Vertex',(-44.5907672329,225.61949356,70.7233015206)) ;
#1471=CARTESIAN_POINT('Line Origine',(-44.5885174064,227.551779323,71.2393118583)) ;
#1476=CARTESIAN_POINT('Line Origine',(-31.5970182938,227.416441972,71.6894613998)) ;
#1488=CARTESIAN_POINT('Axis2P3D Location',(-38.0927678501,227.484110648,71.4643866291)) ;
#1493=CARTESIAN_POINT('Axis2P3D Location',(-38.0950176766,225.551824885,70.9483762913)) ;
#1505=CARTESIAN_POINT('Axis2P3D Location',(-38.0950176766,225.551824885,70.9483762913)) ;
#1518=CARTESIAN_POINT('Control Point',(-245.862755214,666.740492392,211.185969135)) ;
#1519=CARTESIAN_POINT('Control Point',(-246.206221639,668.522972825,204.944591537)) ;
#1520=CARTESIAN_POINT('Control Point',(-252.779357665,668.286771332,201.854188384)) ;
#1521=CARTESIAN_POINT('Control Point',(-259.009027265,666.268089408,205.00516283)) ;
#1522=CARTESIAN_POINT('Control Point',(-258.665560839,664.485608975,211.246540428)) ;
#1523=CARTESIAN_POINT('Control Point',(-244.900777846,661.235059665,209.566422358)) ;
#1524=CARTESIAN_POINT('Control Point',(-245.250758117,663.086577709,203.345119732)) ;
#1525=CARTESIAN_POINT('Control Point',(-251.85354014,663.035770853,200.303602359)) ;
#1526=CARTESIAN_POINT('Control Point',(-258.106341893,661.133445958,203.483387611)) ;
#1527=CARTESIAN_POINT('Control Point',(-257.756361621,659.281927916,209.704690238)) ;
#1528=CARTESIAN_POINT('Control Point',(-244.143817419,655.873913614,207.911731618)) ;
#1529=CARTESIAN_POINT('Control Point',(-244.499813022,657.783451028,201.708373757)) ;
#1530=CARTESIAN_POINT('Control Point',(-251.100423412,657.759913644,198.675375946)) ;
#1531=CARTESIAN_POINT('Control Point',(-257.34503847,655.826839601,201.845736118)) ;
#1532=CARTESIAN_POINT('Control Point',(-256.989042896,653.917302378,208.049094213)) ;
#1533=CARTESIAN_POINT('Control Point',(-243.3308293,650.601824436,206.210731938)) ;
#1534=CARTESIAN_POINT('Control Point',(-243.698664387,652.558334169,200.022900382)) ;
#1535=CARTESIAN_POINT('Control Point',(-250.295038967,652.457254222,196.970717697)) ;
#1536=CARTESIAN_POINT('Control Point',(-256.523578442,650.399664589,200.106366558)) ;
#1537=CARTESIAN_POINT('Control Point',(-256.155743358,648.443154868,206.294198112)) ;
#1538=CARTESIAN_POINT('Control Point',(-241.205262772,639.224052404,202.398918726)) ;
#1539=CARTESIAN_POINT('Control Point',(-241.613368321,641.254607944,196.237469044)) ;
#1540=CARTESIAN_POINT('Control Point',(-248.16419489,640.816282978,193.100716208)) ;
#1541=CARTESIAN_POINT('Control Point',(-254.30691593,638.347402416,196.125413067)) ;
#1542=CARTESIAN_POINT('Control Point',(-253.898810378,636.316846862,202.286862752)) ;
#1543=CARTESIAN_POINT('Control Point',(-238.033213509,628.343362662,198.519617209)) ;
#1544=CARTESIAN_POINT('Control Point',(-238.497205621,630.37644923,192.363157107)) ;
#1545=CARTESIAN_POINT('Control Point',(-244.918461699,629.371934336,189.084591783)) ;
#1546=CARTESIAN_POINT('Control Point',(-250.875725639,626.334332945,191.962486544)) ;
#1547=CARTESIAN_POINT('Control Point',(-250.411733532,624.301246395,198.118946642)) ;
#1548=CARTESIAN_POINT('Control Point',(-235.870851565,622.50841002,196.396715967)) ;
#1549=CARTESIAN_POINT('Control Point',(-236.36411231,624.51874883,190.234934036)) ;
#1550=CARTESIAN_POINT('Control Point',(-242.68267262,623.185564856,186.874869601)) ;
#1551=CARTESIAN_POINT('Control Point',(-248.507972195,619.842042055,189.676587111)) ;
#1552=CARTESIAN_POINT('Control Point',(-248.01471145,617.831703244,195.838369042)) ;
#1553=CARTESIAN_POINT('Control Point',(-230.171756871,609.809490745,191.776205028)) ;
#1554=CARTESIAN_POINT('Control Point',(-230.701858308,611.730768081,185.588592218)) ;
#1555=CARTESIAN_POINT('Control Point',(-236.753394633,609.720302215,182.061823805)) ;
#1556=CARTESIAN_POINT('Control Point',(-242.27482951,605.788559035,184.722668185)) ;
#1557=CARTESIAN_POINT('Control Point',(-241.744728073,603.8672817,190.910280995)) ;
#1558=CARTESIAN_POINT('Control Point',(-222.799590499,597.607764737,187.500363752)) ;
#1559=CARTESIAN_POINT('Control Point',(-223.30038136,599.388164665,181.268161505)) ;
#1560=CARTESIAN_POINT('Control Point',(-229.07845235,596.886469607,177.621658275)) ;
#1561=CARTESIAN_POINT('Control Point',(-234.355732492,592.604374594,180.207357311)) ;
#1562=CARTESIAN_POINT('Control Point',(-233.854941632,590.823974665,186.439559558)) ;
#1563=CARTESIAN_POINT('Control Point',(-218.322690937,590.950963579,185.281330872)) ;
#1564=CARTESIAN_POINT('Control Point',(-218.785110719,592.650106424,179.023265231)) ;
#1565=CARTESIAN_POINT('Control Point',(-224.439046009,589.958584099,175.330372151)) ;
#1566=CARTESIAN_POINT('Control Point',(-229.630561484,585.567918825,177.895544698)) ;
#1567=CARTESIAN_POINT('Control Point',(-229.168141702,583.868776007,184.153610339)) ;
#1568=CARTESIAN_POINT('Control Point',(-210.169033317,579.42728707,181.708112321)) ;
#1569=CARTESIAN_POINT('Control Point',(-210.541997617,580.984354349,175.406719852)) ;
#1570=CARTESIAN_POINT('Control Point',(-216.051971106,578.08047932,171.660918604)) ;
#1571=CARTESIAN_POINT('Control Point',(-221.188980319,573.619537088,174.216509835)) ;
#1572=CARTESIAN_POINT('Control Point',(-220.816016019,572.06246979,180.517902303)) ;
#1573=CARTESIAN_POINT('Control Point',(-201.772783129,567.628600512,178.596240859)) ;
#1574=CARTESIAN_POINT('Control Point',(-202.036637252,569.037655269,172.255515824)) ;
#1575=CARTESIAN_POINT('Control Point',(-207.535210415,566.121120351,168.504675056)) ;
#1576=CARTESIAN_POINT('Control Point',(-212.769929437,561.795530619,171.094559316)) ;
#1577=CARTESIAN_POINT('Control Point',(-212.506075314,560.386475877,177.43528435)) ;
#1578=CARTESIAN_POINT('Control Point',(-198.202665578,562.497657697,177.349035097)) ;
#1579=CARTESIAN_POINT('Control Point',(-198.41925364,563.842074284,170.992478342)) ;
#1580=CARTESIAN_POINT('Control Point',(-203.9384742,560.955300232,167.247998949)) ;
#1581=CARTESIAN_POINT('Control Point',(-209.241106697,556.724109609,169.860076307)) ;
#1582=CARTESIAN_POINT('Control Point',(-209.024518638,555.379693022,176.216633054)) ;
#1583=CARTESIAN_POINT('Control Point',(-191.603735761,552.542500307,175.135682329)) ;
#1584=CARTESIAN_POINT('Control Point',(-191.736819613,553.760279101,168.75110401)) ;
#1585=CARTESIAN_POINT('Control Point',(-197.342009136,550.998479567,165.035797477)) ;
#1586=CARTESIAN_POINT('Control Point',(-202.814114806,547.018901226,167.705069267)) ;
#1587=CARTESIAN_POINT('Control Point',(-202.68103095,545.801122433,174.089647592)) ;
#1588=CARTESIAN_POINT('Control Point',(-185.541248724,542.035502495,173.166611958)) ;
#1589=CARTESIAN_POINT('Control Point',(-185.616904065,543.126068848,166.758692464)) ;
#1590=CARTESIAN_POINT('Control Point',(-191.379941737,540.618212532,163.105619671)) ;
#1591=CARTESIAN_POINT('Control Point',(-197.067324067,537.019789875,165.860466368)) ;
#1592=CARTESIAN_POINT('Control Point',(-196.991668728,535.929223523,172.268385855)) ;
#1593=CARTESIAN_POINT('Control Point',(-182.845715762,536.933890091,172.28473854)) ;
#1594=CARTESIAN_POINT('Control Point',(-182.902974189,537.965629751,165.867029698)) ;
#1595=CARTESIAN_POINT('Control Point',(-188.75334983,535.606240685,162.250840049)) ;
#1596=CARTESIAN_POINT('Control Point',(-194.546467044,532.215111936,165.052359242)) ;
#1597=CARTESIAN_POINT('Control Point',(-194.489208614,531.183372276,171.47006809)) ;
#1598=CARTESIAN_POINT('Control Point',(-178.150006835,527.002952503,170.68676286)) ;
#1599=CARTESIAN_POINT('Control Point',(-178.194066844,527.933582952,164.253535602)) ;
#1600=CARTESIAN_POINT('Control Point',(-184.220881621,525.904909089,160.720471729)) ;
#1601=CARTESIAN_POINT('Control Point',(-190.20363639,522.945604798,163.620635115)) ;
#1602=CARTESIAN_POINT('Control Point',(-190.159576383,522.014974349,170.053862368)) ;
#1603=CARTESIAN_POINT('Control Point',(-174.326354172,516.657017037,169.182718445)) ;
#1604=CARTESIAN_POINT('Control Point',(-174.393792534,517.522448405,162.740843834)) ;
#1605=CARTESIAN_POINT('Control Point',(-180.592214844,515.8873186,159.307795648)) ;
#1606=CARTESIAN_POINT('Control Point',(-186.723198793,513.386757407,162.316622072)) ;
#1607=CARTESIAN_POINT('Control Point',(-186.655760429,512.521326038,168.758496687)) ;
#1608=CARTESIAN_POINT('Control Point',(-172.734305165,511.697403778,168.484854578)) ;
#1609=CARTESIAN_POINT('Control Point',(-172.820161326,512.543283339,162.040654538)) ;
#1610=CARTESIAN_POINT('Control Point',(-179.093421503,511.101982048,158.657004631)) ;
#1611=CARTESIAN_POINT('Control Point',(-185.280825524,508.814801218,161.717554766)) ;
#1612=CARTESIAN_POINT('Control Point',(-185.194969366,507.968921662,168.161754808)) ;
#1613=CARTESIAN_POINT('Control Point',(-169.167777462,498.765735715,166.685448582)) ;
#1614=CARTESIAN_POINT('Control Point',(-169.31129306,499.596047772,160.240080463)) ;
#1615=CARTESIAN_POINT('Control Point',(-175.75197302,498.651500311,156.982882628)) ;
#1616=CARTESIAN_POINT('Control Point',(-182.049137373,496.876640756,160.171052909)) ;
#1617=CARTESIAN_POINT('Control Point',(-181.905621771,496.046328692,166.616421025)) ;
#1618=CARTESIAN_POINT('Control Point',(-166.86463585,485.667173506,164.817269625)) ;
#1619=CARTESIAN_POINT('Control Point',(-167.07275205,486.56887449,158.383077283)) ;
#1620=CARTESIAN_POINT('Control Point',(-173.612094053,486.062008718,155.236175081)) ;
#1621=CARTESIAN_POINT('Control Point',(-179.943319869,484.65344202,158.523465227)) ;
#1622=CARTESIAN_POINT('Control Point',(-179.735203675,483.751741047,164.957657575)) ;
#1623=CARTESIAN_POINT('Control Point',(-165.843262864,477.670266254,163.601635877)) ;
#1624=CARTESIAN_POINT('Control Point',(-166.081357824,478.646397098,157.178744001)) ;
#1625=CARTESIAN_POINT('Control Point',(-172.654041366,478.355323587,154.085171946)) ;
#1626=CARTESIAN_POINT('Control Point',(-178.988629965,477.088119219,157.414491755)) ;
#1627=CARTESIAN_POINT('Control Point',(-178.750535022,476.111988351,163.837383625)) ;
#1628=CARTESIAN_POINT('Control Point',(-164.193954927,461.510880096,160.882534552)) ;
#1629=CARTESIAN_POINT('Control Point',(-164.471984653,462.675685318,154.491673126)) ;
#1630=CARTESIAN_POINT('Control Point',(-171.085379522,462.69916764,151.473833626)) ;
#1631=CARTESIAN_POINT('Control Point',(-177.420744647,461.557844752,154.846855562)) ;
#1632=CARTESIAN_POINT('Control Point',(-177.142714903,460.393039554,161.237716993)) ;
#1633=CARTESIAN_POINT('Control Point',(-162.936025338,445.669152653,157.595012177)) ;
#1634=CARTESIAN_POINT('Control Point',(-163.229705876,447.051603946,151.248940698)) ;
#1635=CARTESIAN_POINT('Control Point',(-169.848511881,447.170638583,148.251404111)) ;
#1636=CARTESIAN_POINT('Control Point',(-176.173637368,445.907221913,151.59993899)) ;
#1637=CARTESIAN_POINT('Control Point',(-175.879956849,444.524770595,157.946010463)) ;
#1638=CARTESIAN_POINT('Control Point',(-162.259288769,437.641522655,155.741116768)) ;
#1639=CARTESIAN_POINT('Control Point',(-162.560012213,439.129697493,149.419980738)) ;
#1640=CARTESIAN_POINT('Control Point',(-169.178748567,439.250244892,146.421636406)) ;
#1641=CARTESIAN_POINT('Control Point',(-175.496761472,437.882617465,149.744428105)) ;
#1642=CARTESIAN_POINT('Control Point',(-175.196038028,436.394442627,156.065564116)) ;
#1643=CARTESIAN_POINT('Control Point',(-161.313810539,428.183191167,153.35107828)) ;
#1644=CARTESIAN_POINT('Control Point',(-161.624363804,429.770645945,147.055467129)) ;
#1645=CARTESIAN_POINT('Control Point',(-168.240597349,429.867496655,144.050659645)) ;
#1646=CARTESIAN_POINT('Control Point',(-174.546277631,428.376892584,147.341463312)) ;
#1647=CARTESIAN_POINT('Control Point',(-174.235724366,426.789437805,153.637074467)) ;
#1648=CARTESIAN_POINT('Control Point',(-160.347003244,418.671525859,150.856542061)) ;
#1649=CARTESIAN_POINT('Control Point',(-160.660968622,420.292307736,144.569688783)) ;
#1650=CARTESIAN_POINT('Control Point',(-167.279246698,420.40918999,141.57014669)) ;
#1651=CARTESIAN_POINT('Control Point',(-173.583559395,418.905290367,144.857457875)) ;
#1652=CARTESIAN_POINT('Control Point',(-173.269594016,417.28450849,151.144311152)) ;
#1653=CARTESIAN_POINT('Control Point',(-160.190723432,417.113133568,150.445070851)) ;
#1654=CARTESIAN_POINT('Control Point',(-160.506508227,418.751994798,144.162976796)) ;
#1655=CARTESIAN_POINT('Control Point',(-167.127671714,418.89749154,141.170962478)) ;
#1656=CARTESIAN_POINT('Control Point',(-173.43305041,417.404127093,144.461042202)) ;
#1657=CARTESIAN_POINT('Control Point',(-173.117265615,415.765265841,150.743136258)) ;
#1658=CARTESIAN_POINT('Control Point',(-160.036322801,415.593372914,150.046313005)) ;
#1659=CARTESIAN_POINT('Control Point',(-160.350071786,417.212034275,143.758904362)) ;
#1660=CARTESIAN_POINT('Control Point',(-166.968254875,417.327975283,140.759115587)) ;
#1661=CARTESIAN_POINT('Control Point',(-173.272688981,415.825254929,144.046735455)) ;
#1662=CARTESIAN_POINT('Control Point',(-172.958939996,414.206593567,150.334144098)) ;
#1663=CARTESIAN_POINT('Control Point',(-159.880643517,414.051300799,149.640721134)) ;
#1664=CARTESIAN_POINT('Control Point',(-160.194707016,415.673077558,143.354131895)) ;
#1665=CARTESIAN_POINT('Control Point',(-166.813350287,415.793576865,140.355542032)) ;
#1666=CARTESIAN_POINT('Control Point',(-173.11793006,414.292299413,143.643541409)) ;
#1667=CARTESIAN_POINT('Control Point',(-172.803866561,412.670522654,149.930130648)) ;
#1669=CARTESIAN_POINT('Control Point',(-159.880643517,414.051300799,149.640721134)) ;
#1670=CARTESIAN_POINT('Control Point',(-160.194707016,415.673077558,143.354131895)) ;
#1671=CARTESIAN_POINT('Control Point',(-166.813350287,415.793576865,140.355542032)) ;
#1672=CARTESIAN_POINT('Control Point',(-173.11793006,414.292299413,143.643541409)) ;
#1673=CARTESIAN_POINT('Control Point',(-172.803866561,412.670522654,149.930130648)) ;
#1674=CARTESIAN_POINT('Vertex',(-159.880643517,414.051300799,149.640721134)) ;
#1676=CARTESIAN_POINT('Vertex',(-172.803866561,412.670522654,149.930130648)) ;
#1680=CARTESIAN_POINT('Control Point',(-258.665560839,664.485608975,211.246540428)) ;
#1681=CARTESIAN_POINT('Control Point',(-257.756361621,659.281927916,209.704690238)) ;
#1682=CARTESIAN_POINT('Control Point',(-256.989042896,653.917302378,208.049094213)) ;
#1683=CARTESIAN_POINT('Control Point',(-256.155743358,648.443154868,206.294198112)) ;
#1684=CARTESIAN_POINT('Control Point',(-253.898810378,636.316846862,202.286862752)) ;
#1685=CARTESIAN_POINT('Control Point',(-250.411733532,624.301246395,198.118946642)) ;
#1686=CARTESIAN_POINT('Control Point',(-248.01471145,617.831703244,195.838369042)) ;
#1687=CARTESIAN_POINT('Control Point',(-241.744728073,603.8672817,190.910280995)) ;
#1688=CARTESIAN_POINT('Control Point',(-233.854941632,590.823974665,186.439559558)) ;
#1689=CARTESIAN_POINT('Control Point',(-229.168141702,583.868776007,184.153610339)) ;
#1690=CARTESIAN_POINT('Control Point',(-220.816016019,572.06246979,180.517902303)) ;
#1691=CARTESIAN_POINT('Control Point',(-212.506075314,560.386475877,177.43528435)) ;
#1692=CARTESIAN_POINT('Control Point',(-209.024518638,555.379693022,176.216633054)) ;
#1693=CARTESIAN_POINT('Control Point',(-202.68103095,545.801122433,174.089647592)) ;
#1694=CARTESIAN_POINT('Control Point',(-196.991668728,535.929223523,172.268385855)) ;
#1695=CARTESIAN_POINT('Control Point',(-194.489208614,531.183372276,171.47006809)) ;
#1696=CARTESIAN_POINT('Control Point',(-190.159576383,522.014974349,170.053862368)) ;
#1697=CARTESIAN_POINT('Control Point',(-186.655760429,512.521326038,168.758496687)) ;
#1698=CARTESIAN_POINT('Control Point',(-185.194969366,507.968921662,168.161754808)) ;
#1699=CARTESIAN_POINT('Control Point',(-181.905621771,496.046328692,166.616421025)) ;
#1700=CARTESIAN_POINT('Control Point',(-179.735203675,483.751741047,164.957657575)) ;
#1701=CARTESIAN_POINT('Control Point',(-178.750535022,476.111988351,163.837383625)) ;
#1702=CARTESIAN_POINT('Control Point',(-177.142714903,460.393039554,161.237716993)) ;
#1703=CARTESIAN_POINT('Control Point',(-175.879956849,444.524770595,157.946010463)) ;
#1704=CARTESIAN_POINT('Control Point',(-175.196038028,436.394442627,156.065564116)) ;
#1705=CARTESIAN_POINT('Control Point',(-174.235724366,426.789437805,153.637074467)) ;
#1706=CARTESIAN_POINT('Control Point',(-173.269594016,417.28450849,151.144311152)) ;
#1707=CARTESIAN_POINT('Control Point',(-173.117265615,415.765265841,150.743136258)) ;
#1708=CARTESIAN_POINT('Control Point',(-172.958939996,414.206593567,150.334144098)) ;
#1709=CARTESIAN_POINT('Control Point',(-172.803866561,412.670522654,149.930130648)) ;
#1710=CARTESIAN_POINT('Vertex',(-258.665560839,664.485608975,211.246540428)) ;
#1714=CARTESIAN_POINT('Control Point',(-245.862755214,666.740492392,211.185969135)) ;
#1715=CARTESIAN_POINT('Control Point',(-246.206221639,668.522972825,204.944591537)) ;
#1716=CARTESIAN_POINT('Control Point',(-252.779357665,668.286771332,201.854188384)) ;
#1717=CARTESIAN_POINT('Control Point',(-259.009027265,666.268089408,205.00516283)) ;
#1718=CARTESIAN_POINT('Control Point',(-258.665560839,664.485608975,211.246540428)) ;
#1719=CARTESIAN_POINT('Vertex',(-245.862755214,666.740492392,211.185969135)) ;
#1723=CARTESIAN_POINT('Control Point',(-245.862755214,666.740492392,211.185969135)) ;
#1724=CARTESIAN_POINT('Control Point',(-244.900777846,661.235059665,209.566422358)) ;
#1725=CARTESIAN_POINT('Control Point',(-244.143817419,655.873913614,207.911731618)) ;
#1726=CARTESIAN_POINT('Control Point',(-243.3308293,650.601824436,206.210731938)) ;
#1727=CARTESIAN_POINT('Control Point',(-241.205262772,639.224052404,202.398918726)) ;
#1728=CARTESIAN_POINT('Control Point',(-238.033213509,628.343362662,198.519617209)) ;
#1729=CARTESIAN_POINT('Control Point',(-235.870851565,622.50841002,196.396715967)) ;
#1730=CARTESIAN_POINT('Control Point',(-230.171756871,609.809490745,191.776205028)) ;
#1731=CARTESIAN_POINT('Control Point',(-222.799590499,597.607764737,187.500363752)) ;
#1732=CARTESIAN_POINT('Control Point',(-218.322690937,590.950963579,185.281330872)) ;
#1733=CARTESIAN_POINT('Control Point',(-210.169033317,579.42728707,181.708112321)) ;
#1734=CARTESIAN_POINT('Control Point',(-201.772783129,567.628600512,178.596240859)) ;
#1735=CARTESIAN_POINT('Control Point',(-198.202665578,562.497657697,177.349035097)) ;
#1736=CARTESIAN_POINT('Control Point',(-191.603735761,552.542500307,175.135682329)) ;
#1737=CARTESIAN_POINT('Control Point',(-185.541248724,542.035502495,173.166611958)) ;
#1738=CARTESIAN_POINT('Control Point',(-182.845715762,536.933890091,172.28473854)) ;
#1739=CARTESIAN_POINT('Control Point',(-178.150006835,527.002952503,170.68676286)) ;
#1740=CARTESIAN_POINT('Control Point',(-174.326354172,516.657017037,169.182718445)) ;
#1741=CARTESIAN_POINT('Control Point',(-172.734305165,511.697403778,168.484854578)) ;
#1742=CARTESIAN_POINT('Control Point',(-169.167777462,498.765735715,166.685448582)) ;
#1743=CARTESIAN_POINT('Control Point',(-166.86463585,485.667173506,164.817269625)) ;
#1744=CARTESIAN_POINT('Control Point',(-165.843262864,477.670266254,163.601635877)) ;
#1745=CARTESIAN_POINT('Control Point',(-164.193954927,461.510880096,160.882534552)) ;
#1746=CARTESIAN_POINT('Control Point',(-162.936025338,445.669152653,157.595012177)) ;
#1747=CARTESIAN_POINT('Control Point',(-162.259288769,437.641522655,155.741116768)) ;
#1748=CARTESIAN_POINT('Control Point',(-161.313810539,428.183191167,153.35107828)) ;
#1749=CARTESIAN_POINT('Control Point',(-160.347003244,418.671525859,150.856542061)) ;
#1750=CARTESIAN_POINT('Control Point',(-160.190723432,417.113133568,150.445070851)) ;
#1751=CARTESIAN_POINT('Control Point',(-160.036322801,415.593372914,150.046313005)) ;
#1752=CARTESIAN_POINT('Control Point',(-159.880643517,414.051300799,149.640721134)) ;
#1762=CARTESIAN_POINT('Control Point',(-258.665560839,664.485608975,211.246540428)) ;
#1763=CARTESIAN_POINT('Control Point',(-258.322094414,662.703128543,217.487918027)) ;
#1764=CARTESIAN_POINT('Control Point',(-251.748958388,662.939330035,220.578321179)) ;
#1765=CARTESIAN_POINT('Control Point',(-245.519288788,664.95801196,217.427346733)) ;
#1766=CARTESIAN_POINT('Control Point',(-245.862755214,666.740492392,211.185969135)) ;
#1767=CARTESIAN_POINT('Control Point',(-257.756361621,659.281927916,209.704690238)) ;
#1768=CARTESIAN_POINT('Control Point',(-257.40638135,657.430409874,215.925992864)) ;
#1769=CARTESIAN_POINT('Control Point',(-250.803599328,657.481216727,218.967510238)) ;
#1770=CARTESIAN_POINT('Control Point',(-244.550797576,659.383541624,215.787724985)) ;
#1771=CARTESIAN_POINT('Control Point',(-244.900777846,661.235059665,209.566422358)) ;
#1772=CARTESIAN_POINT('Control Point',(-256.989042896,653.917302378,208.049094213)) ;
#1773=CARTESIAN_POINT('Control Point',(-256.63304737,652.007764756,214.252452231)) ;
#1774=CARTESIAN_POINT('Control Point',(-250.032436882,652.031301623,217.285449994)) ;
#1775=CARTESIAN_POINT('Control Point',(-243.787821936,653.964375785,214.11508977)) ;
#1776=CARTESIAN_POINT('Control Point',(-244.143817419,655.873913614,207.911731618)) ;
#1777=CARTESIAN_POINT('Control Point',(-256.155743358,648.443154868,206.294198112)) ;
#1778=CARTESIAN_POINT('Control Point',(-255.787908269,646.486645147,212.482029665)) ;
#1779=CARTESIAN_POINT('Control Point',(-249.191533695,646.587725093,215.534212356)) ;
#1780=CARTESIAN_POINT('Control Point',(-242.962994216,648.645314726,212.398563492)) ;
#1781=CARTESIAN_POINT('Control Point',(-243.3308293,650.601824436,206.210731938)) ;
#1782=CARTESIAN_POINT('Control Point',(-253.898810378,636.316846862,202.286862752)) ;
#1783=CARTESIAN_POINT('Control Point',(-253.490704832,634.286291308,208.448312437)) ;
#1784=CARTESIAN_POINT('Control Point',(-246.939878256,634.724616274,211.585065267)) ;
#1785=CARTESIAN_POINT('Control Point',(-240.797157219,637.193496836,208.560368411)) ;
#1786=CARTESIAN_POINT('Control Point',(-241.205262772,639.224052404,202.398918726)) ;
#1787=CARTESIAN_POINT('Control Point',(-250.411733532,624.301246395,198.118946642)) ;
#1788=CARTESIAN_POINT('Control Point',(-249.947741415,622.268159845,204.275406739)) ;
#1789=CARTESIAN_POINT('Control Point',(-243.526485346,623.272674738,207.553972072)) ;
#1790=CARTESIAN_POINT('Control Point',(-237.569221401,626.31027613,204.676077307)) ;
#1791=CARTESIAN_POINT('Control Point',(-238.033213509,628.343362662,198.519617209)) ;
#1792=CARTESIAN_POINT('Control Point',(-248.01471145,617.831703244,195.838369042)) ;
#1793=CARTESIAN_POINT('Control Point',(-247.521450719,615.821364434,202.000150978)) ;
#1794=CARTESIAN_POINT('Control Point',(-241.202890408,617.154548408,205.360215408)) ;
#1795=CARTESIAN_POINT('Control Point',(-235.377590838,620.49807121,202.558497903)) ;
#1796=CARTESIAN_POINT('Control Point',(-235.870851565,622.50841002,196.396715967)) ;
#1797=CARTESIAN_POINT('Control Point',(-241.744728073,603.8672817,190.910280995)) ;
#1798=CARTESIAN_POINT('Control Point',(-241.214626619,601.946004364,197.097893799)) ;
#1799=CARTESIAN_POINT('Control Point',(-235.163090294,603.95647023,200.624662218)) ;
#1800=CARTESIAN_POINT('Control Point',(-229.641655412,607.88821341,197.963817832)) ;
#1801=CARTESIAN_POINT('Control Point',(-230.171756871,609.809490745,191.776205028)) ;
#1802=CARTESIAN_POINT('Control Point',(-233.854941632,590.823974665,186.439559558)) ;
#1803=CARTESIAN_POINT('Control Point',(-233.35415079,589.043574737,192.671761811)) ;
#1804=CARTESIAN_POINT('Control Point',(-227.5760798,591.545269796,196.318265034)) ;
#1805=CARTESIAN_POINT('Control Point',(-222.298799664,595.827364809,193.732566005)) ;
#1806=CARTESIAN_POINT('Control Point',(-222.799590499,597.607764737,187.500363752)) ;
#1807=CARTESIAN_POINT('Control Point',(-229.168141702,583.868776007,184.153610339)) ;
#1808=CARTESIAN_POINT('Control Point',(-228.705721887,582.169633162,190.411675973)) ;
#1809=CARTESIAN_POINT('Control Point',(-223.051786617,584.861155487,194.10456906)) ;
#1810=CARTESIAN_POINT('Control Point',(-217.860271142,589.251820708,191.539396493)) ;
#1811=CARTESIAN_POINT('Control Point',(-218.322690937,590.950963579,185.281330872)) ;
#1812=CARTESIAN_POINT('Control Point',(-220.816016019,572.06246979,180.517902303)) ;
#1813=CARTESIAN_POINT('Control Point',(-220.443051743,570.505402511,186.819294777)) ;
#1814=CARTESIAN_POINT('Control Point',(-214.93307824,573.40927754,190.56509602)) ;
#1815=CARTESIAN_POINT('Control Point',(-209.796069026,577.87021981,188.009504804)) ;
#1816=CARTESIAN_POINT('Control Point',(-210.169033317,579.42728707,181.708112321)) ;
#1817=CARTESIAN_POINT('Control Point',(-212.506075314,560.386475877,177.43528435)) ;
#1818=CARTESIAN_POINT('Control Point',(-212.242221174,558.97742112,183.77600938)) ;
#1819=CARTESIAN_POINT('Control Point',(-206.743648021,561.893956038,187.526850152)) ;
#1820=CARTESIAN_POINT('Control Point',(-201.508928999,566.219545741,184.936965882)) ;
#1821=CARTESIAN_POINT('Control Point',(-201.772783129,567.628600512,178.596240859)) ;
#1822=CARTESIAN_POINT('Control Point',(-209.024518638,555.379693022,176.216633054)) ;
#1823=CARTESIAN_POINT('Control Point',(-208.80793058,554.03527645,182.573189805)) ;
#1824=CARTESIAN_POINT('Control Point',(-203.288710013,556.922050501,186.317669206)) ;
#1825=CARTESIAN_POINT('Control Point',(-197.986077508,561.15324111,183.705591855)) ;
#1826=CARTESIAN_POINT('Control Point',(-198.202665578,562.497657697,177.349035097)) ;
#1827=CARTESIAN_POINT('Control Point',(-202.68103095,545.801122433,174.089647592)) ;
#1828=CARTESIAN_POINT('Control Point',(-202.547947095,544.583343626,180.474225914)) ;
#1829=CARTESIAN_POINT('Control Point',(-196.942757578,547.34514316,184.18953244)) ;
#1830=CARTESIAN_POINT('Control Point',(-191.470651915,551.324721513,181.520260644)) ;
#1831=CARTESIAN_POINT('Control Point',(-191.603735761,552.542500307,175.135682329)) ;
#1832=CARTESIAN_POINT('Control Point',(-196.991668728,535.929223523,172.268385855)) ;
#1833=CARTESIAN_POINT('Control Point',(-196.91601339,534.838657182,178.676305346)) ;
#1834=CARTESIAN_POINT('Control Point',(-191.152975712,537.346513498,182.329378146)) ;
#1835=CARTESIAN_POINT('Control Point',(-185.465593377,540.944936143,179.574531455)) ;
#1836=CARTESIAN_POINT('Control Point',(-185.541248724,542.035502495,173.166611958)) ;
#1837=CARTESIAN_POINT('Control Point',(-194.489208614,531.183372276,171.47006809)) ;
#1838=CARTESIAN_POINT('Control Point',(-194.431950184,530.151632605,177.887776933)) ;
#1839=CARTESIAN_POINT('Control Point',(-188.58157454,532.511021683,181.503966582)) ;
#1840=CARTESIAN_POINT('Control Point',(-182.788457329,535.90215042,178.702447388)) ;
#1841=CARTESIAN_POINT('Control Point',(-182.845715762,536.933890091,172.28473854)) ;
#1842=CARTESIAN_POINT('Control Point',(-190.159576383,522.014974349,170.053862368)) ;
#1843=CARTESIAN_POINT('Control Point',(-190.115516377,521.08434391,176.487089627)) ;
#1844=CARTESIAN_POINT('Control Point',(-184.088701602,523.113017763,180.020153499)) ;
#1845=CARTESIAN_POINT('Control Point',(-178.105946831,526.072322064,177.119990114)) ;
#1846=CARTESIAN_POINT('Control Point',(-178.150006835,527.002952503,170.68676286)) ;
#1847=CARTESIAN_POINT('Control Point',(-186.655760429,512.521326038,168.758496687)) ;
#1848=CARTESIAN_POINT('Control Point',(-186.588322065,511.655894661,175.200371298)) ;
#1849=CARTESIAN_POINT('Control Point',(-180.389899752,513.291024475,178.633419484)) ;
#1850=CARTESIAN_POINT('Control Point',(-174.258915805,515.791585659,175.62459306)) ;
#1851=CARTESIAN_POINT('Control Point',(-174.326354172,516.657017037,169.182718445)) ;
#1852=CARTESIAN_POINT('Control Point',(-185.194969366,507.968921662,168.161754808)) ;
#1853=CARTESIAN_POINT('Control Point',(-185.109113205,507.12304211,174.605954846)) ;
#1854=CARTESIAN_POINT('Control Point',(-178.835853026,508.564343401,177.989604755)) ;
#1855=CARTESIAN_POINT('Control Point',(-172.648449005,510.851524226,174.929054617)) ;
#1856=CARTESIAN_POINT('Control Point',(-172.734305165,511.697403778,168.484854578)) ;
#1857=CARTESIAN_POINT('Control Point',(-181.905621771,496.046328692,166.616421025)) ;
#1858=CARTESIAN_POINT('Control Point',(-181.762106172,495.21601662,173.061789148)) ;
#1859=CARTESIAN_POINT('Control Point',(-175.321426216,496.160564082,176.318986979)) ;
#1860=CARTESIAN_POINT('Control Point',(-169.024261863,497.935423644,173.130816702)) ;
#1861=CARTESIAN_POINT('Control Point',(-169.167777462,498.765735715,166.685448582)) ;
#1862=CARTESIAN_POINT('Control Point',(-179.735203675,483.751741047,164.957657575)) ;
#1863=CARTESIAN_POINT('Control Point',(-179.527087475,482.850040086,171.391849911)) ;
#1864=CARTESIAN_POINT('Control Point',(-172.987745466,483.356905859,174.538752119)) ;
#1865=CARTESIAN_POINT('Control Point',(-166.65651965,484.765472545,171.251461967)) ;
#1866=CARTESIAN_POINT('Control Point',(-166.86463585,485.667173506,164.817269625)) ;
#1867=CARTESIAN_POINT('Control Point',(-178.750535022,476.111988351,163.837383625)) ;
#1868=CARTESIAN_POINT('Control Point',(-178.512440074,475.135857518,170.260275507)) ;
#1869=CARTESIAN_POINT('Control Point',(-171.939756503,475.426931041,173.353847562)) ;
#1870=CARTESIAN_POINT('Control Point',(-165.605167916,476.694135409,170.024527747)) ;
#1871=CARTESIAN_POINT('Control Point',(-165.843262864,477.670266254,163.601635877)) ;
#1872=CARTESIAN_POINT('Control Point',(-177.142714903,460.393039554,161.237716993)) ;
#1873=CARTESIAN_POINT('Control Point',(-176.864685165,459.228234319,167.628578413)) ;
#1874=CARTESIAN_POINT('Control Point',(-170.251290326,459.204751985,170.646417913)) ;
#1875=CARTESIAN_POINT('Control Point',(-163.915925189,460.346074873,167.273395983)) ;
#1876=CARTESIAN_POINT('Control Point',(-164.193954927,461.510880096,160.882534552)) ;
#1877=CARTESIAN_POINT('Control Point',(-175.879956849,444.524770595,157.946010463)) ;
#1878=CARTESIAN_POINT('Control Point',(-175.586276323,443.142319314,164.292081948)) ;
#1879=CARTESIAN_POINT('Control Point',(-168.967470286,443.02328469,167.289618536)) ;
#1880=CARTESIAN_POINT('Control Point',(-162.642344812,444.286701359,163.94108365)) ;
#1881=CARTESIAN_POINT('Control Point',(-162.936025338,445.669152653,157.595012177)) ;
#1882=CARTESIAN_POINT('Control Point',(-175.196038028,436.394442627,156.065564116)) ;
#1883=CARTESIAN_POINT('Control Point',(-174.895314566,434.906267751,162.386700141)) ;
#1884=CARTESIAN_POINT('Control Point',(-168.276578218,434.78572034,165.385044472)) ;
#1885=CARTESIAN_POINT('Control Point',(-161.958565319,436.153347792,162.062252792)) ;
#1886=CARTESIAN_POINT('Control Point',(-162.259288769,437.641522655,155.741116768)) ;
#1887=CARTESIAN_POINT('Control Point',(-174.235724366,426.789437805,153.637074467)) ;
#1888=CARTESIAN_POINT('Control Point',(-173.925171104,425.201983034,159.932685619)) ;
#1889=CARTESIAN_POINT('Control Point',(-167.308937558,425.105132327,162.937493103)) ;
#1890=CARTESIAN_POINT('Control Point',(-161.003257276,426.595736394,159.646689432)) ;
#1891=CARTESIAN_POINT('Control Point',(-161.313810539,428.183191167,153.35107828)) ;
#1892=CARTESIAN_POINT('Control Point',(-173.269594016,417.28450849,151.144311152)) ;
#1893=CARTESIAN_POINT('Control Point',(-172.955628637,415.663726612,157.43116443)) ;
#1894=CARTESIAN_POINT('Control Point',(-166.337350562,415.546844357,160.430706522)) ;
#1895=CARTESIAN_POINT('Control Point',(-160.033037865,417.050743981,157.143395338)) ;
#1896=CARTESIAN_POINT('Control Point',(-160.347003244,418.671525859,150.856542061)) ;
#1897=CARTESIAN_POINT('Control Point',(-173.117265615,415.765265841,150.743136258)) ;
#1898=CARTESIAN_POINT('Control Point',(-172.801480824,414.126404584,157.025230316)) ;
#1899=CARTESIAN_POINT('Control Point',(-166.180317326,413.980907836,160.017244643)) ;
#1900=CARTESIAN_POINT('Control Point',(-159.874938637,415.474272343,156.727164899)) ;
#1901=CARTESIAN_POINT('Control Point',(-160.190723432,417.113133568,150.445070851)) ;
#1902=CARTESIAN_POINT('Control Point',(-172.958939996,414.206593567,150.334144098)) ;
#1903=CARTESIAN_POINT('Control Point',(-172.645191012,412.587932205,156.621552741)) ;
#1904=CARTESIAN_POINT('Control Point',(-166.027007922,412.471991196,159.621341515)) ;
#1905=CARTESIAN_POINT('Control Point',(-159.722573817,413.974711551,156.333721647)) ;
#1906=CARTESIAN_POINT('Control Point',(-160.036322801,415.593372914,150.046313005)) ;
#1907=CARTESIAN_POINT('Control Point',(-172.803866561,412.670522654,149.930130648)) ;
#1908=CARTESIAN_POINT('Control Point',(-172.489803063,411.048745896,156.216719887)) ;
#1909=CARTESIAN_POINT('Control Point',(-165.871159792,410.928246589,159.21530975)) ;
#1910=CARTESIAN_POINT('Control Point',(-159.566580019,412.429524041,155.927310374)) ;
#1911=CARTESIAN_POINT('Control Point',(-159.880643517,414.051300799,149.640721134)) ;
#1913=CARTESIAN_POINT('Control Point',(-172.803866561,412.670522654,149.930130648)) ;
#1914=CARTESIAN_POINT('Control Point',(-172.489803063,411.048745896,156.216719887)) ;
#1915=CARTESIAN_POINT('Control Point',(-165.871159792,410.928246589,159.21530975)) ;
#1916=CARTESIAN_POINT('Control Point',(-159.566580019,412.429524041,155.927310374)) ;
#1917=CARTESIAN_POINT('Control Point',(-159.880643517,414.051300799,149.640721134)) ;
#1920=CARTESIAN_POINT('Control Point',(-258.665560839,664.485608975,211.246540428)) ;
#1921=CARTESIAN_POINT('Control Point',(-258.322094414,662.703128543,217.487918027)) ;
#1922=CARTESIAN_POINT('Control Point',(-251.748958388,662.939330035,220.578321179)) ;
#1923=CARTESIAN_POINT('Control Point',(-245.519288788,664.95801196,217.427346733)) ;
#1924=CARTESIAN_POINT('Control Point',(-245.862755214,666.740492392,211.185969135)) ;
#1933=CARTESIAN_POINT('Axis2P3D Location',(-252.264158027,665.613050684,211.216254782)) ;
#1943=CARTESIAN_POINT('Axis2P3D Location',(-166.342255039,413.360911727,149.785425891)) ;
#176=DIRECTION('Axis2P3D Direction',(-4.64759482906E-015,1.,2.73778886116E-013)) ;
#177=DIRECTION('Axis2P3D XDirection',(0.999780214701,-1.0931426705E-015,0.0209647869781)) ;
#181=DIRECTION('Axis2P3D Direction',(-4.64759482906E-015,1.,2.73778886116E-013)) ;
#190=DIRECTION('Vector Direction',(-4.4408920985E-015,1.,2.73558953268E-013)) ;
#197=DIRECTION('Axis2P3D Direction',(-4.64759482906E-015,1.,2.73778886116E-013)) ;
#204=DIRECTION('Vector Direction',(-4.4408920985E-015,1.,2.73558953268E-013)) ;
#216=DIRECTION('Axis2P3D Direction',(-5.71039032401E-015,1.,2.72320213424E-013)) ;
#217=DIRECTION('Axis2P3D XDirection',(-0.999780214701,9.68594973867E-026,-0.0209647869781)) ;
#221=DIRECTION('Axis2P3D Direction',(-5.71039032401E-015,1.,2.72320213424E-013)) ;
#226=DIRECTION('Axis2P3D Direction',(-5.71039032401E-015,1.,2.72320213424E-013)) ;
#238=DIRECTION('Axis2P3D Direction',(-5.1634397879E-015,1.,2.72308128442E-013)) ;
#239=DIRECTION('Axis2P3D XDirection',(0.999780151775,-5.4739438918E-016,0.0209677876186)) ;
#610=DIRECTION('Axis2P3D Direction',(-0.0332069857084,0.999448495972,1.0441842703E-014)) ;
#611=DIRECTION('Axis2P3D XDirection',(0.999224008396,0.0331995270392,0.0211936889019)) ;
#1004=DIRECTION('Axis2P3D Direction',(0.00111852169002,0.96621835125,0.257722421641)) ;
#1005=DIRECTION('Axis2P3D XDirection',(0.999443852974,-0.0096694353424,0.0319137395737)) ;
#1014=DIRECTION('Axis2P3D Direction',(-5.28907911003E-008,0.999999999997,-2.40726657378E-006)) ;
#1015=DIRECTION('Axis2P3D XDirection',(0.998747566431,1.73267256269E-007,0.0500329746121)) ;
#1055=DIRECTION('Axis2P3D Direction',(-5.28907910602E-008,0.999999999997,-2.40726657424E-006)) ;
#1056=DIRECTION('Axis2P3D XDirection',(-0.998747566431,-1.73267256252E-007,-0.0500329746121)) ;
#1084=DIRECTION('Axis2P3D Direction',(3.48519815568E-008,0.999999999997,-2.40287110151E-006)) ;
#1085=DIRECTION('Axis2P3D XDirection',(0.998747416263,8.54216649771E-008,0.0500359721471)) ;
#1096=DIRECTION('Axis2P3D Direction',(-0.0972098660107,0.962536769761,0.253126863071)) ;
#1097=DIRECTION('Axis2P3D XDirection',(0.994561882179,0.0843960955292,0.0610242703894)) ;
#1101=DIRECTION('Axis2P3D Direction',(-0.0972098660107,0.962536769761,0.253126863071)) ;
#1110=DIRECTION('Vector Direction',(-0.0972098660107,0.962536769761,0.253126863071)) ;
#1117=DIRECTION('Axis2P3D Direction',(-0.0972098660107,0.962536769761,0.253126863071)) ;
#1124=DIRECTION('Vector Direction',(-0.0972098660107,0.962536769761,0.253126863071)) ;
#1136=DIRECTION('Axis2P3D Direction',(-0.0972098660107,0.962536769761,0.253126863071)) ;
#1137=DIRECTION('Axis2P3D XDirection',(-0.994561882179,-0.0843960955292,-0.0610242703894)) ;
#1141=DIRECTION('Axis2P3D Direction',(-0.0972098660107,0.962536769761,0.253126863071)) ;
#1146=DIRECTION('Axis2P3D Direction',(-0.0972098660107,0.962536769761,0.253126863071)) ;
#1158=DIRECTION('Axis2P3D Direction',(-0.0972098660107,0.962536769761,0.253126863071)) ;
#1159=DIRECTION('Axis2P3D XDirection',(0.99456177,0.0843953221463,0.061027168164)) ;
#1458=DIRECTION('Axis2P3D Direction',(0.00112491324553,0.966142881465,0.258005168871)) ;
#1459=DIRECTION('Axis2P3D XDirection',(0.999346085582,-0.0104105654334,0.0346268878103)) ;
#1463=DIRECTION('Axis2P3D Direction',(0.00112491324553,0.966142881465,0.258005168871)) ;
#1472=DIRECTION('Vector Direction',(0.00112491324553,0.966142881465,0.258005168871)) ;
#1477=DIRECTION('Vector Direction',(0.00112491324553,0.966142881465,0.258005168871)) ;
#1489=DIRECTION('Axis2P3D Direction',(0.00112491324553,0.966142881465,0.258005168871)) ;
#1490=DIRECTION('Axis2P3D XDirection',(-0.999346085582,0.0104105654334,-0.0346268878103)) ;
#1494=DIRECTION('Axis2P3D Direction',(0.00112491324553,0.966142881465,0.258005168871)) ;
#1506=DIRECTION('Axis2P3D Direction',(0.00112491324531,0.966142881465,0.258005168871)) ;
#1507=DIRECTION('Axis2P3D XDirection',(0.999345977109,-0.0104113391609,0.0346297856341)) ;
#1934=DIRECTION('Axis2P3D Direction',(-0.165273511246,0.945892880855,0.279233458649)) ;
#1935=DIRECTION('Axis2P3D XDirection',(0.984831350187,0.173451801429,-0.0046566372044)) ;
#1944=DIRECTION('Axis2P3D Direction',(-0.0971719219753,0.962531217645,0.253162541932)) ;
#1945=DIRECTION('Axis2P3D XDirection',(0.994094215823,0.106213003709,-0.0222595577174)) ;
#48=AXIS2_PLACEMENT_3D(' ',#47,$,$) ;
#178=AXIS2_PLACEMENT_3D('Cylinder Axis2P3D',#175,#176,#177) ;
#182=AXIS2_PLACEMENT_3D('Circle Axis2P3D',#180,#181,$) ;
#198=AXIS2_PLACEMENT_3D('Circle Axis2P3D',#196,#197,$) ;
#218=AXIS2_PLACEMENT_3D('Cylinder Axis2P3D',#215,#216,#217) ;
#222=AXIS2_PLACEMENT_3D('Circle Axis2P3D',#220,#221,$) ;
#227=AXIS2_PLACEMENT_3D('Circle Axis2P3D',#225,#226,$) ;
#240=AXIS2_PLACEMENT_3D('Plane Axis2P3D',#237,#238,#239) ;
#612=AXIS2_PLACEMENT_3D('Plane Axis2P3D',#609,#610,#611) ;
#1006=AXIS2_PLACEMENT_3D('Plane Axis2P3D',#1003,#1004,#1005) ;
#1016=AXIS2_PLACEMENT_3D('Cylinder Axis2P3D',#1013,#1014,#1015) ;
#1057=AXIS2_PLACEMENT_3D('Cylinder Axis2P3D',#1054,#1055,#1056) ;
#1086=AXIS2_PLACEMENT_3D('Plane Axis2P3D',#1083,#1084,#1085) ;
#1098=AXIS2_PLACEMENT_3D('Cylinder Axis2P3D',#1095,#1096,#1097) ;
#1102=AXIS2_PLACEMENT_3D('Circle Axis2P3D',#1100,#1101,$) ;
#1118=AXIS2_PLACEMENT_3D('Circle Axis2P3D',#1116,#1117,$) ;
#1138=AXIS2_PLACEMENT_3D('Cylinder Axis2P3D',#1135,#1136,#1137) ;
#1142=AXIS2_PLACEMENT_3D('Circle Axis2P3D',#1140,#1141,$) ;
#1147=AXIS2_PLACEMENT_3D('Circle Axis2P3D',#1145,#1146,$) ;
#1160=AXIS2_PLACEMENT_3D('Plane Axis2P3D',#1157,#1158,#1159) ;
#1460=AXIS2_PLACEMENT_3D('Cylinder Axis2P3D',#1457,#1458,#1459) ;
#1464=AXIS2_PLACEMENT_3D('Circle Axis2P3D',#1462,#1463,$) ;
#1491=AXIS2_PLACEMENT_3D('Cylinder Axis2P3D',#1488,#1489,#1490) ;
#1495=AXIS2_PLACEMENT_3D('Circle Axis2P3D',#1493,#1494,$) ;
#1508=AXIS2_PLACEMENT_3D('Plane Axis2P3D',#1505,#1506,#1507) ;
#1936=AXIS2_PLACEMENT_3D('Plane Axis2P3D',#1933,#1934,#1935) ;
#1946=AXIS2_PLACEMENT_3D('Plane Axis2P3D',#1943,#1944,#1945) ;
#40=PRODUCT_DEFINITION_SHAPE(' ',' ',#14) ;
#75=COMPOSITE_CURVE('\X2\67D4602766F27EBF\X0\.1',(#62,#74),.U.) ;
#119=COMPOSITE_CURVE('\X2\67D4602766F27EBF\X0\.2',(#106,#118),.U.) ;
#156=COMPOSITE_CURVE('\X2\67D4602766F27EBF\X0\.3',(#131,#143,#155),.U.) ;
#173=COMPOSITE_CURVE('\X2\67D4602766F27EBF\X0\.4',(#172),.U.) ;
#62=COMPOSITE_CURVE_SEGMENT(.CONTINUOUS.,.T.,#61) ;
#74=COMPOSITE_CURVE_SEGMENT(.DISCONTINUOUS.,.T.,#73) ;
#106=COMPOSITE_CURVE_SEGMENT(.CONTINUOUS.,.T.,#105) ;
#118=COMPOSITE_CURVE_SEGMENT(.DISCONTINUOUS.,.T.,#117) ;
#131=COMPOSITE_CURVE_SEGMENT(.CONTINUOUS.,.T.,#130) ;
#143=COMPOSITE_CURVE_SEGMENT(.CONTINUOUS.,.T.,#142) ;
#155=COMPOSITE_CURVE_SEGMENT(.DISCONTINUOUS.,.T.,#154) ;
#172=COMPOSITE_CURVE_SEGMENT(.DISCONTINUOUS.,.T.,#171) ;
#31=APPROVAL_PERSON_ORGANIZATION(#25,#21,#19) ;
#25=PERSON_AND_ORGANIZATION(#22,#23) ;
#22=PERSON(' ',' ',' ',$,$,$) ;
#23=ORGANIZATION(' ',' ',' ') ;
#21=APPROVAL(#20,' ') ;
#20=APPROVAL_STATUS('not_yet_approved') ;
#19=APPROVAL_ROLE('APPROVER') ;
#13=DATE_AND_TIME(#11,#12) ;
#12=LOCAL_TIME(11,35,9.,#10) ;
#10=COORDINATED_UNIVERSAL_TIME_OFFSET(0,0,.AHEAD.) ;
#209=ORIENTED_EDGE('',*,*,#188,.T.) ;
#210=ORIENTED_EDGE('',*,*,#195,.F.) ;
#211=ORIENTED_EDGE('',*,*,#202,.F.) ;
#212=ORIENTED_EDGE('',*,*,#207,.T.) ;
#231=ORIENTED_EDGE('',*,*,#224,.T.) ;
#232=ORIENTED_EDGE('',*,*,#207,.F.) ;
#233=ORIENTED_EDGE('',*,*,#229,.F.) ;
#234=ORIENTED_EDGE('',*,*,#195,.T.) ;
#243=ORIENTED_EDGE('',*,*,#229,.T.) ;
#244=ORIENTED_EDGE('',*,*,#202,.T.) ;
#453=ORIENTED_EDGE('',*,*,#393,.T.) ;
#454=ORIENTED_EDGE('',*,*,#422,.F.) ;
#455=ORIENTED_EDGE('',*,*,#188,.F.) ;
#456=ORIENTED_EDGE('',*,*,#451,.T.) ;
#603=ORIENTED_EDGE('',*,*,#601,.T.) ;
#604=ORIENTED_EDGE('',*,*,#451,.F.) ;
#605=ORIENTED_EDGE('',*,*,#224,.F.) ;
#606=ORIENTED_EDGE('',*,*,#422,.T.) ;
#615=ORIENTED_EDGE('',*,*,#393,.F.) ;
#616=ORIENTED_EDGE('',*,*,#601,.F.) ;
#840=ORIENTED_EDGE('',*,*,#769,.T.) ;
#841=ORIENTED_EDGE('',*,*,#800,.F.) ;
#842=ORIENTED_EDGE('',*,*,#809,.F.) ;
#843=ORIENTED_EDGE('',*,*,#838,.T.) ;
#997=ORIENTED_EDGE('',*,*,#988,.T.) ;
#998=ORIENTED_EDGE('',*,*,#838,.F.) ;
#999=ORIENTED_EDGE('',*,*,#995,.F.) ;
#1000=ORIENTED_EDGE('',*,*,#800,.T.) ;
#1009=ORIENTED_EDGE('',*,*,#995,.T.) ;
#1010=ORIENTED_EDGE('',*,*,#809,.T.) ;
#1048=ORIENTED_EDGE('',*,*,#1038,.T.) ;
#1049=ORIENTED_EDGE('',*,*,#1042,.F.) ;
#1050=ORIENTED_EDGE('',*,*,#769,.F.) ;
#1051=ORIENTED_EDGE('',*,*,#1046,.T.) ;
#1077=ORIENTED_EDGE('',*,*,#1075,.T.) ;
#1078=ORIENTED_EDGE('',*,*,#1046,.F.) ;
#1079=ORIENTED_EDGE('',*,*,#988,.F.) ;
#1080=ORIENTED_EDGE('',*,*,#1042,.T.) ;
#1089=ORIENTED_EDGE('',*,*,#1038,.F.) ;
#1090=ORIENTED_EDGE('',*,*,#1075,.F.) ;
#1129=ORIENTED_EDGE('',*,*,#1108,.T.) ;
#1130=ORIENTED_EDGE('',*,*,#1115,.F.) ;
#1131=ORIENTED_EDGE('',*,*,#1122,.F.) ;
#1132=ORIENTED_EDGE('',*,*,#1127,.T.) ;
#1151=ORIENTED_EDGE('',*,*,#1144,.T.) ;
#1152=ORIENTED_EDGE('',*,*,#1127,.F.) ;
#1153=ORIENTED_EDGE('',*,*,#1149,.F.) ;
#1154=ORIENTED_EDGE('',*,*,#1115,.T.) ;
#1163=ORIENTED_EDGE('',*,*,#1149,.T.) ;
#1164=ORIENTED_EDGE('',*,*,#1122,.T.) ;
#1331=ORIENTED_EDGE('',*,*,#1283,.T.) ;
#1332=ORIENTED_EDGE('',*,*,#1306,.F.) ;
#1333=ORIENTED_EDGE('',*,*,#1108,.F.) ;
#1334=ORIENTED_EDGE('',*,*,#1329,.T.) ;
#1451=ORIENTED_EDGE('',*,*,#1449,.T.) ;
#1452=ORIENTED_EDGE('',*,*,#1329,.F.) ;
#1453=ORIENTED_EDGE('',*,*,#1144,.F.) ;
#1454=ORIENTED_EDGE('',*,*,#1306,.T.) ;
#1482=ORIENTED_EDGE('',*,*,#1470,.T.) ;
#1483=ORIENTED_EDGE('',*,*,#1475,.F.) ;
#1484=ORIENTED_EDGE('',*,*,#1283,.F.) ;
#1485=ORIENTED_EDGE('',*,*,#1480,.T.) ;
#1499=ORIENTED_EDGE('',*,*,#1497,.T.) ;
#1500=ORIENTED_EDGE('',*,*,#1480,.F.) ;
#1501=ORIENTED_EDGE('',*,*,#1449,.F.) ;
#1502=ORIENTED_EDGE('',*,*,#1475,.T.) ;
#1511=ORIENTED_EDGE('',*,*,#1470,.F.) ;
#1512=ORIENTED_EDGE('',*,*,#1497,.F.) ;
#1755=ORIENTED_EDGE('',*,*,#1678,.T.) ;
#1756=ORIENTED_EDGE('',*,*,#1712,.F.) ;
#1757=ORIENTED_EDGE('',*,*,#1721,.F.) ;
#1758=ORIENTED_EDGE('',*,*,#1753,.T.) ;
#1927=ORIENTED_EDGE('',*,*,#1918,.T.) ;
#1928=ORIENTED_EDGE('',*,*,#1753,.F.) ;
#1929=ORIENTED_EDGE('',*,*,#1925,.F.) ;
#1930=ORIENTED_EDGE('',*,*,#1712,.T.) ;
#1939=ORIENTED_EDGE('',*,*,#1925,.T.) ;
#1940=ORIENTED_EDGE('',*,*,#1721,.T.) ;
#1949=ORIENTED_EDGE('',*,*,#1678,.F.) ;
#1950=ORIENTED_EDGE('',*,*,#1918,.F.) ;
#174=CLOSED_SHELL('Closed Shell',(#214,#236,#246,#458,#608,#618)) ;
#622=CLOSED_SHELL('Closed Shell',(#845,#1002,#1012,#1053,#1082,#1092)) ;
#1094=CLOSED_SHELL('Closed Shell',(#1134,#1156,#1166,#1336,#1456,#1487,#1504,#1514)) ;
#1516=CLOSED_SHELL('Closed Shell',(#1760,#1932,#1942,#1952)) ;
#191=VECTOR('Line Direction',#190,1.) ;
#205=VECTOR('Line Direction',#204,1.) ;
#1111=VECTOR('Line Direction',#1110,1.) ;
#1125=VECTOR('Line Direction',#1124,1.) ;
#1473=VECTOR('Line Direction',#1472,1.) ;
#1478=VECTOR('Line Direction',#1477,1.) ;
#620=ADVANCED_BREP_SHAPE_REPRESENTATION('NONE',(#619,#1093,#1515,#1953),#46) ;
#49=SHAPE_REPRESENTATION(' ',(#48),#46) ;
#214=ADVANCED_FACE('\X2\51E04F554F53\X0\.1',(#213),#179,.T.) ;
#236=ADVANCED_FACE('\X2\51E04F554F53\X0\.1',(#235),#219,.T.) ;
#246=ADVANCED_FACE('\X2\51E04F554F53\X0\.1',(#245),#241,.T.) ;
#458=ADVANCED_FACE('\X2\51E04F554F53\X0\.1',(#457),#247,.T.) ;
#608=ADVANCED_FACE('\X2\51E04F554F53\X0\.1',(#607),#459,.T.) ;
#618=ADVANCED_FACE('\X2\51E04F554F53\X0\.1',(#617),#613,.F.) ;
#845=ADVANCED_FACE('\X2\51E04F554F53\X0\.2',(#844),#623,.T.) ;
#1002=ADVANCED_FACE('\X2\51E04F554F53\X0\.2',(#1001),#846,.T.) ;
#1012=ADVANCED_FACE('\X2\51E04F554F53\X0\.2',(#1011),#1007,.T.) ;
#1053=ADVANCED_FACE('\X2\51E04F554F53\X0\.2',(#1052),#1017,.T.) ;
#1082=ADVANCED_FACE('\X2\51E04F554F53\X0\.2',(#1081),#1058,.T.) ;
#1092=ADVANCED_FACE('\X2\51E04F554F53\X0\.2',(#1091),#1087,.F.) ;
#1134=ADVANCED_FACE('\X2\51E04F554F53\X0\.3',(#1133),#1099,.T.) ;
#1156=ADVANCED_FACE('\X2\51E04F554F53\X0\.3',(#1155),#1139,.T.) ;
#1166=ADVANCED_FACE('\X2\51E04F554F53\X0\.3',(#1165),#1161,.T.) ;
#1336=ADVANCED_FACE('\X2\51E04F554F53\X0\.3',(#1335),#1167,.T.) ;
#1456=ADVANCED_FACE('\X2\51E04F554F53\X0\.3',(#1455),#1337,.T.) ;
#1487=ADVANCED_FACE('\X2\51E04F554F53\X0\.3',(#1486),#1461,.T.) ;
#1504=ADVANCED_FACE('\X2\51E04F554F53\X0\.3',(#1503),#1492,.T.) ;
#1514=ADVANCED_FACE('\X2\51E04F554F53\X0\.3',(#1513),#1509,.F.) ;
#1760=ADVANCED_FACE('\X2\51E04F554F53\X0\.4',(#1759),#1517,.T.) ;
#1932=ADVANCED_FACE('\X2\51E04F554F53\X0\.4',(#1931),#1761,.T.) ;
#1942=ADVANCED_FACE('\X2\51E04F554F53\X0\.4',(#1941),#1937,.T.) ;
#1952=ADVANCED_FACE('\X2\51E04F554F53\X0\.4',(#1951),#1947,.F.) ;
#4=APPLICATION_PROTOCOL_DEFINITION('international standard','config_control_design',1994,#1) ;
#32=APPROVAL_DATE_TIME(#13,#21) ;
#51=B_SPLINE_CURVE_WITH_KNOTS('',6,(#52,#53,#54,#55,#56,#57,#58),.UNSPECIFIED.,.F.,.U.,(7,7),(0.,2.4376124773),.UNSPECIFIED.) ;
#63=B_SPLINE_CURVE_WITH_KNOTS('',6,(#64,#65,#66,#67,#68,#69,#70),.UNSPECIFIED.,.F.,.U.,(7,7),(2.4376124773,213.293191305),.UNSPECIFIED.) ;
#91=B_SPLINE_CURVE_WITH_KNOTS('',6,(#92,#93,#94,#95,#96,#97,#98,#99,#100,#101,#102),.UNSPECIFIED.,.F.,.U.,(7,4,7),(0.,2.0821946384,251.27783079),.UNSPECIFIED.) ;
#107=B_SPLINE_CURVE_WITH_KNOTS('',6,(#108,#109,#110,#111,#112,#113,#114),.UNSPECIFIED.,.F.,.U.,(7,7),(251.27783079,255.442220067),.UNSPECIFIED.) ;
#120=B_SPLINE_CURVE_WITH_KNOTS('',6,(#121,#122,#123,#124,#125,#126,#127),.UNSPECIFIED.,.F.,.U.,(7,7),(0.,2.09526968709),.UNSPECIFIED.) ;
#132=B_SPLINE_CURVE_WITH_KNOTS('',6,(#133,#134,#135,#136,#137,#138,#139),.UNSPECIFIED.,.F.,.U.,(7,7),(2.09526968709,258.088882059),.UNSPECIFIED.) ;
#144=B_SPLINE_CURVE_WITH_KNOTS('',6,(#145,#146,#147,#148,#149,#150,#151),.UNSPECIFIED.,.F.,.U.,(7,7),(258.088882059,262.279421433),.UNSPECIFIED.) ;
#157=B_SPLINE_CURVE_WITH_KNOTS('',6,(#158,#159,#160,#161,#162,#163,#164,#165,#166,#167,#168),.UNSPECIFIED.,.F.,.U.,(7,4,7),(0.,330.464919939,335.270007047),.UNSPECIFIED.) ;
#1018=B_SPLINE_CURVE_WITH_KNOTS('',5,(#1019,#1020,#1021,#1022,#1023,#1024,#1025,#1026,#1027,#1028,#1029,#1030,#1031,#1032,#1033),.UNSPECIFIED.,.F.,.U.,(6,3,3,3,6),(-10.2101714544,-5.10508572719,0.,5.10508572719,10.2101714544),.UNSPECIFIED.) ;
#1039=B_SPLINE_CURVE_WITH_KNOTS('',1,(#1040,#1041),.UNSPECIFIED.,.F.,.U.,(2,2),(-1.99999936008,1.99999936008),.UNSPECIFIED.) ;
#1043=B_SPLINE_CURVE_WITH_KNOTS('',1,(#1044,#1045),.UNSPECIFIED.,.F.,.U.,(2,2),(-2.00000001706,2.00000001706),.UNSPECIFIED.) ;
#1059=B_SPLINE_CURVE_WITH_KNOTS('',5,(#1060,#1061,#1062,#1063,#1064,#1065,#1066,#1067,#1068,#1069,#1070,#1071,#1072,#1073,#1074),.UNSPECIFIED.,.F.,.U.,(6,3,3,3,6),(-10.2101761242,-5.10508806208,-8.881784197E-016,5.10508806208,10.2101761242),.UNSPECIFIED.) ;
#619=MANIFOLD_SOLID_BREP('\X2\51E04F554F53\X0\.1',#174) ;
#1093=MANIFOLD_SOLID_BREP('\X2\51E04F554F53\X0\.2',#622) ;
#1515=MANIFOLD_SOLID_BREP('\X2\51E04F554F53\X0\.3',#1094) ;
#1953=MANIFOLD_SOLID_BREP('\X2\51E04F554F53\X0\.4',#1516) ;
#11=CALENDAR_DATE(2026,23,9) ;
#30=CC_DESIGN_APPROVAL(#21,(#16,#6,#14)) ;
#18=CC_DESIGN_DATE_AND_TIME_ASSIGNMENT(#13,#17,(#16)) ;
#29=CC_DESIGN_DATE_AND_TIME_ASSIGNMENT(#13,#28,(#14)) ;
#17=DATE_TIME_ROLE('classification_date') ;
#28=DATE_TIME_ROLE('creation_date') ;
#27=CC_DESIGN_PERSON_AND_ORGANIZATION_ASSIGNMENT(#25,#26,(#16)) ;
#33=CC_DESIGN_PERSON_AND_ORGANIZATION_ASSIGNMENT(#25,#34,(#6)) ;
#35=CC_DESIGN_PERSON_AND_ORGANIZATION_ASSIGNMENT(#25,#36,(#6,#14)) ;
#37=CC_DESIGN_PERSON_AND_ORGANIZATION_ASSIGNMENT(#25,#38,(#5)) ;
#26=PERSON_AND_ORGANIZATION_ROLE('classification_officer') ;
#34=PERSON_AND_ORGANIZATION_ROLE('design_supplier') ;
#36=PERSON_AND_ORGANIZATION_ROLE('creator') ;
#38=PERSON_AND_ORGANIZATION_ROLE('design_owner') ;
#39=CC_DESIGN_SECURITY_CLASSIFICATION(#16,(#6)) ;
#183=CIRCLE('generated circle',#182,6.5) ;
#199=CIRCLE('generated circle',#198,6.5) ;
#223=CIRCLE('generated circle',#222,6.5) ;
#228=CIRCLE('generated circle',#227,6.5) ;
#1103=CIRCLE('generated circle',#1102,6.5) ;
#1119=CIRCLE('generated circle',#1118,6.5) ;
#1143=CIRCLE('generated circle',#1142,6.5) ;
#1148=CIRCLE('generated circle',#1147,6.5) ;
#1465=CIRCLE('generated circle',#1464,6.5) ;
#1496=CIRCLE('generated circle',#1495,6.5) ;
#78=SHAPE_REPRESENTATION_RELATIONSHIP(' ',' ',#49,#76) ;
#621=SHAPE_REPRESENTATION_RELATIONSHIP(' ',' ',#49,#620) ;
#179=CYLINDRICAL_SURFACE('generated cylinder',#178,6.5) ;
#219=CYLINDRICAL_SURFACE('generated cylinder',#218,6.5) ;
#1017=CYLINDRICAL_SURFACE('generated cylinder',#1016,6.5) ;
#1058=CYLINDRICAL_SURFACE('generated cylinder',#1057,6.5) ;
#1099=CYLINDRICAL_SURFACE('generated cylinder',#1098,6.5) ;
#1139=CYLINDRICAL_SURFACE('generated cylinder',#1138,6.5) ;
#1461=CYLINDRICAL_SURFACE('generated cylinder',#1460,6.5) ;
#1492=CYLINDRICAL_SURFACE('generated cylinder',#1491,6.5) ;
#3=DESIGN_CONTEXT(' ',#1,'design') ;
#188=EDGE_CURVE('',#185,#187,#183,.T.) ;
#195=EDGE_CURVE('',#194,#187,#192,.F.) ;
#202=EDGE_CURVE('',#201,#194,#199,.T.) ;
#207=EDGE_CURVE('',#201,#185,#206,.F.) ;
#224=EDGE_CURVE('',#187,#185,#223,.T.) ;
#229=EDGE_CURVE('',#194,#201,#228,.T.) ;
#393=EDGE_CURVE('',#390,#392,#383,.T.) ;
#422=EDGE_CURVE('',#187,#392,#394,.T.) ;
#451=EDGE_CURVE('',#185,#390,#423,.T.) ;
#601=EDGE_CURVE('',#392,#390,#595,.T.) ;
#769=EDGE_CURVE('',#766,#768,#759,.T.) ;
#800=EDGE_CURVE('',#799,#768,#770,.T.) ;
#809=EDGE_CURVE('',#808,#799,#801,.T.) ;
#838=EDGE_CURVE('',#808,#766,#810,.T.) ;
#988=EDGE_CURVE('',#768,#766,#982,.T.) ;
#995=EDGE_CURVE('',#799,#808,#989,.T.) ;
#1038=EDGE_CURVE('',#1035,#1037,#1018,.T.) ;
#1042=EDGE_CURVE('',#768,#1037,#1039,.T.) ;
#1046=EDGE_CURVE('',#766,#1035,#1043,.T.) ;
#1075=EDGE_CURVE('',#1037,#1035,#1059,.T.) ;
#1108=EDGE_CURVE('',#1105,#1107,#1103,.T.) ;
#1115=EDGE_CURVE('',#1114,#1107,#1112,.F.) ;
#1122=EDGE_CURVE('',#1121,#1114,#1119,.T.) ;
#1127=EDGE_CURVE('',#1121,#1105,#1126,.F.) ;
#1144=EDGE_CURVE('',#1107,#1105,#1143,.T.) ;
#1149=EDGE_CURVE('',#1114,#1121,#1148,.T.) ;
#1283=EDGE_CURVE('',#1280,#1282,#1273,.T.) ;
#1306=EDGE_CURVE('',#1107,#1282,#1284,.T.) ;
#1329=EDGE_CURVE('',#1105,#1280,#1307,.T.) ;
#1449=EDGE_CURVE('',#1282,#1280,#1443,.T.) ;
#1470=EDGE_CURVE('',#1467,#1469,#1465,.T.) ;
#1475=EDGE_CURVE('',#1282,#1469,#1474,.F.) ;
#1480=EDGE_CURVE('',#1280,#1467,#1479,.F.) ;
#1497=EDGE_CURVE('',#1469,#1467,#1496,.T.) ;
#1678=EDGE_CURVE('',#1675,#1677,#1668,.T.) ;
#1712=EDGE_CURVE('',#1711,#1677,#1679,.T.) ;
#1721=EDGE_CURVE('',#1720,#1711,#1713,.T.) ;
#1753=EDGE_CURVE('',#1720,#1675,#1722,.T.) ;
#1918=EDGE_CURVE('',#1677,#1675,#1912,.T.) ;
#1925=EDGE_CURVE('',#1711,#1720,#1919,.T.) ;
#208=EDGE_LOOP('',(#209,#210,#211,#212)) ;
#230=EDGE_LOOP('',(#231,#232,#233,#234)) ;
#242=EDGE_LOOP('',(#243,#244)) ;
#452=EDGE_LOOP('',(#453,#454,#455,#456)) ;
#602=EDGE_LOOP('',(#603,#604,#605,#606)) ;
#614=EDGE_LOOP('',(#615,#616)) ;
#839=EDGE_LOOP('',(#840,#841,#842,#843)) ;
#996=EDGE_LOOP('',(#997,#998,#999,#1000)) ;
#1008=EDGE_LOOP('',(#1009,#1010)) ;
#1047=EDGE_LOOP('',(#1048,#1049,#1050,#1051)) ;
#1076=EDGE_LOOP('',(#1077,#1078,#1079,#1080)) ;
#1088=EDGE_LOOP('',(#1089,#1090)) ;
#1128=EDGE_LOOP('',(#1129,#1130,#1131,#1132)) ;
#1150=EDGE_LOOP('',(#1151,#1152,#1153,#1154)) ;
#1162=EDGE_LOOP('',(#1163,#1164)) ;
#1330=EDGE_LOOP('',(#1331,#1332,#1333,#1334)) ;
#1450=EDGE_LOOP('',(#1451,#1452,#1453,#1454)) ;
#1481=EDGE_LOOP('',(#1482,#1483,#1484,#1485)) ;
#1498=EDGE_LOOP('',(#1499,#1500,#1501,#1502)) ;
#1510=EDGE_LOOP('',(#1511,#1512)) ;
#1754=EDGE_LOOP('',(#1755,#1756,#1757,#1758)) ;
#1926=EDGE_LOOP('',(#1927,#1928,#1929,#1930)) ;
#1938=EDGE_LOOP('',(#1939,#1940)) ;
#1948=EDGE_LOOP('',(#1949,#1950)) ;
#213=FACE_OUTER_BOUND('',#208,.T.) ;
#235=FACE_OUTER_BOUND('',#230,.T.) ;
#245=FACE_OUTER_BOUND('',#242,.T.) ;
#457=FACE_OUTER_BOUND('',#452,.T.) ;
#607=FACE_OUTER_BOUND('',#602,.T.) ;
#617=FACE_OUTER_BOUND('',#614,.T.) ;
#844=FACE_OUTER_BOUND('',#839,.T.) ;
#1001=FACE_OUTER_BOUND('',#996,.T.) ;
#1011=FACE_OUTER_BOUND('',#1008,.T.) ;
#1052=FACE_OUTER_BOUND('',#1047,.T.) ;
#1081=FACE_OUTER_BOUND('',#1076,.T.) ;
#1091=FACE_OUTER_BOUND('',#1088,.T.) ;
#1133=FACE_OUTER_BOUND('',#1128,.T.) ;
#1155=FACE_OUTER_BOUND('',#1150,.T.) ;
#1165=FACE_OUTER_BOUND('',#1162,.T.) ;
#1335=FACE_OUTER_BOUND('',#1330,.T.) ;
#1455=FACE_OUTER_BOUND('',#1450,.T.) ;
#1486=FACE_OUTER_BOUND('',#1481,.T.) ;
#1503=FACE_OUTER_BOUND('',#1498,.T.) ;
#1513=FACE_OUTER_BOUND('',#1510,.T.) ;
#1759=FACE_OUTER_BOUND('',#1754,.T.) ;
#1931=FACE_OUTER_BOUND('',#1926,.T.) ;
#1941=FACE_OUTER_BOUND('',#1938,.T.) ;
#1951=FACE_OUTER_BOUND('',#1948,.T.) ;
#77=GEOMETRIC_SET('NONE',(#75,#79,#80,#81,#82,#83,#84,#85,#86,#87,#88,#89,#90,#119,#156,#173)) ;
#76=GEOMETRICALLY_BOUNDED_SURFACE_SHAPE_REPRESENTATION('NONE',(#77),#46) ;
#45=UNCERTAINTY_MEASURE_WITH_UNIT(LENGTH_MEASURE(0.005),#41,'distance_accuracy_value','CONFUSED CURVE UNCERTAINTY') ;
#192=LINE('Line',#189,#191) ;
#206=LINE('Line',#203,#205) ;
#1112=LINE('Line',#1109,#1111) ;
#1126=LINE('Line',#1123,#1125) ;
#1474=LINE('Line',#1471,#1473) ;
#1479=LINE('Line',#1476,#1478) ;
#2=MECHANICAL_CONTEXT(' ',#1,'mechanical') ;
#24=PERSONAL_ADDRESS(' ',' ',' ',' ',' ',' ',' ',' ',' ',' ',' ',' ',(#22),' ') ;
#241=PLANE('Plane',#240) ;
#613=PLANE('Plane',#612) ;
#1007=PLANE('Plane',#1006) ;
#1087=PLANE('Plane',#1086) ;
#1161=PLANE('Plane',#1160) ;
#1509=PLANE('Plane',#1508) ;
#1937=PLANE('Plane',#1936) ;
#1947=PLANE('Plane',#1946) ;
#43=PLANE_ANGLE_MEASURE_WITH_UNIT(PLANE_ANGLE_MEASURE(0.0174532925199),#42) ;
#7=PRODUCT_CATEGORY('part',$) ;
#9=PRODUCT_CATEGORY_RELATIONSHIP(' ',' ',#7,#8) ;
#6=PRODUCT_DEFINITION_FORMATION_WITH_SPECIFIED_SOURCE('',' ',#5,.NOT_KNOWN.) ;
#8=PRODUCT_RELATED_PRODUCT_CATEGORY('detail',$,(#5)) ;
#50=SHAPE_DEFINITION_REPRESENTATION(#40,#49) ;
#61=TRIMMED_CURVE('',#51,(#59),(#60),.T.,.CARTESIAN.) ;
#73=TRIMMED_CURVE('',#63,(#71),(#72),.T.,.CARTESIAN.) ;
#105=TRIMMED_CURVE('',#91,(#103),(#104),.T.,.CARTESIAN.) ;
#117=TRIMMED_CURVE('',#107,(#115),(#116),.T.,.CARTESIAN.) ;
#130=TRIMMED_CURVE('',#120,(#128),(#129),.T.,.CARTESIAN.) ;
#142=TRIMMED_CURVE('',#132,(#140),(#141),.T.,.CARTESIAN.) ;
#154=TRIMMED_CURVE('',#144,(#152),(#153),.T.,.CARTESIAN.) ;
#171=TRIMMED_CURVE('',#157,(#169),(#170),.T.,.CARTESIAN.) ;
#185=VERTEX_POINT('',#184) ;
#187=VERTEX_POINT('',#186) ;
#194=VERTEX_POINT('',#193) ;
#201=VERTEX_POINT('',#200) ;
#390=VERTEX_POINT('',#389) ;
#392=VERTEX_POINT('',#391) ;
#766=VERTEX_POINT('',#765) ;
#768=VERTEX_POINT('',#767) ;
#799=VERTEX_POINT('',#798) ;
#808=VERTEX_POINT('',#807) ;
#1035=VERTEX_POINT('',#1034) ;
#1037=VERTEX_POINT('',#1036) ;
#1105=VERTEX_POINT('',#1104) ;
#1107=VERTEX_POINT('',#1106) ;
#1114=VERTEX_POINT('',#1113) ;
#1121=VERTEX_POINT('',#1120) ;
#1280=VERTEX_POINT('',#1279) ;
#1282=VERTEX_POINT('',#1281) ;
#1467=VERTEX_POINT('',#1466) ;
#1469=VERTEX_POINT('',#1468) ;
#1675=VERTEX_POINT('',#1674) ;
#1677=VERTEX_POINT('',#1676) ;
#1711=VERTEX_POINT('',#1710) ;
#1720=VERTEX_POINT('',#1719) ;
#383=(BOUNDED_CURVE()B_SPLINE_CURVE(4,(#384,#385,#386,#387,#388),.UNSPECIFIED.,.F.,.U.)B_SPLINE_CURVE_WITH_KNOTS((5,5),(-40.8407044967,-20.4203522483),.UNSPECIFIED.)CURVE()GEOMETRIC_REPRESENTATION_ITEM()RATIONAL_B_SPLINE_CURVE((1.,0.707106781187,0.666666666667,0.707106781187,1.))REPRESENTATION_ITEM('')) ;
#394=(BOUNDED_CURVE()B_SPLINE_CURVE(5,(#395,#396,#397,#398,#399,#400,#401,#402,#403,#404,#405,#406,#407,#408,#409,#410,#411,#412,#413,#414,#415,#416,#417,#418,#419,#420,#421),.UNSPECIFIED.,.F.,.U.)B_SPLINE_CURVE_WITH_KNOTS((6,3,3,3,3,3,3,3,6),(0.,21.6214345053,53.1510846406,76.435679,89.3623568079,102.227911447,131.999908223,155.97990152,173.102354706),.UNSPECIFIED.)CURVE()GEOMETRIC_REPRESENTATION_ITEM()RATIONAL_B_SPLINE_CURVE((1.,1.,1.,1.,1.,1.,1.,1.,1.,1.,1.,1.,1.,1.,1.,1.,1.,1.,1.,1.,1.,1.,1.,1.,1.,1.,1.))REPRESENTATION_ITEM('')) ;
#423=(BOUNDED_CURVE()B_SPLINE_CURVE(5,(#424,#425,#426,#427,#428,#429,#430,#431,#432,#433,#434,#435,#436,#437,#438,#439,#440,#441,#442,#443,#444,#445,#446,#447,#448,#449,#450),.UNSPECIFIED.,.F.,.U.)B_SPLINE_CURVE_WITH_KNOTS((6,3,3,3,3,3,3,3,6),(0.,21.6214345053,53.1510846406,76.435679,89.3623568079,102.227911447,131.999908223,155.97990152,173.102354706),.UNSPECIFIED.)CURVE()GEOMETRIC_REPRESENTATION_ITEM()RATIONAL_B_SPLINE_CURVE((1.,1.,1.,1.,1.,1.,1.,1.,1.,1.,1.,1.,1.,1.,1.,1.,1.,1.,1.,1.,1.,1.,1.,1.,1.,1.,1.))REPRESENTATION_ITEM('')) ;
#595=(BOUNDED_CURVE()B_SPLINE_CURVE(4,(#596,#597,#598,#599,#600),.UNSPECIFIED.,.F.,.U.)B_SPLINE_CURVE_WITH_KNOTS((5,5),(-20.4203522483,1.58623114643E-014),.UNSPECIFIED.)CURVE()GEOMETRIC_REPRESENTATION_ITEM()RATIONAL_B_SPLINE_CURVE((1.,0.707106781187,0.666666666667,0.707106781187,1.))REPRESENTATION_ITEM('')) ;
#759=(BOUNDED_CURVE()B_SPLINE_CURVE(4,(#760,#761,#762,#763,#764),.UNSPECIFIED.,.F.,.U.)B_SPLINE_CURVE_WITH_KNOTS((5,5),(-0.0027111772112,20.4176410711),.UNSPECIFIED.)CURVE()GEOMETRIC_REPRESENTATION_ITEM()RATIONAL_B_SPLINE_CURVE((1.,0.707106781187,0.666666666667,0.707106781187,1.))REPRESENTATION_ITEM('')) ;
#770=(BOUNDED_CURVE()B_SPLINE_CURVE(5,(#771,#772,#773,#774,#775,#776,#777,#778,#779,#780,#781,#782,#783,#784,#785,#786,#787,#788,#789,#790,#791,#792,#793,#794,#795,#796,#797),.UNSPECIFIED.,.F.,.U.)B_SPLINE_CURVE_WITH_KNOTS((6,3,3,3,3,3,3,3,6),(0.,1.88561448243,3.61430541114,20.587930778,62.2471402024,92.297849447,141.903613538,190.985955252,241.283320562),.UNSPECIFIED.)CURVE()GEOMETRIC_REPRESENTATION_ITEM()RATIONAL_B_SPLINE_CURVE((1.,1.,1.,1.,1.,1.,1.,1.,1.,1.,1.,1.,1.,1.,1.,1.,1.,1.,1.,1.,1.,1.,1.,1.,1.,1.,1.))REPRESENTATION_ITEM('')) ;
#801=(BOUNDED_CURVE()B_SPLINE_CURVE(4,(#802,#803,#804,#805,#806),.UNSPECIFIED.,.F.,.U.)B_SPLINE_CURVE_WITH_KNOTS((5,5),(-0.0027111772112,20.4176410711),.UNSPECIFIED.)CURVE()GEOMETRIC_REPRESENTATION_ITEM()RATIONAL_B_SPLINE_CURVE((1.,0.707106781187,0.666666666667,0.707106781187,1.))REPRESENTATION_ITEM('')) ;
#810=(BOUNDED_CURVE()B_SPLINE_CURVE(5,(#811,#812,#813,#814,#815,#816,#817,#818,#819,#820,#821,#822,#823,#824,#825,#826,#827,#828,#829,#830,#831,#832,#833,#834,#835,#836,#837),.UNSPECIFIED.,.F.,.U.)B_SPLINE_CURVE_WITH_KNOTS((6,3,3,3,3,3,3,3,6),(0.,1.88561448243,3.61430541114,20.587930778,62.2471402024,92.297849447,141.903613538,190.985955252,241.283320562),.UNSPECIFIED.)CURVE()GEOMETRIC_REPRESENTATION_ITEM()RATIONAL_B_SPLINE_CURVE((1.,1.,1.,1.,1.,1.,1.,1.,1.,1.,1.,1.,1.,1.,1.,1.,1.,1.,1.,1.,1.,1.,1.,1.,1.,1.,1.))REPRESENTATION_ITEM('')) ;
#982=(BOUNDED_CURVE()B_SPLINE_CURVE(4,(#983,#984,#985,#986,#987),.UNSPECIFIED.,.F.,.U.)B_SPLINE_CURVE_WITH_KNOTS((5,5),(-20.4230634255,-0.0027111772112),.UNSPECIFIED.)CURVE()GEOMETRIC_REPRESENTATION_ITEM()RATIONAL_B_SPLINE_CURVE((1.,0.707106781187,0.666666666667,0.707106781187,1.))REPRESENTATION_ITEM('')) ;
#989=(BOUNDED_CURVE()B_SPLINE_CURVE(4,(#990,#991,#992,#993,#994),.UNSPECIFIED.,.F.,.U.)B_SPLINE_CURVE_WITH_KNOTS((5,5),(-20.4230634255,-0.0027111772112),.UNSPECIFIED.)CURVE()GEOMETRIC_REPRESENTATION_ITEM()RATIONAL_B_SPLINE_CURVE((1.,0.707106781187,0.666666666667,0.707106781187,1.))REPRESENTATION_ITEM('')) ;
#1273=(BOUNDED_CURVE()B_SPLINE_CURVE(4,(#1274,#1275,#1276,#1277,#1278),.UNSPECIFIED.,.F.,.U.)B_SPLINE_CURVE_WITH_KNOTS((5,5),(-40.4239835334,-20.0036312851),.UNSPECIFIED.)CURVE()GEOMETRIC_REPRESENTATION_ITEM()RATIONAL_B_SPLINE_CURVE((1.,0.707106781187,0.666666666667,0.707106781187,1.))REPRESENTATION_ITEM('')) ;
#1284=(BOUNDED_CURVE()B_SPLINE_CURVE(5,(#1285,#1286,#1287,#1288,#1289,#1290,#1291,#1292,#1293,#1294,#1295,#1296,#1297,#1298,#1299,#1300,#1301,#1302,#1303,#1304,#1305),.UNSPECIFIED.,.F.,.U.)B_SPLINE_CURVE_WITH_KNOTS((6,3,3,3,3,3,6),(0.,35.7258143009,75.8278433923,137.388080189,175.207157352,212.214279659,244.551459873),.UNSPECIFIED.)CURVE()GEOMETRIC_REPRESENTATION_ITEM()RATIONAL_B_SPLINE_CURVE((1.,1.,1.,1.,1.,1.,1.,1.,1.,1.,1.,1.,1.,1.,1.,1.,1.,1.,1.,1.,1.))REPRESENTATION_ITEM('')) ;
#1307=(BOUNDED_CURVE()B_SPLINE_CURVE(5,(#1308,#1309,#1310,#1311,#1312,#1313,#1314,#1315,#1316,#1317,#1318,#1319,#1320,#1321,#1322,#1323,#1324,#1325,#1326,#1327,#1328),.UNSPECIFIED.,.F.,.U.)B_SPLINE_CURVE_WITH_KNOTS((6,3,3,3,3,3,6),(0.,35.7258143009,75.8278433923,137.388080189,175.207157352,212.214279659,244.551459873),.UNSPECIFIED.)CURVE()GEOMETRIC_REPRESENTATION_ITEM()RATIONAL_B_SPLINE_CURVE((1.,1.,1.,1.,1.,1.,1.,1.,1.,1.,1.,1.,1.,1.,1.,1.,1.,1.,1.,1.,1.))REPRESENTATION_ITEM('')) ;
#1443=(BOUNDED_CURVE()B_SPLINE_CURVE(4,(#1444,#1445,#1446,#1447,#1448),.UNSPECIFIED.,.F.,.U.)B_SPLINE_CURVE_WITH_KNOTS((5,5),(-20.0036312851,0.416720963246),.UNSPECIFIED.)CURVE()GEOMETRIC_REPRESENTATION_ITEM()RATIONAL_B_SPLINE_CURVE((1.,0.707106781187,0.666666666667,0.707106781187,1.))REPRESENTATION_ITEM('')) ;
#1668=(BOUNDED_CURVE()B_SPLINE_CURVE(4,(#1669,#1670,#1671,#1672,#1673),.UNSPECIFIED.,.F.,.U.)B_SPLINE_CURVE_WITH_KNOTS((5,5),(-40.7025788813,-20.282226633),.UNSPECIFIED.)CURVE()GEOMETRIC_REPRESENTATION_ITEM()RATIONAL_B_SPLINE_CURVE((1.,0.707106781187,0.666666666667,0.707106781187,1.))REPRESENTATION_ITEM('')) ;
#1679=(BOUNDED_CURVE()B_SPLINE_CURVE(5,(#1680,#1681,#1682,#1683,#1684,#1685,#1686,#1687,#1688,#1689,#1690,#1691,#1692,#1693,#1694,#1695,#1696,#1697,#1698,#1699,#1700,#1701,#1702,#1703,#1704,#1705,#1706,#1707,#1708,#1709),.UNSPECIFIED.,.F.,.U.)B_SPLINE_CURVE_WITH_KNOTS((6,3,3,3,3,3,3,3,3,6),(0.,28.3150215532,62.8702432009,105.122765475,136.543915181,164.684029359,189.87265798,229.674829952,271.066547079,279.061490495),.UNSPECIFIED.)CURVE()GEOMETRIC_REPRESENTATION_ITEM()RATIONAL_B_SPLINE_CURVE((1.,1.,1.,1.,1.,1.,1.,1.,1.,1.,1.,1.,1.,1.,1.,1.,1.,1.,1.,1.,1.,1.,1.,1.,1.,1.,1.,1.,1.,1.))REPRESENTATION_ITEM('')) ;
#1713=(BOUNDED_CURVE()B_SPLINE_CURVE(4,(#1714,#1715,#1716,#1717,#1718),.UNSPECIFIED.,.F.,.U.)B_SPLINE_CURVE_WITH_KNOTS((5,5),(-40.7025788813,-20.282226633),.UNSPECIFIED.)CURVE()GEOMETRIC_REPRESENTATION_ITEM()RATIONAL_B_SPLINE_CURVE((1.,0.707106781187,0.666666666667,0.707106781187,1.))REPRESENTATION_ITEM('')) ;
#1722=(BOUNDED_CURVE()B_SPLINE_CURVE(5,(#1723,#1724,#1725,#1726,#1727,#1728,#1729,#1730,#1731,#1732,#1733,#1734,#1735,#1736,#1737,#1738,#1739,#1740,#1741,#1742,#1743,#1744,#1745,#1746,#1747,#1748,#1749,#1750,#1751,#1752),.UNSPECIFIED.,.F.,.U.)B_SPLINE_CURVE_WITH_KNOTS((6,3,3,3,3,3,3,3,3,6),(0.,28.3150215532,62.8702432009,105.122765475,136.543915181,164.684029359,189.87265798,229.674829952,271.066547079,279.061490495),.UNSPECIFIED.)CURVE()GEOMETRIC_REPRESENTATION_ITEM()RATIONAL_B_SPLINE_CURVE((1.,1.,1.,1.,1.,1.,1.,1.,1.,1.,1.,1.,1.,1.,1.,1.,1.,1.,1.,1.,1.,1.,1.,1.,1.,1.,1.,1.,1.,1.))REPRESENTATION_ITEM('')) ;
#1912=(BOUNDED_CURVE()B_SPLINE_CURVE(4,(#1913,#1914,#1915,#1916,#1917),.UNSPECIFIED.,.F.,.U.)B_SPLINE_CURVE_WITH_KNOTS((5,5),(-20.282226633,0.138125615341),.UNSPECIFIED.)CURVE()GEOMETRIC_REPRESENTATION_ITEM()RATIONAL_B_SPLINE_CURVE((1.,0.707106781187,0.666666666667,0.707106781187,1.))REPRESENTATION_ITEM('')) ;
#1919=(BOUNDED_CURVE()B_SPLINE_CURVE(4,(#1920,#1921,#1922,#1923,#1924),.UNSPECIFIED.,.F.,.U.)B_SPLINE_CURVE_WITH_KNOTS((5,5),(-20.282226633,0.138125615341),.UNSPECIFIED.)CURVE()GEOMETRIC_REPRESENTATION_ITEM()RATIONAL_B_SPLINE_CURVE((1.,0.707106781187,0.666666666667,0.707106781187,1.))REPRESENTATION_ITEM('')) ;
#247=(BOUNDED_SURFACE()B_SPLINE_SURFACE(5,4,((#248,#249,#250,#251,#252),(#253,#254,#255,#256,#257),(#258,#259,#260,#261,#262),(#263,#264,#265,#266,#267),(#268,#269,#270,#271,#272),(#273,#274,#275,#276,#277),(#278,#279,#280,#281,#282),(#283,#284,#285,#286,#287),(#288,#289,#290,#291,#292),(#293,#294,#295,#296,#297),(#298,#299,#300,#301,#302),(#303,#304,#305,#306,#307),(#308,#309,#310,#311,#312),(#313,#314,#315,#316,#317),(#318,#319,#320,#321,#322),(#323,#324,#325,#326,#327),(#328,#329,#330,#331,#332),(#333,#334,#335,#336,#337),(#338,#339,#340,#341,#342),(#343,#344,#345,#346,#347),(#348,#349,#350,#351,#352),(#353,#354,#355,#356,#357),(#358,#359,#360,#361,#362),(#363,#364,#365,#366,#367),(#368,#369,#370,#371,#372),(#373,#374,#375,#376,#377),(#378,#379,#380,#381,#382)),.UNSPECIFIED.,.F.,.F.,.U.)B_SPLINE_SURFACE_WITH_KNOTS((6,3,3,3,3,3,3,3,6),(5,5),(0.,21.6214345053,53.1510846406,76.435679,89.3623568079,102.227911447,131.999908223,155.97990152,173.102354706),(-40.8407044967,-20.4203522483),.UNSPECIFIED.)GEOMETRIC_REPRESENTATION_ITEM()RATIONAL_B_SPLINE_SURFACE(((1.,0.707106781187,0.666666666667,0.707106781187,1.),(1.,0.707106781187,0.666666666667,0.707106781187,1.),(1.,0.707106781187,0.666666666667,0.707106781187,1.),(1.,0.707106781187,0.666666666667,0.707106781187,1.),(1.,0.707106781187,0.666666666667,0.707106781187,1.),(1.,0.707106781187,0.666666666667,0.707106781187,1.),(1.,0.707106781187,0.666666666667,0.707106781187,1.),(1.,0.707106781187,0.666666666667,0.707106781187,1.),(1.,0.707106781187,0.666666666667,0.707106781187,1.),(1.,0.707106781187,0.666666666667,0.707106781187,1.),(1.,0.707106781187,0.666666666667,0.707106781187,1.),(1.,0.707106781187,0.666666666667,0.707106781187,1.),(1.,0.707106781187,0.666666666667,0.707106781187,1.),(1.,0.707106781187,0.666666666667,0.707106781187,1.),(1.,0.707106781187,0.666666666667,0.707106781187,1.),(1.,0.707106781187,0.666666666667,0.707106781187,1.),(1.,0.707106781187,0.666666666667,0.707106781187,1.),(1.,0.707106781187,0.666666666667,0.707106781187,1.),(1.,0.707106781187,0.666666666667,0.707106781187,1.),(1.,0.707106781187,0.666666666667,0.707106781187,1.),(1.,0.707106781187,0.666666666667,0.707106781187,1.),(1.,0.707106781187,0.666666666667,0.707106781187,1.),(1.,0.707106781187,0.666666666667,0.707106781187,1.),(1.,0.707106781187,0.666666666667,0.707106781187,1.),(1.,0.707106781187,0.666666666667,0.707106781187,1.),(1.,0.707106781187,0.666666666667,0.707106781187,1.),(1.,0.707106781187,0.666666666667,0.707106781187,1.)))REPRESENTATION_ITEM('Rational BSpline Surface')SURFACE()) ;
#459=(BOUNDED_SURFACE()B_SPLINE_SURFACE(5,4,((#460,#461,#462,#463,#464),(#465,#466,#467,#468,#469),(#470,#471,#472,#473,#474),(#475,#476,#477,#478,#479),(#480,#481,#482,#483,#484),(#485,#486,#487,#488,#489),(#490,#491,#492,#493,#494),(#495,#496,#497,#498,#499),(#500,#501,#502,#503,#504),(#505,#506,#507,#508,#509),(#510,#511,#512,#513,#514),(#515,#516,#517,#518,#519),(#520,#521,#522,#523,#524),(#525,#526,#527,#528,#529),(#530,#531,#532,#533,#534),(#535,#536,#537,#538,#539),(#540,#541,#542,#543,#544),(#545,#546,#547,#548,#549),(#550,#551,#552,#553,#554),(#555,#556,#557,#558,#559),(#560,#561,#562,#563,#564),(#565,#566,#567,#568,#569),(#570,#571,#572,#573,#574),(#575,#576,#577,#578,#579),(#580,#581,#582,#583,#584),(#585,#586,#587,#588,#589),(#590,#591,#592,#593,#594)),.UNSPECIFIED.,.F.,.F.,.U.)B_SPLINE_SURFACE_WITH_KNOTS((6,3,3,3,3,3,3,3,6),(5,5),(0.,21.6214345053,53.1510846406,76.435679,89.3623568079,102.227911447,131.999908223,155.97990152,173.102354706),(-20.4203522483,1.58623114643E-014),.UNSPECIFIED.)GEOMETRIC_REPRESENTATION_ITEM()RATIONAL_B_SPLINE_SURFACE(((1.,0.707106781187,0.666666666667,0.707106781187,1.),(1.,0.707106781187,0.666666666667,0.707106781187,1.),(1.,0.707106781187,0.666666666667,0.707106781187,1.),(1.,0.707106781187,0.666666666667,0.707106781187,1.),(1.,0.707106781187,0.666666666667,0.707106781187,1.),(1.,0.707106781187,0.666666666667,0.707106781187,1.),(1.,0.707106781187,0.666666666667,0.707106781187,1.),(1.,0.707106781187,0.666666666667,0.707106781187,1.),(1.,0.707106781187,0.666666666667,0.707106781187,1.),(1.,0.707106781187,0.666666666667,0.707106781187,1.),(1.,0.707106781187,0.666666666667,0.707106781187,1.),(1.,0.707106781187,0.666666666667,0.707106781187,1.),(1.,0.707106781187,0.666666666667,0.707106781187,1.),(1.,0.707106781187,0.666666666667,0.707106781187,1.),(1.,0.707106781187,0.666666666667,0.707106781187,1.),(1.,0.707106781187,0.666666666667,0.707106781187,1.),(1.,0.707106781187,0.666666666667,0.707106781187,1.),(1.,0.707106781187,0.666666666667,0.707106781187,1.),(1.,0.707106781187,0.666666666667,0.707106781187,1.),(1.,0.707106781187,0.666666666667,0.707106781187,1.),(1.,0.707106781187,0.666666666667,0.707106781187,1.),(1.,0.707106781187,0.666666666667,0.707106781187,1.),(1.,0.707106781187,0.666666666667,0.707106781187,1.),(1.,0.707106781187,0.666666666667,0.707106781187,1.),(1.,0.707106781187,0.666666666667,0.707106781187,1.),(1.,0.707106781187,0.666666666667,0.707106781187,1.),(1.,0.707106781187,0.666666666667,0.707106781187,1.)))REPRESENTATION_ITEM('Rational BSpline Surface')SURFACE()) ;
#623=(BOUNDED_SURFACE()B_SPLINE_SURFACE(5,4,((#624,#625,#626,#627,#628),(#629,#630,#631,#632,#633),(#634,#635,#636,#637,#638),(#639,#640,#641,#642,#643),(#644,#645,#646,#647,#648),(#649,#650,#651,#652,#653),(#654,#655,#656,#657,#658),(#659,#660,#661,#662,#663),(#664,#665,#666,#667,#668),(#669,#670,#671,#672,#673),(#674,#675,#676,#677,#678),(#679,#680,#681,#682,#683),(#684,#685,#686,#687,#688),(#689,#690,#691,#692,#693),(#694,#695,#696,#697,#698),(#699,#700,#701,#702,#703),(#704,#705,#706,#707,#708),(#709,#710,#711,#712,#713),(#714,#715,#716,#717,#718),(#719,#720,#721,#722,#723),(#724,#725,#726,#727,#728),(#729,#730,#731,#732,#733),(#734,#735,#736,#737,#738),(#739,#740,#741,#742,#743),(#744,#745,#746,#747,#748),(#749,#750,#751,#752,#753),(#754,#755,#756,#757,#758)),.UNSPECIFIED.,.F.,.F.,.U.)B_SPLINE_SURFACE_WITH_KNOTS((6,3,3,3,3,3,3,3,6),(5,5),(0.,1.88561448243,3.61430541114,20.587930778,62.2471402024,92.297849447,141.903613538,190.985955252,241.283320562),(-0.0027111772112,20.4176410711),.UNSPECIFIED.)GEOMETRIC_REPRESENTATION_ITEM()RATIONAL_B_SPLINE_SURFACE(((1.,0.707106781187,0.666666666667,0.707106781187,1.),(1.,0.707106781187,0.666666666667,0.707106781187,1.),(1.,0.707106781187,0.666666666667,0.707106781187,1.),(1.,0.707106781187,0.666666666667,0.707106781187,1.),(1.,0.707106781187,0.666666666667,0.707106781187,1.),(1.,0.707106781187,0.666666666667,0.707106781187,1.),(1.,0.707106781187,0.666666666667,0.707106781187,1.),(1.,0.707106781187,0.666666666667,0.707106781187,1.),(1.,0.707106781187,0.666666666667,0.707106781187,1.),(1.,0.707106781187,0.666666666667,0.707106781187,1.),(1.,0.707106781187,0.666666666667,0.707106781187,1.),(1.,0.707106781187,0.666666666667,0.707106781187,1.),(1.,0.707106781187,0.666666666667,0.707106781187,1.),(1.,0.707106781187,0.666666666667,0.707106781187,1.),(1.,0.707106781187,0.666666666667,0.707106781187,1.),(1.,0.707106781187,0.666666666667,0.707106781187,1.),(1.,0.707106781187,0.666666666667,0.707106781187,1.),(1.,0.707106781187,0.666666666667,0.707106781187,1.),(1.,0.707106781187,0.666666666667,0.707106781187,1.),(1.,0.707106781187,0.666666666667,0.707106781187,1.),(1.,0.707106781187,0.666666666667,0.707106781187,1.),(1.,0.707106781187,0.666666666667,0.707106781187,1.),(1.,0.707106781187,0.666666666667,0.707106781187,1.),(1.,0.707106781187,0.666666666667,0.707106781187,1.),(1.,0.707106781187,0.666666666667,0.707106781187,1.),(1.,0.707106781187,0.666666666667,0.707106781187,1.),(1.,0.707106781187,0.666666666667,0.707106781187,1.)))REPRESENTATION_ITEM('Rational BSpline Surface')SURFACE()) ;
#846=(BOUNDED_SURFACE()B_SPLINE_SURFACE(5,4,((#847,#848,#849,#850,#851),(#852,#853,#854,#855,#856),(#857,#858,#859,#860,#861),(#862,#863,#864,#865,#866),(#867,#868,#869,#870,#871),(#872,#873,#874,#875,#876),(#877,#878,#879,#880,#881),(#882,#883,#884,#885,#886),(#887,#888,#889,#890,#891),(#892,#893,#894,#895,#896),(#897,#898,#899,#900,#901),(#902,#903,#904,#905,#906),(#907,#908,#909,#910,#911),(#912,#913,#914,#915,#916),(#917,#918,#919,#920,#921),(#922,#923,#924,#925,#926),(#927,#928,#929,#930,#931),(#932,#933,#934,#935,#936),(#937,#938,#939,#940,#941),(#942,#943,#944,#945,#946),(#947,#948,#949,#950,#951),(#952,#953,#954,#955,#956),(#957,#958,#959,#960,#961),(#962,#963,#964,#965,#966),(#967,#968,#969,#970,#971),(#972,#973,#974,#975,#976),(#977,#978,#979,#980,#981)),.UNSPECIFIED.,.F.,.F.,.U.)B_SPLINE_SURFACE_WITH_KNOTS((6,3,3,3,3,3,3,3,6),(5,5),(0.,1.88561448243,3.61430541114,20.587930778,62.2471402024,92.297849447,141.903613538,190.985955252,241.283320562),(-20.4230634255,-0.0027111772112),.UNSPECIFIED.)GEOMETRIC_REPRESENTATION_ITEM()RATIONAL_B_SPLINE_SURFACE(((1.,0.707106781187,0.666666666667,0.707106781187,1.),(1.,0.707106781187,0.666666666667,0.707106781187,1.),(1.,0.707106781187,0.666666666667,0.707106781187,1.),(1.,0.707106781187,0.666666666667,0.707106781187,1.),(1.,0.707106781187,0.666666666667,0.707106781187,1.),(1.,0.707106781187,0.666666666667,0.707106781187,1.),(1.,0.707106781187,0.666666666667,0.707106781187,1.),(1.,0.707106781187,0.666666666667,0.707106781187,1.),(1.,0.707106781187,0.666666666667,0.707106781187,1.),(1.,0.707106781187,0.666666666667,0.707106781187,1.),(1.,0.707106781187,0.666666666667,0.707106781187,1.),(1.,0.707106781187,0.666666666667,0.707106781187,1.),(1.,0.707106781187,0.666666666667,0.707106781187,1.),(1.,0.707106781187,0.666666666667,0.707106781187,1.),(1.,0.707106781187,0.666666666667,0.707106781187,1.),(1.,0.707106781187,0.666666666667,0.707106781187,1.),(1.,0.707106781187,0.666666666667,0.707106781187,1.),(1.,0.707106781187,0.666666666667,0.707106781187,1.),(1.,0.707106781187,0.666666666667,0.707106781187,1.),(1.,0.707106781187,0.666666666667,0.707106781187,1.),(1.,0.707106781187,0.666666666667,0.707106781187,1.),(1.,0.707106781187,0.666666666667,0.707106781187,1.),(1.,0.707106781187,0.666666666667,0.707106781187,1.),(1.,0.707106781187,0.666666666667,0.707106781187,1.),(1.,0.707106781187,0.666666666667,0.707106781187,1.),(1.,0.707106781187,0.666666666667,0.707106781187,1.),(1.,0.707106781187,0.666666666667,0.707106781187,1.)))REPRESENTATION_ITEM('Rational BSpline Surface')SURFACE()) ;
#1167=(BOUNDED_SURFACE()B_SPLINE_SURFACE(5,4,((#1168,#1169,#1170,#1171,#1172),(#1173,#1174,#1175,#1176,#1177),(#1178,#1179,#1180,#1181,#1182),(#1183,#1184,#1185,#1186,#1187),(#1188,#1189,#1190,#1191,#1192),(#1193,#1194,#1195,#1196,#1197),(#1198,#1199,#1200,#1201,#1202),(#1203,#1204,#1205,#1206,#1207),(#1208,#1209,#1210,#1211,#1212),(#1213,#1214,#1215,#1216,#1217),(#1218,#1219,#1220,#1221,#1222),(#1223,#1224,#1225,#1226,#1227),(#1228,#1229,#1230,#1231,#1232),(#1233,#1234,#1235,#1236,#1237),(#1238,#1239,#1240,#1241,#1242),(#1243,#1244,#1245,#1246,#1247),(#1248,#1249,#1250,#1251,#1252),(#1253,#1254,#1255,#1256,#1257),(#1258,#1259,#1260,#1261,#1262),(#1263,#1264,#1265,#1266,#1267),(#1268,#1269,#1270,#1271,#1272)),.UNSPECIFIED.,.F.,.F.,.U.)B_SPLINE_SURFACE_WITH_KNOTS((6,3,3,3,3,3,6),(5,5),(0.,35.7258143009,75.8278433923,137.388080189,175.207157352,212.214279659,244.551459873),(-40.4239835334,-20.0036312851),.UNSPECIFIED.)GEOMETRIC_REPRESENTATION_ITEM()RATIONAL_B_SPLINE_SURFACE(((1.,0.707106781187,0.666666666667,0.707106781187,1.),(1.,0.707106781187,0.666666666667,0.707106781187,1.),(1.,0.707106781187,0.666666666667,0.707106781187,1.),(1.,0.707106781187,0.666666666667,0.707106781187,1.),(1.,0.707106781187,0.666666666667,0.707106781187,1.),(1.,0.707106781187,0.666666666667,0.707106781187,1.),(1.,0.707106781187,0.666666666667,0.707106781187,1.),(1.,0.707106781187,0.666666666667,0.707106781187,1.),(1.,0.707106781187,0.666666666667,0.707106781187,1.),(1.,0.707106781187,0.666666666667,0.707106781187,1.),(1.,0.707106781187,0.666666666667,0.707106781187,1.),(1.,0.707106781187,0.666666666667,0.707106781187,1.),(1.,0.707106781187,0.666666666667,0.707106781187,1.),(1.,0.707106781187,0.666666666667,0.707106781187,1.),(1.,0.707106781187,0.666666666667,0.707106781187,1.),(1.,0.707106781187,0.666666666667,0.707106781187,1.),(1.,0.707106781187,0.666666666667,0.707106781187,1.),(1.,0.707106781187,0.666666666667,0.707106781187,1.),(1.,0.707106781187,0.666666666667,0.707106781187,1.),(1.,0.707106781187,0.666666666667,0.707106781187,1.),(1.,0.707106781187,0.666666666667,0.707106781187,1.)))REPRESENTATION_ITEM('Rational BSpline Surface')SURFACE()) ;
#1337=(BOUNDED_SURFACE()B_SPLINE_SURFACE(5,4,((#1338,#1339,#1340,#1341,#1342),(#1343,#1344,#1345,#1346,#1347),(#1348,#1349,#1350,#1351,#1352),(#1353,#1354,#1355,#1356,#1357),(#1358,#1359,#1360,#1361,#1362),(#1363,#1364,#1365,#1366,#1367),(#1368,#1369,#1370,#1371,#1372),(#1373,#1374,#1375,#1376,#1377),(#1378,#1379,#1380,#1381,#1382),(#1383,#1384,#1385,#1386,#1387),(#1388,#1389,#1390,#1391,#1392),(#1393,#1394,#1395,#1396,#1397),(#1398,#1399,#1400,#1401,#1402),(#1403,#1404,#1405,#1406,#1407),(#1408,#1409,#1410,#1411,#1412),(#1413,#1414,#1415,#1416,#1417),(#1418,#1419,#1420,#1421,#1422),(#1423,#1424,#1425,#1426,#1427),(#1428,#1429,#1430,#1431,#1432),(#1433,#1434,#1435,#1436,#1437),(#1438,#1439,#1440,#1441,#1442)),.UNSPECIFIED.,.F.,.F.,.U.)B_SPLINE_SURFACE_WITH_KNOTS((6,3,3,3,3,3,6),(5,5),(0.,35.7258143009,75.8278433923,137.388080189,175.207157352,212.214279659,244.551459873),(-20.0036312851,0.416720963246),.UNSPECIFIED.)GEOMETRIC_REPRESENTATION_ITEM()RATIONAL_B_SPLINE_SURFACE(((1.,0.707106781187,0.666666666667,0.707106781187,1.),(1.,0.707106781187,0.666666666667,0.707106781187,1.),(1.,0.707106781187,0.666666666667,0.707106781187,1.),(1.,0.707106781187,0.666666666667,0.707106781187,1.),(1.,0.707106781187,0.666666666667,0.707106781187,1.),(1.,0.707106781187,0.666666666667,0.707106781187,1.),(1.,0.707106781187,0.666666666667,0.707106781187,1.),(1.,0.707106781187,0.666666666667,0.707106781187,1.),(1.,0.707106781187,0.666666666667,0.707106781187,1.),(1.,0.707106781187,0.666666666667,0.707106781187,1.),(1.,0.707106781187,0.666666666667,0.707106781187,1.),(1.,0.707106781187,0.666666666667,0.707106781187,1.),(1.,0.707106781187,0.666666666667,0.707106781187,1.),(1.,0.707106781187,0.666666666667,0.707106781187,1.),(1.,0.707106781187,0.666666666667,0.707106781187,1.),(1.,0.707106781187,0.666666666667,0.707106781187,1.),(1.,0.707106781187,0.666666666667,0.707106781187,1.),(1.,0.707106781187,0.666666666667,0.707106781187,1.),(1.,0.707106781187,0.666666666667,0.707106781187,1.),(1.,0.707106781187,0.666666666667,0.707106781187,1.),(1.,0.707106781187,0.666666666667,0.707106781187,1.)))REPRESENTATION_ITEM('Rational BSpline Surface')SURFACE()) ;
#1517=(BOUNDED_SURFACE()B_SPLINE_SURFACE(5,4,((#1518,#1519,#1520,#1521,#1522),(#1523,#1524,#1525,#1526,#1527),(#1528,#1529,#1530,#1531,#1532),(#1533,#1534,#1535,#1536,#1537),(#1538,#1539,#1540,#1541,#1542),(#1543,#1544,#1545,#1546,#1547),(#1548,#1549,#1550,#1551,#1552),(#1553,#1554,#1555,#1556,#1557),(#1558,#1559,#1560,#1561,#1562),(#1563,#1564,#1565,#1566,#1567),(#1568,#1569,#1570,#1571,#1572),(#1573,#1574,#1575,#1576,#1577),(#1578,#1579,#1580,#1581,#1582),(#1583,#1584,#1585,#1586,#1587),(#1588,#1589,#1590,#1591,#1592),(#1593,#1594,#1595,#1596,#1597),(#1598,#1599,#1600,#1601,#1602),(#1603,#1604,#1605,#1606,#1607),(#1608,#1609,#1610,#1611,#1612),(#1613,#1614,#1615,#1616,#1617),(#1618,#1619,#1620,#1621,#1622),(#1623,#1624,#1625,#1626,#1627),(#1628,#1629,#1630,#1631,#1632),(#1633,#1634,#1635,#1636,#1637),(#1638,#1639,#1640,#1641,#1642),(#1643,#1644,#1645,#1646,#1647),(#1648,#1649,#1650,#1651,#1652),(#1653,#1654,#1655,#1656,#1657),(#1658,#1659,#1660,#1661,#1662),(#1663,#1664,#1665,#1666,#1667)),.UNSPECIFIED.,.F.,.F.,.U.)B_SPLINE_SURFACE_WITH_KNOTS((6,3,3,3,3,3,3,3,3,6),(5,5),(0.,28.3150215532,62.8702432009,105.122765475,136.543915181,164.684029359,189.87265798,229.674829952,271.066547079,279.061490495),(-40.7025788813,-20.282226633),.UNSPECIFIED.)GEOMETRIC_REPRESENTATION_ITEM()RATIONAL_B_SPLINE_SURFACE(((1.,0.707106781187,0.666666666667,0.707106781187,1.),(1.,0.707106781187,0.666666666667,0.707106781187,1.),(1.,0.707106781187,0.666666666667,0.707106781187,1.),(1.,0.707106781187,0.666666666667,0.707106781187,1.),(1.,0.707106781187,0.666666666667,0.707106781187,1.),(1.,0.707106781187,0.666666666667,0.707106781187,1.),(1.,0.707106781187,0.666666666667,0.707106781187,1.),(1.,0.707106781187,0.666666666667,0.707106781187,1.),(1.,0.707106781187,0.666666666667,0.707106781187,1.),(1.,0.707106781187,0.666666666667,0.707106781187,1.),(1.,0.707106781187,0.666666666667,0.707106781187,1.),(1.,0.707106781187,0.666666666667,0.707106781187,1.),(1.,0.707106781187,0.666666666667,0.707106781187,1.),(1.,0.707106781187,0.666666666667,0.707106781187,1.),(1.,0.707106781187,0.666666666667,0.707106781187,1.),(1.,0.707106781187,0.666666666667,0.707106781187,1.),(1.,0.707106781187,0.666666666667,0.707106781187,1.),(1.,0.707106781187,0.666666666667,0.707106781187,1.),(1.,0.707106781187,0.666666666667,0.707106781187,1.),(1.,0.707106781187,0.666666666667,0.707106781187,1.),(1.,0.707106781187,0.666666666667,0.707106781187,1.),(1.,0.707106781187,0.666666666667,0.707106781187,1.),(1.,0.707106781187,0.666666666667,0.707106781187,1.),(1.,0.707106781187,0.666666666667,0.707106781187,1.),(1.,0.707106781187,0.666666666667,0.707106781187,1.),(1.,0.707106781187,0.666666666667,0.707106781187,1.),(1.,0.707106781187,0.666666666667,0.707106781187,1.),(1.,0.707106781187,0.666666666667,0.707106781187,1.),(1.,0.707106781187,0.666666666667,0.707106781187,1.),(1.,0.707106781187,0.666666666667,0.707106781187,1.)))REPRESENTATION_ITEM('Rational BSpline Surface')SURFACE()) ;
#1761=(BOUNDED_SURFACE()B_SPLINE_SURFACE(5,4,((#1762,#1763,#1764,#1765,#1766),(#1767,#1768,#1769,#1770,#1771),(#1772,#1773,#1774,#1775,#1776),(#1777,#1778,#1779,#1780,#1781),(#1782,#1783,#1784,#1785,#1786),(#1787,#1788,#1789,#1790,#1791),(#1792,#1793,#1794,#1795,#1796),(#1797,#1798,#1799,#1800,#1801),(#1802,#1803,#1804,#1805,#1806),(#1807,#1808,#1809,#1810,#1811),(#1812,#1813,#1814,#1815,#1816),(#1817,#1818,#1819,#1820,#1821),(#1822,#1823,#1824,#1825,#1826),(#1827,#1828,#1829,#1830,#1831),(#1832,#1833,#1834,#1835,#1836),(#1837,#1838,#1839,#1840,#1841),(#1842,#1843,#1844,#1845,#1846),(#1847,#1848,#1849,#1850,#1851),(#1852,#1853,#1854,#1855,#1856),(#1857,#1858,#1859,#1860,#1861),(#1862,#1863,#1864,#1865,#1866),(#1867,#1868,#1869,#1870,#1871),(#1872,#1873,#1874,#1875,#1876),(#1877,#1878,#1879,#1880,#1881),(#1882,#1883,#1884,#1885,#1886),(#1887,#1888,#1889,#1890,#1891),(#1892,#1893,#1894,#1895,#1896),(#1897,#1898,#1899,#1900,#1901),(#1902,#1903,#1904,#1905,#1906),(#1907,#1908,#1909,#1910,#1911)),.UNSPECIFIED.,.F.,.F.,.U.)B_SPLINE_SURFACE_WITH_KNOTS((6,3,3,3,3,3,3,3,3,6),(5,5),(0.,28.3150215532,62.8702432009,105.122765475,136.543915181,164.684029359,189.87265798,229.674829952,271.066547079,279.061490495),(-20.282226633,0.138125615341),.UNSPECIFIED.)GEOMETRIC_REPRESENTATION_ITEM()RATIONAL_B_SPLINE_SURFACE(((1.,0.707106781187,0.666666666667,0.707106781187,1.),(1.,0.707106781187,0.666666666667,0.707106781187,1.),(1.,0.707106781187,0.666666666667,0.707106781187,1.),(1.,0.707106781187,0.666666666667,0.707106781187,1.),(1.,0.707106781187,0.666666666667,0.707106781187,1.),(1.,0.707106781187,0.666666666667,0.707106781187,1.),(1.,0.707106781187,0.666666666667,0.707106781187,1.),(1.,0.707106781187,0.666666666667,0.707106781187,1.),(1.,0.707106781187,0.666666666667,0.707106781187,1.),(1.,0.707106781187,0.666666666667,0.707106781187,1.),(1.,0.707106781187,0.666666666667,0.707106781187,1.),(1.,0.707106781187,0.666666666667,0.707106781187,1.),(1.,0.707106781187,0.666666666667,0.707106781187,1.),(1.,0.707106781187,0.666666666667,0.707106781187,1.),(1.,0.707106781187,0.666666666667,0.707106781187,1.),(1.,0.707106781187,0.666666666667,0.707106781187,1.),(1.,0.707106781187,0.666666666667,0.707106781187,1.),(1.,0.707106781187,0.666666666667,0.707106781187,1.),(1.,0.707106781187,0.666666666667,0.707106781187,1.),(1.,0.707106781187,0.666666666667,0.707106781187,1.),(1.,0.707106781187,0.666666666667,0.707106781187,1.),(1.,0.707106781187,0.666666666667,0.707106781187,1.),(1.,0.707106781187,0.666666666667,0.707106781187,1.),(1.,0.707106781187,0.666666666667,0.707106781187,1.),(1.,0.707106781187,0.666666666667,0.707106781187,1.),(1.,0.707106781187,0.666666666667,0.707106781187,1.),(1.,0.707106781187,0.666666666667,0.707106781187,1.),(1.,0.707106781187,0.666666666667,0.707106781187,1.),(1.,0.707106781187,0.666666666667,0.707106781187,1.),(1.,0.707106781187,0.666666666667,0.707106781187,1.)))REPRESENTATION_ITEM('Rational BSpline Surface')SURFACE()) ;
#41=(LENGTH_UNIT()NAMED_UNIT(*)SI_UNIT(.MILLI.,.METRE.)) ;
#42=(NAMED_UNIT(*)PLANE_ANGLE_UNIT()SI_UNIT($,.RADIAN.)) ;
#44=(NAMED_UNIT(*)SI_UNIT($,.STERADIAN.)SOLID_ANGLE_UNIT()) ;
#46=(GEOMETRIC_REPRESENTATION_CONTEXT(3)GLOBAL_UNCERTAINTY_ASSIGNED_CONTEXT((#45))GLOBAL_UNIT_ASSIGNED_CONTEXT((#41,#42,#44))REPRESENTATION_CONTEXT(' ',' ')) ;
ENDSEC;
END-ISO-10303-21;
